Hs-CSNK2A2,2000,1000,T052653-CSNK2A2,"p16@CSNK2A2"
rank,ID,Fabs,Frel,association_with_transcript,entrezgene_id,hgnc_id,uniprot_id,gene_name,description,type
1,T047476,2006,1.0000,p10@NTRK3,e:4916,h:8033,,NTRK3,"neurotrophic receptor tyrosine kinase 3","gene with protein product"
2,T053414,2002,0.9990,p7@COG8,e:84342,h:18623,,COG8,"component of oligomeric golgi complex 8","gene with protein product"
3,T079482,2008,0.9985,p4@ELANE,e:1991,h:3309,P08246,ELANE,"elastase, neutrophil expressed","gene with protein product"
4,T072147,2005,0.9980,p4@SF3A2,e:8175,h:10766,"Q15428,Q05DF2",SF3A2,"splicing factor 3a subunit 2","gene with protein product"
5,T033819,2004,0.9975,p4@CCDC70,e:83446,h:25303,Q6NSX1,CCDC70,"coiled-coil domain containing 70","gene with protein product"
6,T138846,1998,0.9960,p5@COL25A1,e:84570,h:18603,"A8MWQ5,E9PNV9",COL25A1,"collagen type XXV alpha 1 chain","gene with protein product"
7,T177968,1994,0.9955,p3@C7orf62,e:219557,h:22402,Q8TBZ9,C7orf62,"chromosome 7 open reading frame 62","gene with protein product"
8,T176127,1998,0.9945,p2@ZPBP,e:11055,h:15662,"Q9BS86,C9JPU1",ZPBP,"zona pellucida binding protein","gene with protein product"
9,T149215,1999,0.9921,p2@PKD2L2,e:27039,h:9012,,PKD2L2,"polycystin 2 like 2, transient receptor potential cation channel","gene with protein product"
10,T016235,1993,0.9920,p11@PRKCDBP,e:112464,h:9400,,PRKCDBP,"protein kinase C delta binding protein","gene with protein product"
11,T106121,1985,0.9900,p9@PCBP3,e:54039,h:8651,,PCBP3,"poly(rC) binding protein 3","gene with protein product"
12,T144467,1983,0.9880,p9@KIAA1211,e:57482,h:29219,F5H2I6,KIAA1211,KIAA1211,"gene with protein product"
13,T069306,1983,0.9875,p2@RAB31,e:11031,h:9771,Q13636,RAB31,"RAB31, member RAS oncogene family","gene with protein product"
14,T027824,1979,0.9851,p8@DPY19L2,e:283417,h:19414,,DPY19L2,"dpy-19 like 2","gene with protein product"
15,T170591,1984,0.9846,p3@PRRT4,e:401399,h:37280,"C9JH25,C9JWH6",PRRT4,"proline rich transmembrane protein 4","gene with protein product"
16,T097513,1979,0.9846,p21@ENO1,e:2023,h:3350,,ENO1,"enolase 1","gene with protein product"
17,T031916,1981,0.9831,p8@LATS2,e:26524,h:6515,,LATS2,"large tumor suppressor kinase 2","gene with protein product"
18,T124915,1967,0.9806,p8@ANKRD53,e:79998,h:25691,,ANKRD53,"ankyrin repeat domain 53","gene with protein product"
19,T163612,1968,0.9796,p3@DHX16,e:8449,h:2739,O60231,DHX16,"DEAH-box helicase 16","gene with protein product"
20,T170590,1967,0.9791,p1@PRRT4,e:401399,h:37280,"C9JH25,C9JWH6",PRRT4,"proline rich transmembrane protein 4","gene with protein product"
21,T193139,1967,0.9776,p15@RNF38,e:152006,h:18052,Q9H0F5,RNF38,"ring finger protein 38","gene with protein product"
22,T187744,1956,0.9736,p3@TRIM14,e:9830,h:16283,F2Z2M2,TRIM14,"tripartite motif containing 14","gene with protein product"
23,T022915,1953,0.9736,p4@SLC15A4,e:121260,h:23090,B6ZDF2,SLC15A4,"solute carrier family 15 member 4","gene with protein product"
24,T057739,1950,0.9735,p4@ITGAE,e:3682,h:6147,P38570,ITGAE,"integrin subunit alpha E","gene with protein product"
25,T073602,1958,0.9732,p7@ZNF345,e:25850,h:16367,"F8W8R5,Q14585",ZNF345,"zinc finger protein 345","gene with protein product"
26,T186256,1952,0.9731,p21@TRAM1,e:23471,h:20568,"Q15629,Q6FHL3",TRAM1,"translocation associated membrane protein 1","gene with protein product"
27,T001373,1954,0.9712,p5@FAM160B1,e:57700,h:29320,Q5W0V3,FAM160B1,"family with sequence similarity 160 member B1","gene with protein product"
28,T201628,1948,0.9701,p1@SHROOM2P1,,h:631,,SHROOM2P1,"shroom family member 2 pseudogene 1",pseudogene
29,T052566,1942,0.9686,p1@CCDC135,e:84229,h:25289,Q8IY82,DRC7,"dynein regulatory complex subunit 7","gene with protein product"
30,T108649,1948,0.9677,p3@NOL12,e:79159,h:28585,,NOL12,"nucleolar protein 12","gene with protein product"
31,T096375,1932,0.9612,p9@TCTEX1D1,e:200132,h:26882,Q8N7M0,TCTEX1D1,"Tctex1 domain containing 1","gene with protein product"
32,T170589,1929,0.9607,p5@PRRT4,e:401399,h:37280,"C9JH25,C9JWH6",PRRT4,"proline rich transmembrane protein 4","gene with protein product"
33,T168168,1927,0.9592,p11@NT5E,e:4907,h:8021,"E9PGM0,B3KQI8,P21589,Q6NZX3,Q96B60",NT5E,"5'-nucleotidase ecto","gene with protein product"
34,T190468,1923,0.9567,p5@ABL1,e:25,h:76,P00519,ABL1,"ABL proto-oncogene 1, non-receptor tyrosine kinase","gene with protein product"
35,T107778,1913,0.9536,p15@TUG1,e:55000,h:26066,,TUG1,"taurine up-regulated 1 (non-protein coding)","RNA, long non-coding"
36,T145553,1911,0.9517,p15@MTHFD2L,e:441024,h:31865,Q8IY64,MTHFD2L,"methylenetetrahydrofolate dehydrogenase (NADP+ dependent) 2-like","gene with protein product"
37,T187046,1907,0.9516,p8@OSGIN2,e:734,h:1355,Q9Y236,OSGIN2,"oxidative stress induced growth inhibitor family member 2","gene with protein product"
38,T179150,1910,0.9507,p7@PABPC1,e:26986,h:8554,"P11940,E5RGC4,E5RJB9,E5RHG7",PABPC1,"poly(A) binding protein cytoplasmic 1","gene with protein product"
39,T058992,1904,0.9482,p2@ARL4D,e:379,h:656,P49703,ARL4D,"ADP ribosylation factor like GTPase 4D","gene with protein product"
40,T182216,1903,0.9477,p13@TSTA3,e:7264,h:12390,E9PP14,TSTA3,"tissue specific transplantation antigen P35B","gene with protein product"
41,T061661,1885,0.9392,p14@ACE,e:1636,h:2707,F6X3S4,ACE,"angiotensin I converting enzyme","gene with protein product"
42,T118268,1880,0.9353,p3@BARD1,e:580,h:952,"Q99728,A0AVN2",BARD1,"BRCA1 associated RING domain 1","gene with protein product"
43,T121684,1874,0.9333,p4@EIF2B4,e:8890,h:3260,Q9UI10,EIF2B4,"eukaryotic translation initiation factor 2B subunit delta","gene with protein product"
44,T093685,1877,0.9324,p14@PHC2,e:1912,h:3183,A8KA40,PHC2,"polyhomeotic homolog 2","gene with protein product"
45,T094709,1868,0.9294,p4@CCDC24,e:149473,h:28688,Q8N4L8,CCDC24,"coiled-coil domain containing 24","gene with protein product"
46,T092607,1864,0.9287,p8@FAM54B,e:56181,h:28836,Q9H019,MTFR1L,"mitochondrial fission regulator 1 like","gene with protein product"
47,T096372,1866,0.9270,p6@TCTEX1D1,e:200132,h:26882,Q8N7M0,TCTEX1D1,"Tctex1 domain containing 1","gene with protein product"
48,T135605,1858,0.9267,p7@LAMB2,e:3913,h:6487,P55268,LAMB2,"laminin subunit beta 2","gene with protein product"
49,T066936,1853,0.9233,p4@TPGS2,e:25941,h:24561,Q68CL5,TPGS2,"tubulin polyglutamylase complex subunit 2","gene with protein product"
50,T143354,1857,0.9220,p5@MFSD10,e:10227,h:16894,D6RHV1,MFSD10,"major facilitator superfamily domain containing 10","gene with protein product"
51,T046307,1853,0.9210,p1@TBC1D21,e:161514,h:28536,Q8IYX1,TBC1D21,"TBC1 domain family member 21","gene with protein product"
52,T194084,1845,0.9197,p2@C9orf41,e:138199,h:23435,"Q5T8U9,Q8N4J0",CARNMT1,"carnosine N-methyltransferase 1","gene with protein product"
53,T032768,1845,0.9188,p9@CCNA1,e:8900,h:1577,,CCNA1,"cyclin A1","gene with protein product"
54,T155723,1846,0.9170,p8@COL4A3BP,e:10087,h:2205,Q9Y5P4,COL4A3BP,"collagen type IV alpha 3 binding protein","gene with protein product"
55,T017047,1839,0.9163,p5@OVOL1,e:5017,h:8525,Q86XL8,OVOL1,"ovo like transcriptional repressor 1","gene with protein product"
56,T016904,1829,0.9127,p10@MALAT1,e:378938,h:29665,,MALAT1,"metastasis associated lung adenocarcinoma transcript 1 (non-protein coding)","RNA, long non-coding"
57,T125202,1834,0.9115,p6@SLC4A5,e:57835,h:18168,"Q9BY07,E7ETM3,C9JW32,E7EWF7",SLC4A5,"solute carrier family 4 member 5","gene with protein product"
58,T060190,1833,0.9110,p10@FAM117A,e:81558,h:24179,,FAM117A,"family with sequence similarity 117 member A","gene with protein product"
59,T012245,1816,0.9053,p9@NUCB2,e:4925,h:8044,,NUCB2,"nucleobindin 2","gene with protein product"
60,T031774,1813,0.9033,p9@UPF3A,e:65110,h:20332,B4DXJ4,UPF3A,"UPF3 regulator of nonsense transcripts homolog A (yeast)","gene with protein product"
61,T110359,1806,0.9016,p4@RNF149,e:284996,h:23137,Q8NC42,RNF149,"ring finger protein 149","gene with protein product"
62,T121361,1803,0.8988,p2@DNAJC27,e:51277,h:30290,,DNAJC27,"DnaJ heat shock protein family (Hsp40) member C27","gene with protein product"
63,T171751,1802,0.8988,p3@BRAF,e:673,h:1097,P15056,BRAF,"B-Raf proto-oncogene, serine/threonine kinase","gene with protein product"
64,T022675,1799,0.8973,p13@UBC,e:7316,h:12468,,UBC,"ubiquitin C","gene with protein product"
65,T194085,1800,0.8969,p3@C9orf41,e:138199,h:23435,Q5T8U9,CARNMT1,"carnosine N-methyltransferase 1","gene with protein product"
66,T096736,1790,0.8914,p11@CAMTA1,e:23261,h:18806,E9PFL2,CAMTA1,"calmodulin binding transcription activator 1","gene with protein product"
67,T079388,1793,0.8912,p5@MIR3187,e:79948,h:38319,Q6T4P5,MIR3187,"microRNA 3187","RNA, micro"
68,T079391,1779,0.8868,p7@MIR3187,e:79948,h:38319,Q6T4P5,MIR3187,"microRNA 3187","RNA, micro"
69,T158324,1771,0.8833,p5@CEP85L,e:387119,h:21638,"G3V0H3,Q3ZCQ5,Q5SZL2",CEP85L,"centrosomal protein 85 like","gene with protein product"
70,T135581,1770,0.8810,p16@QRICH1,e:54870,h:24713,,QRICH1,"glutamine rich 1","gene with protein product"
71,T182533,1768,0.8792,p2@ZNF251,e:90987,h:13045,Q9BRH9,ZNF251,"zinc finger protein 251","gene with protein product"
72,T019667,1756,0.8741,p2@FUT4,e:2526,h:4015,P22083,FUT4,"fucosyltransferase 4","gene with protein product"
73,T001571,1752,0.8734,p3@PDZD8,e:118987,h:26974,Q8NEN9,PDZD8,"PDZ domain containing 8","gene with protein product"
74,T017766,1750,0.8706,p2@MTL5,e:9633,h:7446,,TESMIN,"testis expressed metallothionein like protein","gene with protein product"
75,T013390,1746,0.8691,p2@NAP1L4,e:4676,h:7640,C9J6D1,NAP1L4,"nucleosome assembly protein 1 like 4","gene with protein product"
76,T119566,1742,0.8688,p7@CUL3,e:8452,h:2553,Q13618,CUL3,"cullin 3","gene with protein product"
77,T079476,1740,0.8687,p3@ELANE,e:1991,h:3309,P08246,ELANE,"elastase, neutrophil expressed","gene with protein product"
78,T088655,1748,0.8684,p6@EIF2D,e:1939,h:6583,P41214,EIF2D,"eukaryotic translation initiation factor 2D","gene with protein product"
79,T027187,1743,0.8676,p13@BAZ2A,e:11176,h:962,,BAZ2A,"bromodomain adjacent to zinc finger domain 2A","gene with protein product"
80,T116981,1743,0.8676,p6@BOLL,e:66037,h:14273,Q8N9W6,BOLL,"boule homolog, RNA binding protein","gene with protein product"
81,T186255,1717,0.8555,p2@TRAM1,e:23471,h:20568,E5RFP8,TRAM1,"translocation associated membrane protein 1","gene with protein product"
82,T073469,1714,0.8544,p2@WDR62,e:284403,h:24502,O43379,WDR62,"WD repeat domain 62","gene with protein product"
83,T120789,1717,0.8534,p4@PER2,e:8864,h:8846,O15055,PER2,"period circadian clock 2","gene with protein product"
84,T187743,1705,0.8500,p2@TRIM14,e:9830,h:16283,F2Z2M2,TRIM14,"tripartite motif containing 14","gene with protein product"
85,T004848,1700,0.8479,p6@C10orf25,e:220979,h:23509,Q5T742,C10orf25,"chromosome 10 open reading frame 25",unknown
86,T059571,1698,0.8431,p3@SPNS2,e:124976,h:26992,Q8IVW8,SPNS2,"sphingolipid transporter 2","gene with protein product"
87,T179320,1691,0.8430,p11@UBR5,e:51366,h:16806,,UBR5,"ubiquitin protein ligase E3 component n-recognin 5","gene with protein product"
88,T024318,1690,0.8416,p16@CACNA1C,e:775,h:1390,,CACNA1C,"calcium voltage-gated channel subunit alpha1 C","gene with protein product"
89,T056832,1686,0.8380,p5@GIT1,e:28964,h:4272,Q9Y2X7,GIT1,"GIT ArfGAP 1","gene with protein product"
90,T000092,1682,0.8364,p5@ERLIN1,e:10613,h:16947,"D3DR65,O75477",ERLIN1,"ER lipid raft associated 1","gene with protein product"
91,T105743,1681,0.8359,p28@PDXK,e:8566,h:8819,,PDXK,"pyridoxal kinase","gene with protein product"
92,T114378,1667,0.8327,p3@SCN9A,e:6335,h:10597,"E9PBA5,E9PF08,Q15858",SCN9A,"sodium voltage-gated channel alpha subunit 9","gene with protein product"
93,T106118,1654,0.8249,p7@PCBP3,e:54039,h:8651,P57721,PCBP3,"poly(rC) binding protein 3","gene with protein product"
94,T021990,1642,0.8173,p1@MLEC,e:9761,h:28973,Q14165,MLEC,malectin,"gene with protein product"
95,T174037,1626,0.8090,p7@CCDC126,e:90693,h:22398,,CCDC126,"coiled-coil domain containing 126","gene with protein product"
96,T092198,1623,0.8087,p5@AHCTF1,e:25909,h:24618,Q8WYP5,AHCTF1,"AT-hook containing transcription factor 1","gene with protein product"
97,T070688,1623,0.8075,p6@PKN1,e:5585,h:9405,Q16512,PKN1,"protein kinase N1","gene with protein product"
98,T143054,1620,0.8072,p8@ZFYVE28,e:57732,h:29334,E9PG77,ZFYVE28,"zinc finger FYVE-type containing 28","gene with protein product"
99,T119567,1616,0.8040,p21@CUL3,e:8452,h:2553,Q13618,CUL3,"cullin 3","gene with protein product"
100,T102267,1606,0.7982,p3@NFATC2,e:4773,h:7776,F8W8G4,NFATC2,"nuclear factor of activated T-cells 2","gene with protein product"
101,T057738,1601,0.7977,p2@ITGAE,e:3682,h:6147,P38570,ITGAE,"integrin subunit alpha E","gene with protein product"
102,T020675,1605,0.7973,p8@CSDA,e:8531,h:2428,,YBX3,"Y-box binding protein 3","gene with protein product"
103,T143567,1600,0.7972,p3@TBC1D1,e:23216,h:11578,C9JIE2,TBC1D1,"TBC1 domain family member 1","gene with protein product"
104,T022677,1602,0.7962,p4@UBC,e:7316,h:12468,F5H265,UBC,"ubiquitin C","gene with protein product"
105,T046707,1598,0.7950,p6@PSTPIP1,e:9051,h:9580,,PSTPIP1,"proline-serine-threonine phosphatase interacting protein 1","gene with protein product"
106,T182907,1595,0.7947,p9@KBTBD11,e:9920,h:29104,,KBTBD11,"kelch repeat and BTB domain containing 11","gene with protein product"
107,T187745,1587,0.7911,p5@TRIM14,e:9830,h:16283,F2Z2M2,TRIM14,"tripartite motif containing 14","gene with protein product"
108,T106294,1589,0.7905,p18@MCM3AP,e:8888,h:6946,B7Z8Z8,MCM3AP,"minichromosome maintenance complex component 3 associated protein","gene with protein product"
109,T168352,1571,0.7824,p2@UBE2J1,e:51465,h:17598,Q9Y385,UBE2J1,"ubiquitin conjugating enzyme E2 J1","gene with protein product"
110,T143355,1570,0.7807,p6@MFSD10,e:10227,h:16894,D6RHV1,MFSD10,"major facilitator superfamily domain containing 10","gene with protein product"
111,T179322,1567,0.7792,p9@UBR5,e:51366,h:16806,,UBR5,"ubiquitin protein ligase E3 component n-recognin 5","gene with protein product"
112,T107777,1566,0.7791,p2@TUG1,e:55000,h:26066,,TUG1,"taurine up-regulated 1 (non-protein coding)","RNA, long non-coding"
113,T197625,1541,0.7686,p5@FGF13,e:2258,h:3670,,FGF13,"fibroblast growth factor 13","gene with protein product"
114,T096374,1521,0.7594,p4@TCTEX1D1,e:200132,h:26882,Q8N7M0,TCTEX1D1,"Tctex1 domain containing 1","gene with protein product"
115,T114480,1522,0.7587,p3@STK39,e:27347,h:17717,Q9UEW8,STK39,"serine/threonine kinase 39","gene with protein product"
116,T028018,1521,0.7582,p2@MSRB3,e:253827,h:27375,Q8IXL7,MSRB3,"methionine sulfoxide reductase B3","gene with protein product"
117,T037820,1511,0.7525,p3@BAZ1A,e:11177,h:960,"Q9NRL2,F5H239",BAZ1A,"bromodomain adjacent to zinc finger domain 1A","gene with protein product"
118,T079118,1502,0.7462,p6@PRSS57,e:400668,h:31397,Q6UWY2,PRSS57,"protease, serine 57","gene with protein product"
119,T143568,1498,0.7460,p4@TBC1D1,e:23216,h:11578,C9JIE2,TBC1D1,"TBC1 domain family member 1","gene with protein product"
120,T079389,1473,0.7358,p10@MIR3187,e:79948,h:38319,Q6T4P5,MIR3187,"microRNA 3187","RNA, micro"
121,T126430,1466,0.7301,p1@KANSL3,e:55683,h:25473,"E7EU88,C9J5A4,C9J491",KANSL3,"KAT8 regulatory NSL complex subunit 3","gene with protein product"
122,T018253,1449,0.7227,p4@P2RY2,e:5029,h:8541,P41231,P2RY2,"purinergic receptor P2Y2","gene with protein product"
123,T012254,1447,0.7210,p27@NUCB2,e:4925,h:8044,E9PLR0,NUCB2,"nucleobindin 2","gene with protein product"
124,T018252,1446,0.7194,p3@P2RY2,e:5029,h:8541,P41231,P2RY2,"purinergic receptor P2Y2","gene with protein product"
125,T019669,1445,0.7189,p4@FUT4,e:2526,h:4015,P22083,FUT4,"fucosyltransferase 4","gene with protein product"
126,T100020,1446,0.7187,p3@NCOA6,e:23054,h:15936,Q14686,NCOA6,"nuclear receptor coactivator 6","gene with protein product"
127,T079117,1441,0.7173,p4@PRSS57,e:400668,h:31397,Q6UWY2,PRSS57,"protease, serine 57","gene with protein product"
128,T149413,1430,0.7125,p7@DNAJC18,e:202052,h:28429,,DNAJC18,"DnaJ heat shock protein family (Hsp40) member C18","gene with protein product"
129,T143353,1430,0.7114,p18@MFSD10,e:10227,h:16894,D6RHV1,MFSD10,"major facilitator superfamily domain containing 10","gene with protein product"
130,T128970,1415,0.7054,p10@PLXND1,e:23129,h:9107,,PLXND1,"plexin D1","gene with protein product"
131,T079385,1413,0.7033,p9@MIR3187,e:79948,h:38319,,MIR3187,"microRNA 3187","RNA, micro"
132,T027826,1400,0.6965,p1@DPY19L2,e:283417,h:19414,F5H1L7,DPY19L2,"dpy-19 like 2","gene with protein product"
133,T193263,1383,0.6894,p4@EXOSC3,e:51010,h:17944,,EXOSC3,"exosome component 3","gene with protein product"
134,T080959,1363,0.6788,p6@SLC22A15,e:55356,h:20301,,SLC22A15,"solute carrier family 22 member 15","gene with protein product"
135,T010785,1359,0.6765,p13@MICAL2,e:9645,h:24693,"E9PJB0,F5H8E8",MICAL2,"microtubule associated monooxygenase, calponin and LIM domain containing 2","gene with protein product"
136,T000121,1316,0.6564,p15@SCD,e:6319,h:10571,O00767,SCD,"stearoyl-CoA desaturase","gene with protein product"
137,T016548,1307,0.6519,p2@RASGRP2,e:10235,h:9879,E7EWQ7,RASGRP2,"RAS guanyl releasing protein 2","gene with protein product"
138,T160532,1281,0.6395,p2@KATNA1,e:11104,h:6216,B7ZBC8,KATNA1,"katanin catalytic subunit A1","gene with protein product"
139,T167552,1263,0.6287,p1@KCNQ5,e:56479,h:6299,,KCNQ5,"potassium voltage-gated channel subfamily Q member 5","gene with protein product"
140,T135286,1259,0.6282,p4@KIF9,e:64147,h:16666,B4DZK5,KIF9,"kinesin family member 9","gene with protein product"
141,T063601,1259,0.6273,p7@JMJD6,e:23210,h:19355,,JMJD6,"arginine demethylase and lysine hydroxylase","gene with protein product"
142,T015220,1260,0.6262,p4@ZFP91-CNTF,,h:33441,,ZFP91-CNTF,"ZFP91-CNTF readthrough (NMD candidate)",readthrough
143,T017179,1252,0.6223,p12@CST6,e:1474,h:2478,,CST6,"cystatin E/M","gene with protein product"
144,T001568,1248,0.6221,p7@PDZD8,e:118987,h:26974,,PDZD8,"PDZ domain containing 8","gene with protein product"
145,T094970,1232,0.6120,p1@C1orf190,e:541468,h:32327,Q96LR2,LURAP1,"leucine rich adaptor protein 1","gene with protein product"
146,T165166,1226,0.6103,p1@SLC26A8,e:116369,h:14468,Q96RN1,SLC26A8,"solute carrier family 26 member 8","gene with protein product"
147,T152870,1223,0.6097,p1@COL23A1,e:91522,h:22990,Q86Y22,COL23A1,"collagen type XXIII alpha 1 chain","gene with protein product"
148,T011761,1224,0.6096,p2@ZBTB44,e:29068,h:25001,Q8NCP5,ZBTB44,"zinc finger and BTB domain containing 44","gene with protein product"
149,T015835,1221,0.6072,p1@ASRGL1,e:80150,h:16448,"Q7L266,E9PJK6,B4DLU4",ASRGL1,"asparaginase like 1","gene with protein product"
150,T058355,1208,0.6016,p1@KRTAP4-5,e:85289,h:18899,Q9BYR2,KRTAP4-5,"keratin associated protein 4-5","gene with protein product"
151,T026256,1207,0.6011,p5@KRT72,e:140807,h:28932,"Q14CN4,B4DEI8",KRT72,"keratin 72","gene with protein product"
152,T131542,1205,0.6010,p6@GPR160,e:26996,h:23693,C9J0J1,GPR160,"G protein-coupled receptor 160","gene with protein product"
153,T134101,1195,0.5963,p12@STT3B,e:201595,h:30611,,STT3B,"STT3B, catalytic subunit of the oligosaccharyltransferase complex","gene with protein product"
154,T045041,1193,0.5941,p23@SLTM,e:79811,h:20709,Q9NWH9,SLTM,"SAFB like transcription modulator","gene with protein product"
155,T086099,1184,0.5902,p3@RALGPS2,e:55103,h:30279,Q86X27,RALGPS2,"Ral GEF with PH domain and SH3 binding motif 2","gene with protein product"
156,T052656,1179,0.5869,p2@CSNK2A2,e:1459,h:2459,P19784,CSNK2A2,"casein kinase 2 alpha 2","gene with protein product"
157,T077210,1175,0.5843,p9@KLK2,e:3817,h:6363,,KLK2,"kallikrein related peptidase 2","gene with protein product"
158,T001772,1164,0.5811,p3@SEC23IP,e:11196,h:17018,Q9Y6Y8,SEC23IP,"SEC23 interacting protein","gene with protein product"
159,T058361,1141,0.5674,p1@KRTAP9-8,e:83901,h:17231,Q9BYQ0,KRTAP9-8,"keratin associated protein 9-8","gene with protein product"
160,T135214,1135,0.5661,"p2@PRSS46,p4@PRSS50","e:100287362,e:29122","h:17910,h:37325","B3KUP4,E5RG02,E5RFQ5",PRSS50,"protease, serine 50","gene with protein product"
161,T003621,1119,0.5567,p16@KIAA1217,e:56243,h:25428,Q5T5P2,KIAA1217,KIAA1217,"gene with protein product"
162,T086546,1111,0.5538,p10@SMG7,e:9887,h:16792,E9PEK3,SMG7,"SMG7, nonsense mediated mRNA decay factor","gene with protein product"
163,T146341,1108,0.5518,p14@SEC31A,e:22872,h:17052,D6RE64,SEC31A,"SEC31 homolog A, COPII coat complex component","gene with protein product"
164,T178193,1106,0.5505,p8@CDK6,e:1021,h:1777,Q00534,CDK6,"cyclin dependent kinase 6","gene with protein product"
165,T127609,1101,0.5497,p3@ZDHHC23,e:254887,h:28654,B3KXV3,ZDHHC23,"zinc finger DHHC-type containing 23","gene with protein product"
166,T173934,1085,0.5409,p3@KLHL7,e:55975,h:15646,"F5H7Q0,F5H2Q9,A8K364,Q8IXQ5",KLHL7,"kelch like family member 7","gene with protein product"
167,T143367,1082,0.5399,p2@NOP14,e:8602,h:16821,P78316,NOP14,"NOP14 nucleolar protein","gene with protein product"
168,T095034,1082,0.5399,p4@KIAA0494,e:9813,h:29051,O75071,EFCAB14,"EF-hand calcium binding domain 14","gene with protein product"
169,T093731,1072,0.5341,p2@MEGF6,e:1953,h:3232,O75095,MEGF6,"multiple EGF like domains 6","gene with protein product"
170,T150459,1069,0.5332,p1@PCYOX1L,e:78991,h:28477,"Q8NBM8,D6R9J0",PCYOX1L,"prenylcysteine oxidase 1 like","gene with protein product"
171,T058267,1070,0.5323,p1@KRT25,e:147183,h:30839,"Q7Z3Z0,E7ENV4,Q6ZPD6",KRT25,"keratin 25","gene with protein product"
172,T027633,1064,0.5307,p1@XRCC6BP1,e:91419,h:29452,,ATP23,"ATP23 metallopeptidase and ATP synthase assembly factor homolog","gene with protein product"
173,T182194,1065,0.5306,p5@C8orf73,e:642475,h:27814,A6NGR9,MROH6,"maestro heat like repeat family member 6","gene with protein product"
174,T058268,1057,0.5267,p1@KRT27,e:342574,h:30841,Q7Z3Y8,KRT27,"keratin 27","gene with protein product"
175,T021103,1048,0.5217,p2@ATXN2,e:6311,h:10555,,ATXN2,"ataxin 2","gene with protein product"
176,T115096,1050,0.5216,p6@HOXD8,e:3234,h:5139,F8VSA3,HOXD8,"homeobox D8","gene with protein product"
177,T026249,1042,0.5194,p1@KRT71,e:112802,h:28927,Q3SY84,KRT71,"keratin 71","gene with protein product"
178,T182848,1017,0.5057,p24@PSD3,e:23362,h:19093,E5RIH3,PSD3,"pleckstrin and Sec7 domain containing 3","gene with protein product"
179,T025563,1015,0.5052,p9@MLL2,e:8085,h:7133,F8VWW4,KMT2D,"lysine methyltransferase 2D","gene with protein product"
180,T079400,1016,0.5052,p1@AZU1,e:566,h:913,P20160,AZU1,"azurocidin 1","gene with protein product"
181,T086384,1016,0.5052,p16@GLUL,e:2752,h:4341,"P15104,A8YXX4",GLUL,"glutamate-ammonia ligase","gene with protein product"
182,T026250,1012,0.5035,p1@KRT74,e:121391,h:28929,Q7RTS7,KRT74,"keratin 74","gene with protein product"
183,T136997,976,0.4856,p39@MAGI1,e:9223,h:946,,MAGI1,"membrane associated guanylate kinase, WW and PDZ domain containing 1","gene with protein product"
184,T186082,972,0.4838,p3@ARFGEF1,e:10565,h:15772,"Q9Y6D6,E5RJN9",ARFGEF1,"ADP ribosylation factor guanine nucleotide exchange factor 1","gene with protein product"
185,T078083,970,0.4835,p2@PPP1R12C,e:54776,h:14947,"Q9BZL4,B5MEC7",PPP1R12C,"protein phosphatase 1 regulatory subunit 12C","gene with protein product"
186,T018254,972,0.4829,p2@P2RY2,e:5029,h:8541,P41231,P2RY2,"purinergic receptor P2Y2","gene with protein product"
187,T030665,956,0.4744,p19@CDK17,e:5128,h:8750,F5H6Z0,CDK17,"cyclin dependent kinase 17","gene with protein product"
188,T076458,948,0.4726,p5@MAMSTR,e:284358,h:26689,Q6ZN01,MAMSTR,"MEF2 activating motif and SAP domain containing transcriptional regulator","gene with protein product"
189,T079390,943,0.4701,p6@MIR3187,e:79948,h:38319,Q6T4P5,MIR3187,"microRNA 3187","RNA, micro"
190,T141351,943,0.4699,p4@TAPT1,e:202018,h:26887,Q6NXT6,TAPT1,"transmembrane anterior posterior transformation 1","gene with protein product"
191,T053249,943,0.4696,p2@NFATC3,e:4775,h:7777,"B5B2S0,Q12968,B5B2S1",NFATC3,"nuclear factor of activated T-cells 3","gene with protein product"
192,T026139,937,0.4676,p11@KRT81,e:3887,h:6458,Q14533,KRT81,"keratin 81","gene with protein product"
193,T040062,936,0.4668,p10@SRSF5,e:6430,h:10787,,SRSF5,"serine and arginine rich splicing factor 5","gene with protein product"
194,T030480,938,0.4664,p2@CCDC41,e:51134,h:17966,"Q9Y592,F8VYN8",CEP83,"centrosomal protein 83","gene with protein product"
195,T118998,931,0.4630,p5@TTLL4,e:9654,h:28976,"E9PH58,Q14679",TTLL4,"tubulin tyrosine ligase like 4","gene with protein product"
196,T141771,926,0.4605,p3@SLBP,e:7884,h:10904,"Q14493,Q53XR2",SLBP,"stem-loop binding protein","gene with protein product"
197,T139558,926,0.4602,p2@ANKRD50,e:57182,h:29223,"E9PDW0,B4DHJ6,Q8TB46,Q9ULJ7",ANKRD50,"ankyrin repeat domain 50","gene with protein product"
198,T132602,923,0.4599,p3@DGKG,e:1608,h:2853,P49619,DGKG,"diacylglycerol kinase gamma","gene with protein product"
199,T043790,890,0.4439,p1@CATSPER2P1,e:440278,h:31054,,CATSPER2P1,"cation channel sperm associated 2 pseudogene 1",pseudogene
200,T120949,875,0.4358,p2@ANKMY1,e:51281,h:20987,"C9JGS7,Q5CZB7",ANKMY1,"ankyrin repeat and MYND domain containing 1","gene with protein product"
201,T087886,859,0.4278,p3@PTPN7,e:5778,h:9659,"P35236,C9JBA9,B4DZD9,Q5SXQ0",PTPN7,"protein tyrosine phosphatase, non-receptor type 7","gene with protein product"
202,T050927,844,0.4207,p7@ZNF689,e:115509,h:25173,Q96CS4,ZNF689,"zinc finger protein 689","gene with protein product"
203,T058387,829,0.4131,p1@KRT35,e:3886,h:6453,"C4AM86,Q92764",KRT35,"keratin 35","gene with protein product"
204,T145289,829,0.4126,p10@ANKRD17,e:26057,h:23575,,ANKRD17,"ankyrin repeat domain 17","gene with protein product"
205,T017035,818,0.4070,p2@RNASEH2C,e:84153,h:24116,,RNASEH2C,"ribonuclease H2 subunit C","gene with protein product"
206,T034095,816,0.4064,p5@DACH1,e:1602,h:2663,,DACH1,"dachshund family transcription factor 1","gene with protein product"
207,T178194,808,0.4032,p12@CDK6,e:1021,h:1777,Q00534,CDK6,"cyclin dependent kinase 6","gene with protein product"
208,T151539,792,0.3950,p3@FABP6,e:2172,h:3561,,FABP6,"fatty acid binding protein 6","gene with protein product"
209,T116059,789,0.3935,p14@ITGA4,e:3676,h:6140,,ITGA4,"integrin subunit alpha 4","gene with protein product"
210,T079116,785,0.3907,p5@PRSS57,e:400668,h:31397,Q6UWY2,PRSS57,"protease, serine 57","gene with protein product"
211,T045584,780,0.3888,p1@CILP,e:8483,h:1980,O75339,CILP,"cartilage intermediate layer protein","gene with protein product"
212,T017491,774,0.3857,p2@ADRBK1,e:156,h:289,E9PRV7,GRK2,"G protein-coupled receptor kinase 2","gene with protein product"
213,T079114,769,0.3828,p2@PRSS57,e:400668,h:31397,Q6UWY2,PRSS57,"protease, serine 57","gene with protein product"
214,T058344,766,0.3820,p1@KRTAP1-1,e:81851,h:16772,"Q07627,Q8IUG1",KRTAP1-1,"keratin associated protein 1-1","gene with protein product"
215,T167551,768,0.3819,p3@KCNQ5,e:56479,h:6299,,KCNQ5,"potassium voltage-gated channel subfamily Q member 5","gene with protein product"
216,T104490,766,0.3809,p1@KRTAP24-1,e:643803,h:33902,Q3LI83,KRTAP24-1,"keratin associated protein 24-1","gene with protein product"
217,T127187,756,0.3771,p1@IFT57,e:55081,h:17367,F8WBM2,IFT57,"intraflagellar transport 57","gene with protein product"
218,T145386,756,0.3765,p1@PSAPL1,e:768239,h:33131,Q6NUJ1,PSAPL1,"prosaposin-like 1 (gene/pseudogene)","gene with protein product"
219,T103720,752,0.3749,p1@ANGPT4,e:51378,h:487,B4E3J9,ANGPT4,"angiopoietin 4","gene with protein product"
220,T051676,749,0.3730,p9@MGRN1,e:23295,h:20254,,MGRN1,"mahogunin ring finger 1","gene with protein product"
221,T041274,750,0.3729,"p18@CALM2,p23@CALM3,p29@CALM1","e:801,e:805,e:808","h:1442,h:1445,h:1449",Q96HY3,CALM1,"calmodulin 1","gene with protein product"
222,T186727,742,0.3699,p1@FABP9,e:646480,h:3563,Q0Z7S8,FABP9,"fatty acid binding protein 9","gene with protein product"
223,T080776,743,0.3693,p2@RSBN1,e:54665,h:25642,,RSBN1,"round spermatid basic protein 1","gene with protein product"
224,T027634,741,0.3690,p4@XRCC6BP1,e:91419,h:29452,Q9Y6H3,ATP23,"ATP23 metallopeptidase and ATP synthase assembly factor homolog","gene with protein product"
225,T088421,737,0.3676,p2@DSTYK,e:25778,h:29043,Q6XUX3,DSTYK,"dual serine/threonine and tyrosine protein kinase","gene with protein product"
226,T146747,737,0.3676,p4@PKD2,e:5311,h:9009,,PKD2,"polycystin 2, transient receptor potential cation channel","gene with protein product"
227,T188544,733,0.3636,"p1@DNAJC25-GNG10,p1@DNAJC25","e:548645,e:552891","h:34187,h:37501",Q9H1X3,DNAJC25,"DnaJ heat shock protein family (Hsp40) member C25","gene with protein product"
228,T035625,725,0.3611,p2@BAG5,e:9529,h:941,Q9UL15,BAG5,"BCL2 associated athanogene 5","gene with protein product"
229,T072196,719,0.3586,p2@ZNF492,e:57615,h:23707,Q9P255,ZNF492,"zinc finger protein 492","gene with protein product"
230,T147373,714,0.3561,p5@ANKRD33B,e:651746,h:35240,A6NCL7,ANKRD33B,"ankyrin repeat domain 33B","gene with protein product"
231,T075637,711,0.3536,p38@FOSB,e:2354,h:3797,,FOSB,"FosB proto-oncogene, AP-1 transcription factor subunit","gene with protein product"
232,T058369,694,0.3444,p1@KRT33A,e:3883,h:6450,O76009,KRT33A,"keratin 33A","gene with protein product"
233,T180083,689,0.3438,p4@MED30,e:90390,h:23032,C6GKU9,MED30,"mediator complex subunit 30","gene with protein product"
234,T035447,687,0.3425,p43@MOK,e:5891,h:9833,,MOK,"MOK protein kinase","gene with protein product"
235,T119564,685,0.3411,p4@CUL3,e:8452,h:2553,Q13618,CUL3,"cullin 3","gene with protein product"
236,T059664,681,0.3386,p3@C17orf57,e:124989,h:26864,,EFCAB13,"EF-hand calcium binding domain 13","gene with protein product"
237,T137418,677,0.3377,p1@SHQ1,e:55164,h:25543,"F8WDZ9,F8WBC6,Q6PI26",SHQ1,"SHQ1, H/ACA ribonucleoprotein assembly factor","gene with protein product"
238,T144165,666,0.3315,p6@SLAIN2,e:57606,h:29282,Q9P270,SLAIN2,"SLAIN motif family member 2","gene with protein product"
239,T067403,664,0.3303,p1@PIAS2,e:9063,h:17311,"O75928,B4DGW0",PIAS2,"protein inhibitor of activated STAT 2","gene with protein product"
240,T082548,662,0.3290,p1@TCHH,e:7062,h:11791,Q5D861,TCHH,trichohyalin,"gene with protein product"
241,T199450,661,0.3289,p8@RPGR,e:6103,h:10295,,RPGR,"retinitis pigmentosa GTPase regulator","gene with protein product"
242,T092803,640,0.3190,p2@PIGV,e:55650,h:26031,"Q9NUD9,E9PQC7",PIGV,"phosphatidylinositol glycan anchor biosynthesis class V","gene with protein product"
243,T084921,642,0.3189,p2@UAP1,e:6675,h:12457,Q16222,UAP1,"UDP-N-acetylglucosamine pyrophosphorylase 1","gene with protein product"
244,T092038,636,0.3164,p5@EFCAB2,e:84288,h:28166,,EFCAB2,"EF-hand calcium binding domain 2","gene with protein product"
245,T166240,632,0.3144,p3@TCTE1,e:202500,h:11693,Q5JU00,TCTE1,"t-complex-associated-testis-expressed 1","gene with protein product"
246,T049136,627,0.3113,p27@MYH11,e:4629,h:7569,Q68D89,MYH11,"myosin heavy chain 11","gene with protein product"
247,T123524,618,0.3084,p2@ERLEC1,e:27248,h:25222,"Q96DZ1,B5MC72",ERLEC1,"endoplasmic reticulum lectin 1","gene with protein product"
248,T039152,610,0.3036,p2@C14orf135,e:64430,h:20349,,PCNX4,"pecanex homolog 4 (Drosophila)","gene with protein product"
249,T112086,607,0.3023,p3@SAP130,e:79595,h:29813,"Q9H0E3,B7ZLM3,C9J683",SAP130,"Sin3A associated protein 130","gene with protein product"
250,T178777,606,0.3021,p1@SMURF1,e:57154,h:16807,"Q9HCE7,B7ZMB6,B9EGV3,Q547Q3",SMURF1,"SMAD specific E3 ubiquitin protein ligase 1","gene with protein product"
251,T123202,599,0.2986,p7@RHOQ,e:23433,h:17736,P17081,RHOQ,"ras homolog family member Q","gene with protein product"
252,T092185,599,0.2985,p1@SCCPDH,e:51097,h:24275,"E9PEA8,Q8NBX0",SCCPDH,"saccharopine dehydrogenase (putative)","gene with protein product"
253,T142302,598,0.2971,p2@RWDD4,e:201965,h:23750,"D6RCM5,D6RDH6",RWDD4,"RWD domain containing 4","gene with protein product"
254,T086248,595,0.2968,p6@ACBD6,e:84320,h:23339,"B2RAA8,Q9BR61",ACBD6,"acyl-CoA binding domain containing 6","gene with protein product"
255,T133821,592,0.2948,p6@UBE2E1,e:7324,h:12477,C9J2P0,UBE2E1,"ubiquitin conjugating enzyme E2 E1","gene with protein product"
256,T171323,589,0.2932,p3@C7orf49,e:78996,h:22432,,C7orf49,"chromosome 7 open reading frame 49","gene with protein product"
257,T105289,585,0.2912,p2@B3GALT5,e:10317,h:920,Q9Y2C3,B3GALT5,"beta-1,3-galactosyltransferase 5","gene with protein product"
258,T181791,579,0.2888,p3@KHDRBS3,e:10656,h:18117,O75525,KHDRBS3,"KH RNA binding domain containing, signal transduction associated 3","gene with protein product"
259,T084917,574,0.2866,p5@UAP1,e:6675,h:12457,Q16222,UAP1,"UDP-N-acetylglucosamine pyrophosphorylase 1","gene with protein product"
260,T083075,575,0.2865,p3@TDRD10,e:126668,h:25316,Q5VZ19,TDRD10,"tudor domain containing 10","gene with protein product"
261,T175402,567,0.2824,p2@C7orf10,e:79783,h:16001,,SUGCT,"succinyl-CoA:glutarate-CoA transferase","gene with protein product"
262,T094730,565,0.2817,p4@KLF17,e:128209,h:18830,,KLF17,"Kruppel like factor 17","gene with protein product"
263,T110115,562,0.2793,p2@PPP6R2,e:9701,h:19253,O75170,PPP6R2,"protein phosphatase 6 regulatory subunit 2","gene with protein product"
264,T130405,550,0.2743,p1@CLRN1-AS1,e:116933,h:30895,,CLRN1-AS1,"CLRN1 antisense RNA 1","RNA, long non-coding"
265,T137319,543,0.2695,p26@FOXP1,e:27086,h:3823,,FOXP1,"forkhead box P1","gene with protein product"
266,T058356,538,0.2682,p1@KRTAP4-4,e:84616,h:16928,Q9BYR3,KRTAP4-4,"keratin associated protein 4-4","gene with protein product"
267,T114680,535,0.2664,p4@GORASP2,e:26003,h:17500,F8WEG2,GORASP2,"golgi reassembly stacking protein 2","gene with protein product"
268,T104505,530,0.2645,p1@KRTAP8-1,e:337879,h:18935,Q8IUC2,KRTAP8-1,"keratin associated protein 8-1","gene with protein product"
269,T032586,531,0.2643,p16@FRY,e:10129,h:20367,"F8WC26,Q5TBA9,F8W6Q0",FRY,"FRY microtubule binding protein","gene with protein product"
270,T198786,531,0.2639,p2@PHKA2,e:5256,h:8926,P46019,PHKA2,"phosphorylase kinase regulatory subunit alpha 2","gene with protein product"
271,T093096,529,0.2629,p2@ATPIF1,e:93974,h:871,Q9UII2,ATPIF1,"ATPase inhibitory factor 1","gene with protein product"
272,T127990,519,0.2583,p11@GSK3B,e:2932,h:4617,"P49841,Q6FI27",GSK3B,"glycogen synthase kinase 3 beta","gene with protein product"
273,T062254,516,0.2574,p6@XAF1,e:54739,h:30932,"Q6GPH4,C9J7Z8,C9K044,B3KPW1",XAF1,"XIAP associated factor 1","gene with protein product"
274,T072740,515,0.2572,p1@LRP3,e:4037,h:6695,O75074,LRP3,"LDL receptor related protein 3","gene with protein product"
275,T016243,507,0.2516,p4@ATL3,e:25923,h:24526,Q6DD88,ATL3,"atlastin GTPase 3","gene with protein product"
276,T166054,500,0.2489,p4@YIPF3,e:25844,h:21023,D6RBQ1,YIPF3,"Yip1 domain family member 3","gene with protein product"
277,T079115,491,0.2446,p3@PRSS57,e:400668,h:31397,Q6UWY2,PRSS57,"protease, serine 57","gene with protein product"
278,T185532,483,0.2401,p9@NSMAF,e:8439,h:8017,,NSMAF,"neutral sphingomyelinase activation associated factor","gene with protein product"
279,T188684,482,0.2399,p3@BSPRY,e:54836,h:18232,,BSPRY,"B-box and SPRY domain containing","gene with protein product"
280,T131016,480,0.2393,p9@ANKRD28,e:23243,h:29024,,ANKRD28,"ankyrin repeat domain 28","gene with protein product"
281,T013591,481,0.2392,p3@PRRG4,e:79056,h:30799,Q9BZD6,PRRG4,"proline rich and Gla domain 4","gene with protein product"
282,T097849,477,0.2377,p5@GFI1,e:2672,h:4237,Q99684,GFI1,"growth factor independent 1 transcriptional repressor","gene with protein product"
283,T060527,472,0.2353,p3@MYCBPAP,e:84073,h:19677,,MYCBPAP,"MYCBP associated protein","gene with protein product"
284,T032297,472,0.2348,p12@PAN3,e:255967,h:29991,Q58A45,PAN3,"PAN3 poly(A) specific ribonuclease subunit","gene with protein product"
285,T129602,469,0.2337,p2@NMNAT3,e:349565,h:20989,"Q49AL4,D6R975",NMNAT3,"nicotinamide nucleotide adenylyltransferase 3","gene with protein product"
286,T058367,461,0.2297,p1@KRTAP16-1,e:100505753,h:18916,A8MUX0,KRTAP16-1,"keratin associated protein 16-1","gene with protein product"
287,T201504,461,0.2296,p1@DIAPH2,e:1730,h:2877,O60879,DIAPH2,"diaphanous related formin 2","gene with protein product"
288,T020453,461,0.2295,p4@APPL2,e:55198,h:18242,Q8NEU8,APPL2,"adaptor protein, phosphotyrosine interacting with PH domain and leucine zipper 2","gene with protein product"
289,T026148,459,0.2280,p1@KRT85,e:3891,h:6462,P78386,KRT85,"keratin 85","gene with protein product"
290,T187521,457,0.2278,p1@MTDH,e:92140,h:29608,Q86UE4,MTDH,metadherin,"gene with protein product"
291,T165489,456,0.2271,p5@ZFAND3,e:60685,h:18019,Q9H8U3,ZFAND3,"zinc finger AN1-type containing 3","gene with protein product"
292,T043652,455,0.2267,p15@ZFP106,e:64397,h:23240,,NA,NA,NA
293,T073091,449,0.2235,p3@HMG20B,e:10362,h:5002,Q9P0W2,HMG20B,"high mobility group 20B","gene with protein product"
294,T087949,447,0.2221,p3@KDM5B,e:10765,h:18039,"Q9UFD3,Q9UGL1",KDM5B,"lysine demethylase 5B","gene with protein product"
295,T078175,445,0.2212,p4@PPP6R1,e:22870,h:29195,B4DLT9,PPP6R1,"protein phosphatase 6 regulatory subunit 1","gene with protein product"
296,T017516,437,0.2171,p4@ANKRD13D,e:338692,h:27880,Q6ZTN6,ANKRD13D,"ankyrin repeat domain 13D","gene with protein product"
297,T078172,433,0.2155,p2@PPP6R1,e:22870,h:29195,Q9UPN7,PPP6R1,"protein phosphatase 6 regulatory subunit 1","gene with protein product"
298,T161939,429,0.2136,p1@FGFR1OP,e:11116,h:17012,E7ET71,FGFR1OP,"FGFR1 oncogene partner","gene with protein product"
299,T070297,427,0.2128,p40@NFIX,e:4784,h:7788,Q13051,NFIX,"nuclear factor I X","gene with protein product"
300,T182648,420,0.2092,p5@ZDHHC2,e:51201,h:18469,Q9UIJ5,ZDHHC2,"zinc finger DHHC-type containing 2","gene with protein product"
301,T086247,416,0.2069,p1@ACBD6,e:84320,h:23339,"B2RAA8,Q9BR61",ACBD6,"acyl-CoA binding domain containing 6","gene with protein product"
302,T024298,411,0.2051,p1@TM7SF3,e:51768,h:23049,"Q9NS93,F5H3K5,F5GWC3,F5GXE1,F5GY35,F5H7C5,F5H4T1",TM7SF3,"transmembrane 7 superfamily member 3","gene with protein product"
303,T174417,411,0.2046,p7@HOXA9,e:3205,h:5109,P31269,HOXA9,"homeobox A9","gene with protein product"
304,T057800,409,0.2037,p1@C17orf85,e:55421,h:24612,Q53F19,NCBP3,"nuclear cap binding subunit 3","gene with protein product"
305,T013706,404,0.2017,p1@CAPRIN1,e:4076,h:6743,Q14444,CAPRIN1,"cell cycle associated protein 1","gene with protein product"
306,T178778,402,0.2003,p3@SMURF1,e:57154,h:16807,"B7ZMB6,B9EGV3,Q547Q3,Q9HCE7",SMURF1,"SMAD specific E3 ubiquitin protein ligase 1","gene with protein product"
307,T116064,398,0.1975,p6@ITGA4,e:3676,h:6140,,ITGA4,"integrin subunit alpha 4","gene with protein product"
308,T148281,393,0.1958,p1@C5orf48,e:389320,h:33767,Q6ZNM6,TEX43,"testis expressed 43","gene with protein product"
309,T053176,389,0.1934,p1@C16orf86,e:388284,h:33755,"F8WFD6,Q6ZW13",C16orf86,"chromosome 16 open reading frame 86","gene with protein product"
310,T095503,388,0.1929,p4@ACOT11,e:26027,h:18156,Q8WXI4,ACOT11,"acyl-CoA thioesterase 11","gene with protein product"
311,T109214,385,0.1919,p7@TOB2,e:10766,h:11980,B0QXZ4,TOB2,"transducer of ERBB2, 2","gene with protein product"
312,T058357,384,0.1917,p1@KRTAP4-3,e:85290,h:18908,Q9BYR4,KRTAP4-3,"keratin associated protein 4-3","gene with protein product"
313,T144257,384,0.1913,p1@SPATA18,e:132671,h:29579,"Q8TC71,D6RAW7,E7EVV3,D6RGI2,Q96M13",SPATA18,"spermatogenesis associated 18","gene with protein product"
314,T135701,380,0.1892,"p1@AMIGO3,p1@GMPPB","e:29925,e:386724","h:22932,h:24075",Q9Y5P6,GMPPB,"GDP-mannose pyrophosphorylase B","gene with protein product"
315,T029873,363,0.1810,p1@RIMKLB,e:57494,h:29228,Q9ULI2,RIMKLB,"ribosomal modification protein rimK like family member B","gene with protein product"
316,T136314,363,0.1806,p1@SFMBT1,e:51460,h:20255,"Q9UHJ3,C9IY64,Q402F7",SFMBT1,"Scm-like with four mbt domains 1","gene with protein product"
317,T129732,354,0.1759,p3@RNF7,e:9616,h:10070,"C9JYL3,Q9UBF6",RNF7,"ring finger protein 7","gene with protein product"
318,T089590,348,0.1732,p1@EIF4G3,e:8672,h:3298,"O43432,B1AN92,B1AN91,Q504Z1,Q59GJ0,B9EGQ7",EIF4G3,"eukaryotic translation initiation factor 4 gamma 3","gene with protein product"
319,T037637,345,0.1722,p2@HECTD1,e:25831,h:20157,,HECTD1,"HECT domain E3 ubiquitin protein ligase 1","gene with protein product"
320,T190573,344,0.1714,p1@POMT1,e:10585,h:9202,"Q9Y6A1,Q5JT04,Q5JSZ6,F5H3Z3,Q5JT05,Q5JT03,Q5JT07,B4DI80",POMT1,"protein O-mannosyltransferase 1","gene with protein product"
321,T038649,344,0.1714,p1@PTGER2,e:5732,h:9594,"G3V2Y6,P43116",PTGER2,"prostaglandin E receptor 2","gene with protein product"
322,T042223,327,0.1633,p3@TARSL2,e:123283,h:24728,,TARSL2,"threonyl-tRNA synthetase like 2","gene with protein product"
323,T130795,314,0.1568,p10@KCNAB1,e:7881,h:6228,B7Z8E5,KCNAB1,"potassium voltage-gated channel subfamily A member regulatory beta subunit 1","gene with protein product"
324,T079475,314,0.1566,p1@ELANE,e:1991,h:3309,P08246,ELANE,"elastase, neutrophil expressed","gene with protein product"
325,T002920,308,0.1537,p2@SUV39H2,e:79723,h:17287,Q9H5I1,SUV39H2,"suppressor of variegation 3-9 homolog 2","gene with protein product"
326,T179321,307,0.1526,p7@UBR5,e:51366,h:16806,,UBR5,"ubiquitin protein ligase E3 component n-recognin 5","gene with protein product"
327,T019865,298,0.1481,p4@SWAP70,e:23075,h:17070,,SWAP70,"SWAP switching B-cell complex subunit 70","gene with protein product"
328,T063320,298,0.1479,p7@POLR2A,e:5430,h:9187,P24928,POLR2A,"RNA polymerase II subunit A","gene with protein product"
329,T038326,295,0.1471,p4@DNAAF2,e:55172,h:20188,Q9NVR5,DNAAF2,"dynein axonemal assembly factor 2","gene with protein product"
330,T044825,289,0.1442,p14@TCF12,e:6938,h:11623,,TCF12,"transcription factor 12","gene with protein product"
331,T100405,286,0.1421,p1@RBL1,e:5933,h:9893,"P28749,E9PNB6",RBL1,"RB transcriptional corepressor like 1","gene with protein product"
332,T003418,279,0.1389,p2@MLLT10,e:8028,h:16063,"Q5VX90,Q66K63",MLLT10,"myeloid/lymphoid or mixed-lineage leukemia; translocated to, 10","gene with protein product"
333,T093792,272,0.1350,p9@ZMYM4,e:9202,h:13055,Q5VZL5,ZMYM4,"zinc finger MYM-type containing 4","gene with protein product"
334,T148878,271,0.1350,p3@SEC24A,e:10802,h:10703,O95486,SEC24A,"SEC24 homolog A, COPII coat complex component","gene with protein product"
335,T069107,265,0.1322,p1@CTDP1,e:9150,h:2498,Q9Y5B0,CTDP1,"CTD phosphatase subunit 1","gene with protein product"
336,T134102,265,0.1320,p3@STT3B,e:201595,h:30611,,STT3B,"STT3B, catalytic subunit of the oligosaccharyltransferase complex","gene with protein product"
337,T072739,263,0.1310,p4@LRP3,e:4037,h:6695,C9J8W0,LRP3,"LDL receptor related protein 3","gene with protein product"
338,T166099,260,0.1294,p15@VEGFA,e:7422,h:12680,,VEGFA,"vascular endothelial growth factor A","gene with protein product"
339,T086064,260,0.1292,p2@RASAL2,e:9462,h:9874,"B1AKC7,F8W755,Q2TB22",RASAL2,"RAS protein activator like 2","gene with protein product"
340,T093689,257,0.1283,p3@PHC2,e:1912,h:3183,,PHC2,"polyhomeotic homolog 2","gene with protein product"
341,T131541,257,0.1278,p1@GPR160,e:26996,h:23693,Q9UJ42,GPR160,"G protein-coupled receptor 160","gene with protein product"
342,T079484,255,0.1270,p7@ELANE,e:1991,h:3309,P08246,ELANE,"elastase, neutrophil expressed","gene with protein product"
343,T189892,248,0.1233,p6@ENG,e:2022,h:3349,P17813,ENG,endoglin,"gene with protein product"
344,T006977,248,0.1231,p2@C10orf11,e:83938,h:23405,A6NG64,C10orf11,"chromosome 10 open reading frame 11","gene with protein product"
345,T096373,242,0.1204,p7@TCTEX1D1,e:200132,h:26882,Q8N7M0,TCTEX1D1,"Tctex1 domain containing 1","gene with protein product"
346,T087264,237,0.1179,p5@UBR4,e:23352,h:30313,Q5T4S7,UBR4,"ubiquitin protein ligase E3 component n-recognin 4","gene with protein product"
347,T094732,233,0.1160,p3@KLF17,e:128209,h:18830,,KLF17,"Kruppel like factor 17","gene with protein product"
348,T080738,229,0.1139,p3@SLC16A1,e:6566,h:10922,P53985,SLC16A1,"solute carrier family 16 member 1","gene with protein product"
349,T073345,228,0.1137,p3@ARHGAP33,e:115703,h:23085,"O14559,A1A5D2",ARHGAP33,"Rho GTPase activating protein 33","gene with protein product"
350,T016593,223,0.1110,p4@MAP4K2,e:5871,h:6864,"Q12851,Q86VU3",MAP4K2,"mitogen-activated protein kinase kinase kinase kinase 2","gene with protein product"
351,T179317,223,0.1108,p3@UBR5,e:51366,h:16806,E7EMW7,UBR5,"ubiquitin protein ligase E3 component n-recognin 5","gene with protein product"
352,T050696,221,0.1097,p15@TMEM219,e:124446,h:25201,,TMEM219,"transmembrane protein 219","gene with protein product"
353,T173797,220,0.1096,p3@CDCA7L,e:55536,h:30777,Q96GN5,CDCA7L,"cell division cycle associated 7 like","gene with protein product"
354,T128390,217,0.1081,p34@KALRN,e:8997,h:4814,O60229,KALRN,"kalirin, RhoGEF kinase","gene with protein product"
355,T040751,210,0.1048,p8@IRF2BPL,e:64207,h:14282,Q9H1B7,IRF2BPL,"interferon regulatory factor 2 binding protein like","gene with protein product"
356,T182667,209,0.1040,p1@VPS37A,e:137492,h:24928,"E5RJX6,E5RJ10,E5RG91",VPS37A,"VPS37A, ESCRT-I subunit","gene with protein product"
357,T120792,208,0.1033,p1@PER2,e:8864,h:8846,O15055,PER2,"period circadian clock 2","gene with protein product"
358,T140203,207,0.1032,p10@GAB1,e:2549,h:4066,,GAB1,"GRB2 associated binding protein 1","gene with protein product"
359,T137316,207,0.1031,p3@FOXP1,e:27086,h:3823,,FOXP1,"forkhead box P1","gene with protein product"
360,T018437,206,0.1027,p1@NEU3,e:10825,h:7760,"E9PI40,E9PR25,E9PMZ3,E9PNK1,B4E0V4,A8K327",NEU3,"neuraminidase 3","gene with protein product"
361,T160531,195,0.0970,p1@KATNA1,e:11104,h:6216,O75449,KATNA1,"katanin catalytic subunit A1","gene with protein product"
362,T092558,194,0.0967,p5@TMEM57,e:55219,h:25572,Q8N5G2,TMEM57,"transmembrane protein 57","gene with protein product"
363,T062687,194,0.0965,p6@SDK2,e:54549,h:19308,Q58EX2,SDK2,"sidekick cell adhesion molecule 2","gene with protein product"
364,T129601,193,0.0958,p1@NMNAT3,e:349565,h:20989,B3KVR6,NMNAT3,"nicotinamide nucleotide adenylyltransferase 3","gene with protein product"
365,T136271,187,0.0931,p1@NEK4,e:6787,h:11399,"P51957,F8WAX1,B7Z200,Q05DF6",NEK4,"NIMA related kinase 4","gene with protein product"
366,T017767,186,0.0927,p1@MTL5,e:9633,h:7446,Q9Y4I5,TESMIN,"testis expressed metallothionein like protein","gene with protein product"
367,T143470,184,0.0917,p2@HGFAC,e:3083,h:4894,,HGFAC,"HGF activator","gene with protein product"
368,T109088,181,0.0898,p13@TNRC6B,e:23112,h:29190,,TNRC6B,"trinucleotide repeat containing 6B","gene with protein product"
369,T094529,178,0.0886,p7@YBX1,e:4904,h:8014,P67809,YBX1,"Y-box binding protein 1","gene with protein product"
370,T091991,177,0.0881,p2@PPPDE1,e:51029,h:24264,,DESI2,"desumoylating isopeptidase 2","gene with protein product"
371,T017416,177,0.0881,p2@RCE1,e:9986,h:13721,,RCE1,"Ras converting CAAX endopeptidase 1","gene with protein product"
372,T035135,175,0.0872,p3@SLC25A29,e:123096,h:20116,G3V477,SLC25A29,"solute carrier family 25 member 29","gene with protein product"
373,T010596,174,0.0867,p3@CBL,e:867,h:1541,P22681,CBL,"Cbl proto-oncogene","gene with protein product"
374,T122448,172,0.0858,p2@PRKD3,e:23683,h:9408,C9JKP8,PRKD3,"protein kinase D3","gene with protein product"
375,T134928,172,0.0857,p1@ZDHHC3,e:51304,h:18470,"Q9NYG2,F8W6M3,C9JNU5",ZDHHC3,"zinc finger DHHC-type containing 3","gene with protein product"
376,T077886,171,0.0849,p3@MBOAT7,e:79143,h:15505,,MBOAT7,"membrane bound O-acyltransferase domain containing 7","gene with protein product"
377,T000051,164,0.0816,p1@ENTPD7,e:57089,h:19745,Q9NQZ7,ENTPD7,"ectonucleoside triphosphate diphosphohydrolase 7","gene with protein product"
378,T046874,162,0.0808,p3@CHRNB4,e:1143,h:1964,,CHRNB4,"cholinergic receptor nicotinic beta 4 subunit","gene with protein product"
379,T071464,159,0.0792,p2@KIAA1683,e:80726,h:29350,"Q9H0B3,E9PDE0,E9PH54,Q2KHR5,A0JP07,B4DYH2",KIAA1683,KIAA1683,"gene with protein product"
380,T104507,157,0.0781,p1@KRTAP11-1,e:337880,h:18922,Q8IUC1,KRTAP11-1,"keratin associated protein 11-1","gene with protein product"
381,T167416,156,0.0776,p7@RREB1,e:6239,h:10449,,RREB1,"ras responsive element binding protein 1","gene with protein product"
382,T176206,155,0.0773,p1@WIPI2,e:26100,h:32225,,WIPI2,"WD repeat domain, phosphoinositide interacting 2","gene with protein product"
383,T122280,154,0.0767,p3@TRAPPC12,e:51112,h:24284,,TRAPPC12,"trafficking protein particle complex 12","gene with protein product"
384,T071118,153,0.0760,"p1@CALR3,p1@MED26","e:9441,e:125972","h:2376,h:20407","O95402,B8ZZF3",MED26,"mediator complex subunit 26","gene with protein product"
385,T057606,150,0.0748,p5@SOCS7,e:30837,h:29846,O14512,SOCS7,"suppressor of cytokine signaling 7","gene with protein product"
386,T194083,149,0.0743,p1@C9orf41,e:138199,h:23435,B4DSD4,CARNMT1,"carnosine N-methyltransferase 1","gene with protein product"
387,T122181,147,0.0732,p5@MEMO1,e:51072,h:14014,Q9Y316,MEMO1,"mediator of cell motility 1","gene with protein product"
388,T027209,146,0.0728,p4@PTGES3,e:10728,h:16049,B4DHP2,PTGES3,"prostaglandin E synthase 3","gene with protein product"
389,T114481,144,0.0716,p5@STK39,e:27347,h:17717,Q9UEW8,STK39,"serine/threonine kinase 39","gene with protein product"
390,T008510,143,0.0714,p3@LARP4B,e:23185,h:28987,B5MCU2,LARP4B,"La ribonucleoprotein domain family member 4B","gene with protein product"
391,T037812,143,0.0713,p13@BAZ1A,e:11177,h:960,"Q9NRL2,Q32ND1",BAZ1A,"bromodomain adjacent to zinc finger domain 1A","gene with protein product"
392,T023226,142,0.0707,p1@ANKLE2,e:23141,h:29101,F5H2H5,ANKLE2,"ankyrin repeat and LEM domain containing 2","gene with protein product"
393,T040804,141,0.0703,p2@SAMD15,e:161394,h:18631,Q9P1V8,SAMD15,"sterile alpha motif domain containing 15","gene with protein product"
394,T055156,141,0.0703,p8@RPL13,e:6137,h:10303,,RPL13,"ribosomal protein L13","gene with protein product"
395,T097855,138,0.0686,p1@GFI1,e:2672,h:4237,"Q99684,B3KVN4",GFI1,"growth factor independent 1 transcriptional repressor","gene with protein product"
396,T017490,136,0.0677,p1@ADRBK1,e:156,h:289,E9PRV7,GRK2,"G protein-coupled receptor kinase 2","gene with protein product"
397,T018242,135,0.0671,p9@FCHSD2,e:9873,h:29114,O94868,FCHSD2,"FCH and double SH3 domains 2","gene with protein product"
398,T019666,133,0.0660,p3@FUT4,e:2526,h:4015,P22083,FUT4,"fucosyltransferase 4","gene with protein product"
399,T072552,132,0.0657,p1@URI1,e:8725,h:13236,"O94763,Q6NX55",URI1,"URI1, prefoldin like chaperone","gene with protein product"
400,T063181,131,0.0653,p1@MYO15B,e:80022,h:14083,Q96JP2,MYO15B,"myosin XVB","gene with protein product"
401,T059666,131,0.0652,p1@C17orf57,e:124989,h:26864,"Q8IY85,G3V128",EFCAB13,"EF-hand calcium binding domain 13","gene with protein product"
402,T152869,127,0.0632,p2@COL23A1,e:91522,h:22990,Q86Y22,COL23A1,"collagen type XXIII alpha 1 chain","gene with protein product"
403,T052655,125,0.0624,p1@CSNK2A2,e:1459,h:2459,P19784,CSNK2A2,"casein kinase 2 alpha 2","gene with protein product"
404,T139559,124,0.0618,p1@ANKRD50,e:57182,h:29223,"E9PDW0,B4DHJ6,Q8TB46,Q9ULJ7",ANKRD50,"ankyrin repeat domain 50","gene with protein product"
405,T103289,120,0.0598,p1@TCFL5,e:10732,h:11646,"F8W9A4,Q9UL49,Q86TP4",TCFL5,"transcription factor like 5","gene with protein product"
406,T121129,117,0.0582,p2@SEPT2,e:4735,h:7729,"B5MD47,C9JT15,C9JFT1",SEPT2,"septin 2","gene with protein product"
407,T122843,115,0.0573,p4@EML4,e:27436,h:1316,"Q9HC35,A6H8Y6",EML4,"echinoderm microtubule associated protein like 4","gene with protein product"
408,T000218,115,0.0573,p1@HIF1AN,e:55662,h:17113,E9PNR8,HIF1AN,"hypoxia inducible factor 1 alpha subunit inhibitor","gene with protein product"
409,T013689,109,0.0544,p6@LMO2,e:4005,h:6642,P25791,LMO2,"LIM domain only 2","gene with protein product"
410,T049018,109,0.0542,p3@NTAN1,e:123803,h:29909,Q96AB6,NTAN1,"N-terminal asparagine amidase","gene with protein product"
411,T087193,108,0.0538,p2@GLRX2,e:51022,h:16065,Q9NS18,GLRX2,"glutaredoxin 2","gene with protein product"
412,T034086,108,0.0538,p21@DACH1,e:1602,h:2663,Q9UI36,DACH1,"dachshund family transcription factor 1","gene with protein product"
413,T119749,105,0.0522,p4@AGFG1,e:3267,h:5175,B8ZZY2,AGFG1,"ArfGAP with FG repeats 1","gene with protein product"
414,T167548,104,0.0518,p2@KCNQ5,e:56479,h:6299,A6PVT6,KCNQ5,"potassium voltage-gated channel subfamily Q member 5","gene with protein product"
415,T100843,101,0.0503,p3@L3MBTL1,e:26013,h:15905,Q9Y468,L3MBTL1,"l(3)mbt-like 1 (Drosophila)","gene with protein product"
416,T121126,99,0.0492,p3@SEPT2,e:4735,h:7729,"Q15019,C9J2Q4",SEPT2,"septin 2","gene with protein product"
417,T000760,98,0.0487,p4@GSTO2,e:119391,h:23064,"Q9H4Y5,B4DJW6",GSTO2,"glutathione S-transferase omega 2","gene with protein product"
418,T093468,96,0.0478,p1@TMEM234,e:56063,h:28837,"Q8WY98,E9PNU5",TMEM234,"transmembrane protein 234","gene with protein product"
419,T034092,96,0.0477,p19@DACH1,e:1602,h:2663,Q9UI36,DACH1,"dachshund family transcription factor 1","gene with protein product"
420,T096371,94,0.0469,p8@TCTEX1D1,e:200132,h:26882,Q8N7M0,TCTEX1D1,"Tctex1 domain containing 1","gene with protein product"
421,T146806,94,0.0469,p1@PIGY,e:84992,h:28213,"Q3MUY2,Q96I23",PIGY,"phosphatidylinositol glycan anchor biosynthesis class Y","gene with protein product"
422,T179715,93,0.0463,p4@XKR6,e:286046,h:27806,Q5GH73,XKR6,"XK related 6","gene with protein product"
423,T088886,93,0.0463,p30@PRKCZ,e:5590,h:9412,E9PBE1,PRKCZ,"protein kinase C zeta","gene with protein product"
424,T079113,92,0.0458,p1@PRSS57,e:400668,h:31397,Q6UWY2,PRSS57,"protease, serine 57","gene with protein product"
425,T182906,92,0.0458,p3@KBTBD11,e:9920,h:29104,,KBTBD11,"kelch repeat and BTB domain containing 11","gene with protein product"
426,T046705,90,0.0449,p4@PSTPIP1,e:9051,h:9580,,PSTPIP1,"proline-serine-threonine phosphatase interacting protein 1","gene with protein product"
427,T019668,89,0.0444,p1@FUT4,e:2526,h:4015,P22083,FUT4,"fucosyltransferase 4","gene with protein product"
428,T013606,88,0.0438,p2@DEPDC7,e:91614,h:29899,Q96QD5,DEPDC7,"DEP domain containing 7","gene with protein product"
429,T125101,88,0.0438,p3@ALMS1,e:7840,h:428,"Q8TCU4,A6NMY3,B8ZZJ3",ALMS1,"ALMS1, centrosome and basal body associated protein","gene with protein product"
430,T020569,87,0.0434,p4@C12orf23,e:90488,h:28281,Q8WUH6,TMEM263,"transmembrane protein 263","gene with protein product"
431,T026145,86,0.0429,p1@KRT83,e:3889,h:6460,P78385,KRT83,"keratin 83","gene with protein product"
432,T137352,86,0.0428,p2@PROK2,e:60675,h:18455,Q9HC23,PROK2,"prokineticin 2","gene with protein product"
433,T193315,86,0.0427,p1@ANKRD18A,e:253650,h:23643,Q8IVF6,ANKRD18A,"ankyrin repeat domain 18A","gene with protein product"
434,T067352,85,0.0424,p1@C18orf25,e:147339,h:28172,Q96B23,C18orf25,"chromosome 18 open reading frame 25","gene with protein product"
435,T134422,85,0.0423,p2@GOLGA4,e:2803,h:4427,C9JHJ5,GOLGA4,"golgin A4","gene with protein product"
436,T149432,85,0.0423,p12@UBE2D2,e:7322,h:12475,D6RFM0,UBE2D2,"ubiquitin conjugating enzyme E2 D2","gene with protein product"
437,T106119,84,0.0419,p2@PCBP3,e:54039,h:8651,P57721,PCBP3,"poly(rC) binding protein 3","gene with protein product"
438,T058010,82,0.0409,p6@MSL1,e:339287,h:27905,Q68DK7,MSL1,"male specific lethal 1 homolog","gene with protein product"
439,T001989,78,0.0388,p1@C10orf88,e:80007,h:25822,,C10orf88,"chromosome 10 open reading frame 88","gene with protein product"
440,T080346,77,0.0384,p3@UBL4B,e:164153,h:32309,Q8N7F7,UBL4B,"ubiquitin like 4B","gene with protein product"
441,T047120,77,0.0383,p5@IL16,e:3603,h:5980,E7EN14,IL16,"interleukin 16","gene with protein product"
442,T121380,76,0.0379,p3@POMC,e:5443,h:9201,P01189,POMC,proopiomelanocortin,"gene with protein product"
443,T166323,75,0.0374,p55@RUNX2,e:860,h:10472,Q13950,RUNX2,"runt related transcription factor 2","gene with protein product"
444,T031522,74,0.0369,p1@SPACA7,e:122258,h:29575,"Q5T8L5,Q96KW9",SPACA7,"sperm acrosome associated 7","gene with protein product"
445,T123201,74,0.0368,p6@RHOQ,e:23433,h:17736,P17081,RHOQ,"ras homolog family member Q","gene with protein product"
446,T006911,73,0.0363,p3@KAT6B,e:23522,h:17582,,KAT6B,"lysine acetyltransferase 6B","gene with protein product"
447,T072139,73,0.0363,p2@ZNF257,e:113835,h:13498,Q9Y2Q1,ZNF257,"zinc finger protein 257","gene with protein product"
448,T200733,72,0.0358,p15@AR,e:367,h:644,P10275,AR,"androgen receptor","gene with protein product"
449,T167899,69,0.0344,p3@TXNDC5,e:81567,h:21073,"Q8NBS9,Q6EHZ3",TXNDC5,"thioredoxin domain containing 5","gene with protein product"
450,T153815,67,0.0334,p4@NADKD1,e:133686,h:26404,D6RHI4,NADK2,"NAD kinase 2, mitochondrial","gene with protein product"
451,T125248,66,0.0328,p4@MOGS,e:7841,h:24862,B4E3B8,MOGS,"mannosyl-oligosaccharide glucosidase","gene with protein product"
452,T131017,65,0.0324,p8@ANKRD28,e:23243,h:29024,,ANKRD28,"ankyrin repeat domain 28","gene with protein product"
453,T022678,63,0.0314,p15@UBC,e:7316,h:12468,F5H388,UBC,"ubiquitin C","gene with protein product"
454,T077680,62,0.0308,p3@BIRC8,e:112401,h:14878,"Q96P09,Q6PIA0",BIRC8,"baculoviral IAP repeat containing 8","gene with protein product"
455,T074723,62,0.0308,p5@LYPD4,e:147719,h:28659,Q6UWN0,LYPD4,"LY6/PLAUR domain containing 4","gene with protein product"
456,T140927,61,0.0304,p4@LRAT,e:9227,h:6685,,LRAT,"lecithin retinol acyltransferase (phosphatidylcholine--retinol O-acyltransferase)","gene with protein product"
457,T106528,61,0.0304,p8@DGCR5,,h:16757,,DGCR5,"DiGeorge syndrome critical region gene 5 (non-protein coding)","RNA, long non-coding"
458,T031525,60,0.0299,p2@TUBGCP3,e:10426,h:18598,,TUBGCP3,"tubulin gamma complex associated protein 3","gene with protein product"
459,T093983,58,0.0289,p3@OSCP1,e:127700,h:29971,Q8WVF1,OSCP1,"organic solute carrier partner 1","gene with protein product"
460,T074720,57,0.0284,p9@LYPD4,e:147719,h:28659,Q6UWN0,LYPD4,"LY6/PLAUR domain containing 4","gene with protein product"
461,T193148,57,0.0283,p1@RNF38,e:152006,h:18052,,RNF38,"ring finger protein 38","gene with protein product"
462,T182647,55,0.0274,p2@ZDHHC2,e:51201,h:18469,Q9UIJ5,ZDHHC2,"zinc finger DHHC-type containing 2","gene with protein product"
463,T051296,55,0.0273,p3@ZNF213,e:7760,h:13005,O14771,ZNF213,"zinc finger protein 213","gene with protein product"
464,T011787,54,0.0269,p1@SNX19,e:399979,h:21532,"E9PLV3,E9PKB9,F5H5D1,Q92543",SNX19,"sorting nexin 19","gene with protein product"
465,T137315,53,0.0263,p40@FOXP1,e:27086,h:3823,,FOXP1,"forkhead box P1","gene with protein product"
466,T037819,51,0.0255,p2@BAZ1A,e:11177,h:960,"Q9NRL2,F5H239",BAZ1A,"bromodomain adjacent to zinc finger domain 1A","gene with protein product"
467,T048310,51,0.0254,p1@SPATA8,e:145946,h:28676,Q6RVD6,SPATA8,"spermatogenesis associated 8","gene with protein product"
468,T078233,51,0.0254,p3@UBE2S,e:27338,h:17895,Q16763,UBE2S,"ubiquitin conjugating enzyme E2 S","gene with protein product"
469,T149585,50,0.0249,p1@DND1,e:373863,h:23799,Q8IYX4,DND1,"DND microRNA-mediated repression inhibitor 1","gene with protein product"
470,T023013,49,0.0244,p1@PIWIL1,e:9271,h:9007,"F5H889,Q96J94",PIWIL1,"piwi like RNA-mediated gene silencing 1","gene with protein product"
471,T001314,48,0.0239,p5@VWA2,e:340706,h:24709,Q5GFL6,VWA2,"von Willebrand factor A domain containing 2","gene with protein product"
472,T053273,48,0.0239,p3@SLC7A6,e:9057,h:11064,Q92536,SLC7A6,"solute carrier family 7 member 6","gene with protein product"
473,T002192,46,0.0229,p10@CTBP2,e:1488,h:2495,,CTBP2,"C-terminal binding protein 2","gene with protein product"
474,T058359,46,0.0228,p1@KRTAP4-1,e:85285,h:18907,Q9BYQ7,KRTAP4-1,"keratin associated protein 4-1","gene with protein product"
475,T069724,45,0.0224,p3@SMARCA4,e:6597,h:11100,P51532,SMARCA4,"SWI/SNF related, matrix associated, actin dependent regulator of chromatin, subfamily a, member 4","gene with protein product"
476,T086203,45,0.0224,p8@TOR1AIP1,e:26092,h:29456,,TOR1AIP1,"torsin 1A interacting protein 1","gene with protein product"
477,T058656,45,0.0223,p1@ZNF385C,e:201181,h:33722,,ZNF385C,"zinc finger protein 385C","gene with protein product"
478,T148066,44,0.0219,p3@FTMT,e:94033,h:17345,Q8N4E7,FTMT,"ferritin mitochondrial","gene with protein product"
479,T193510,44,0.0219,p6@KIAA2026,e:158358,h:23378,Q5HYC2,KIAA2026,KIAA2026,"gene with protein product"
480,T089510,42,0.0209,p1@RPS6KC1,e:26750,h:10439,"B1APS8,Q96S38,B4DHE1,F5H7T0",RPS6KC1,"ribosomal protein S6 kinase C1","gene with protein product"
481,T136179,42,0.0209,p1@PHF7,e:51533,h:18458,Q9BWX1,PHF7,"PHD finger protein 7","gene with protein product"
482,T002161,41,0.0204,p1@METTL10,e:399818,h:33787,"E7EVF1,Q5JPI9,G3V238,Q8TC28",METTL10,"methyltransferase like 10","gene with protein product"
483,T069322,40,0.0199,p4@TXNDC2,e:84203,h:16470,F5H6S7,TXNDC2,"thioredoxin domain containing 2","gene with protein product"
484,T036360,40,0.0199,p7@METTL17,e:64745,h:19280,Q9H7H0,METTL17,"methyltransferase like 17","gene with protein product"
485,T134423,40,0.0199,p4@GOLGA4,e:2803,h:4427,C9J0Y3,GOLGA4,"golgin A4","gene with protein product"
486,T041553,40,0.0199,p3@GOLGA5,e:9950,h:4428,E7EQP0,GOLGA5,"golgin A5","gene with protein product"
487,T104300,39,0.0195,p1@CYYR1,e:116159,h:16274,"Q96J86,B7Z8X4",CYYR1,"cysteine and tyrosine rich 1","gene with protein product"
488,T122553,39,0.0194,p11@FAM82A1,e:151393,h:26567,C9JGB2,RMDN2,"regulator of microtubule dynamics 2","gene with protein product"
489,T069698,39,0.0194,p1@YIPF2,e:78992,h:28476,,YIPF2,"Yip1 domain family member 2","gene with protein product"
490,T116308,37,0.0184,"p1@NT5C1B-RDH14,p1@NT5C1B","e:93034,e:100526794","h:17818,h:38831","C4AM88,C9J2C7",NT5C1B,"5'-nucleotidase, cytosolic IB","gene with protein product"
491,T072078,36,0.0180,p1@DOT1L,e:84444,h:24948,Q8TEK3,DOT1L,"DOT1 like histone lysine methyltransferase","gene with protein product"
492,T009116,36,0.0179,p2@DDI1,e:414301,h:18961,Q8WTU0,DDI1,"DNA damage inducible 1 homolog 1","gene with protein product"
493,T105239,36,0.0179,p3@BRWD1,e:54014,h:12760,,BRWD1,"bromodomain and WD repeat domain containing 1","gene with protein product"
494,T166311,36,0.0179,p23@RUNX2,e:860,h:10472,"Q13950,F8W8U5",RUNX2,"runt related transcription factor 2","gene with protein product"
495,T020811,36,0.0179,p11@ACACB,e:32,h:85,,ACACB,"acetyl-CoA carboxylase beta","gene with protein product"
496,T046309,36,0.0179,p4@TBC1D21,e:161514,h:28536,Q8IYX1,TBC1D21,"TBC1 domain family member 21","gene with protein product"
497,T107900,35,0.0174,p2@EIF4ENIF1,e:56478,h:16687,Q9NRA8,EIF4ENIF1,"eukaryotic translation initiation factor 4E nuclear import factor 1","gene with protein product"
498,T084920,35,0.0174,p3@UAP1,e:6675,h:12457,"Q16222,B1AR80",UAP1,"UDP-N-acetylglucosamine pyrophosphorylase 1","gene with protein product"
499,T032773,35,0.0174,p5@CCNA1,e:8900,h:1577,P78396,CCNA1,"cyclin A1","gene with protein product"
500,T082638,35,0.0174,p1@SPRR4,e:163778,h:23173,Q96PI1,SPRR4,"small proline rich protein 4","gene with protein product"
501,T015219,35,0.0174,p1@ZFP91-CNTF,,h:33441,,ZFP91-CNTF,"ZFP91-CNTF readthrough (NMD candidate)",readthrough
502,T097740,34,0.0170,p5@SLC2A5,e:6518,h:11010,,SLC2A5,"solute carrier family 2 member 5","gene with protein product"
503,T197011,34,0.0170,p3@OCRL,e:4952,h:8108,Q01968,OCRL,"OCRL, inositol polyphosphate-5-phosphatase","gene with protein product"
504,T120280,34,0.0169,p14@INPP5D,e:3635,h:6079,C9JF09,INPP5D,"inositol polyphosphate-5-phosphatase D","gene with protein product"
505,T132603,34,0.0169,p5@DGKG,e:1608,h:2853,P49619,DGKG,"diacylglycerol kinase gamma","gene with protein product"
506,T118670,34,0.0169,p44@IGFBP5,e:3488,h:5474,,IGFBP5,"insulin like growth factor binding protein 5","gene with protein product"
507,T193906,34,0.0169,p4@FAM108B1,e:51104,h:24278,Q5VST6,ABHD17B,"abhydrolase domain containing 17B","gene with protein product"
508,T169298,33,0.0165,p4@SYPL1,e:6856,h:11507,,SYPL1,"synaptophysin like 1","gene with protein product"
509,T009117,32,0.0159,p1@DDI1,e:414301,h:18961,Q8WTU0,DDI1,"DNA damage inducible 1 homolog 1","gene with protein product"
510,T018559,32,0.0159,p3@DGAT2,e:84649,h:16940,Q96PD7,DGAT2,"diacylglycerol O-acyltransferase 2","gene with protein product"
511,T028598,31,0.0154,p9@LRRC23,e:10233,h:19138,"C9JKE8,Q5MD59",LRRC23,"leucine rich repeat containing 23","gene with protein product"
512,T103307,31,0.0154,p4@SLC17A9,e:63910,h:16192,,SLC17A9,"solute carrier family 17 member 9","gene with protein product"
513,T072170,31,0.0154,p2@AMH,e:268,h:464,P03971,AMH,"anti-Mullerian hormone","gene with protein product"
514,T198986,30,0.0150,p4@PRDX4,e:10549,h:17169,A6NJJ0,PRDX4,"peroxiredoxin 4","gene with protein product"
515,T060545,30,0.0149,p2@SPATA20,e:64847,h:26125,,SPATA20,"spermatogenesis associated 20","gene with protein product"
516,T004882,30,0.0149,p1@ZFAND4,e:93550,h:23504,"Q5VVY2,Q5VVY4,F2Z2H4",ZFAND4,"zinc finger AN1-type containing 4","gene with protein product"
517,T059518,28,0.0140,p1@SPNS3,e:201305,h:28433,Q6ZMD2,SPNS3,"sphingolipid transporter 3 (putative)","gene with protein product"
518,T197629,28,0.0139,p1@FGF13,e:2258,h:3670,"B7Z8N0,Q92913,B7Z4M7,D3DWH4",FGF13,"fibroblast growth factor 13","gene with protein product"
519,T174416,27,0.0135,p5@HOXA9,e:3205,h:5109,P31269,HOXA9,"homeobox A9","gene with protein product"
520,T159366,27,0.0135,p3@MYB,e:4602,h:7545,P10242,MYB,"MYB proto-oncogene, transcription factor","gene with protein product"
521,T040141,27,0.0135,p5@PCNX,e:22990,h:19740,"Q96RV3,B2RTR6",PCNX1,"pecanex homolog 1 (Drosophila)","gene with protein product"
522,T029872,27,0.0134,p2@RIMKLB,e:57494,h:29228,Q9ULI2,RIMKLB,"ribosomal modification protein rimK like family member B","gene with protein product"
523,T107245,27,0.0134,p1@LRP5L,e:91355,h:25323,,LRP5L,"LDL receptor related protein 5 like","gene with protein product"
524,T165659,26,0.0129,p2@C6orf201,e:404220,h:21620,"F8W941,F5H3V8,B3KW47,Q7Z4U5",C6orf201,"chromosome 6 open reading frame 201","gene with protein product"
525,T097146,26,0.0129,p14@RERE,e:473,h:9965,Q9P2R6,RERE,"arginine-glutamic acid dipeptide repeats","gene with protein product"
526,T103306,25,0.0124,p1@SLC17A9,e:63910,h:16192,Q9BYT1,SLC17A9,"solute carrier family 17 member 9","gene with protein product"
527,T127186,25,0.0124,p2@IFT57,e:55081,h:17367,C9JB84,IFT57,"intraflagellar transport 57","gene with protein product"
528,T068171,24,0.0120,p2@CETN1,e:1068,h:1866,Q12798,CETN1,"centrin 1","gene with protein product"
529,T120365,24,0.0120,p1@DNAJB3,e:414061,h:32397,Q8WWF6,DNAJB3,"DnaJ heat shock protein family (Hsp40) member B3",unknown
530,T037043,24,0.0119,p3@PABPN1,e:8106,h:8565,G3V4T2,PABPN1,"poly(A) binding protein nuclear 1","gene with protein product"
531,T150531,24,0.0119,p1@SLC26A2,e:1836,h:10994,P50443,SLC26A2,"solute carrier family 26 member 2","gene with protein product"
532,T091353,24,0.0119,p5@LYST,e:1130,h:1968,,LYST,"lysosomal trafficking regulator","gene with protein product"
533,T097384,23,0.0114,p3@SH3GLB1,e:51100,h:10833,"Q9Y371,B4E182",SH3GLB1,"SH3 domain containing GRB2 like endophilin B1","gene with protein product"
534,T109662,22,0.0110,p1@FAM118A,e:55007,h:1313,Q9NWS6,FAM118A,"family with sequence similarity 118 member A","gene with protein product"
535,T147113,21,0.0105,p3@RAP1GDS1,e:5910,h:9859,"P52306,Q4QQI8,B3KNU0,Q499L7,Q9BUX6,E9PH06,Q6U7G8",RAP1GDS1,"Rap1 GTPase-GDP dissociation stimulator 1","gene with protein product"
536,T145951,21,0.0105,p4@ANXA3,e:306,h:541,P12429,ANXA3,"annexin A3","gene with protein product"
537,T057262,21,0.0105,p1@FNDC8,e:54752,h:25286,Q8TC99,FNDC8,"fibronectin type III domain containing 8","gene with protein product"
538,T003453,21,0.0105,p1@DNAJC1,e:64215,h:20090,Q96KC8,DNAJC1,"DnaJ heat shock protein family (Hsp40) member C1","gene with protein product"
539,T028239,21,0.0105,p11@CAND1,e:55832,h:30688,Q86VP6,CAND1,"cullin associated and neddylation dissociated 1","gene with protein product"
540,T018270,21,0.0105,p8@ARHGEF17,e:9828,h:21726,Q96PE2,ARHGEF17,"Rho guanine nucleotide exchange factor 17","gene with protein product"
541,T034219,21,0.0104,p1@LINC00347,e:338864,h:27890,,LINC00347,"long intergenic non-protein coding RNA 347","RNA, long non-coding"
542,T171533,21,0.0104,p6@KIAA1549,e:57670,h:22219,Q9HCM3,KIAA1549,KIAA1549,"gene with protein product"
543,T108416,21,0.0104,p2@IFT27,e:11020,h:18626,,IFT27,"intraflagellar transport 27","gene with protein product"
544,T051880,20,0.0100,p3@BRD7,e:29117,h:14310,Q9NPI1,BRD7,"bromodomain containing 7","gene with protein product"
545,T057715,19,0.0095,p2@CWC25,e:54883,h:25989,B4DJK2,CWC25,"CWC25 spliceosome associated protein homolog","gene with protein product"
546,T055942,19,0.0095,p9@PEMT,e:10400,h:8830,Q9UBM1,PEMT,"phosphatidylethanolamine N-methyltransferase","gene with protein product"
547,T054223,19,0.0095,p1@CDYL2,e:124359,h:23030,Q8N8U2,CDYL2,"chromodomain Y-like 2","gene with protein product"
548,T063093,19,0.0094,p1@SPEM1,e:374768,h:32429,E9PCA5,SPEM1,"spermatid maturation 1","gene with protein product"
549,T101957,18,0.0090,p2@B4GALT5,e:9334,h:928,O43286,B4GALT5,"beta-1,4-galactosyltransferase 5","gene with protein product"
550,T179617,18,0.0090,p2@OXR1,e:55074,h:15822,"Q8N573,E5RFD1",OXR1,"oxidation resistance 1","gene with protein product"
551,T018240,18,0.0090,p5@FCHSD2,e:9873,h:29114,O94868,FCHSD2,"FCH and double SH3 domains 2","gene with protein product"
552,T092037,18,0.0090,p8@EFCAB2,e:84288,h:28166,Q5VUJ9,EFCAB2,"EF-hand calcium binding domain 2","gene with protein product"
553,T046664,18,0.0090,p1@UBE2Q2,e:92912,h:19248,Q8WVN8,UBE2Q2,"ubiquitin conjugating enzyme E2 Q2","gene with protein product"
554,T086088,17,0.0085,p1@C1orf49,e:84066,h:25366,"Q5T0K0,Q5T0J8",TEX35,"testis expressed 35","gene with protein product"
555,T080092,16,0.0080,p3@HENMT1,e:113802,h:26400,Q5T8I9,HENMT1,"HEN1 methyltransferase homolog 1","gene with protein product"
556,T004768,15,0.0075,p5@HNRNPF,e:3185,h:5039,P52597,HNRNPF,"heterogeneous nuclear ribonucleoprotein F","gene with protein product"
557,T080345,15,0.0075,p1@UBL4B,e:164153,h:32309,Q8N7F7,UBL4B,"ubiquitin like 4B","gene with protein product"
558,T122149,15,0.0075,p8@GALNT14,e:79623,h:22946,Q96FL9,GALNT14,"polypeptide N-acetylgalactosaminyltransferase 14","gene with protein product"
559,T126263,15,0.0075,p4@MRPS5,e:64969,h:14498,P82675,MRPS5,"mitochondrial ribosomal protein S5","gene with protein product"
560,T078512,15,0.0075,p2@ZNF805,e:390980,h:23272,,ZNF805,"zinc finger protein 805","gene with protein product"
561,T015737,15,0.0075,p9@RAB3IL1,e:5866,h:9780,,RAB3IL1,"RAB3A interacting protein like 1","gene with protein product"
562,T149876,15,0.0075,p36@ARHGAP26,e:23092,h:17073,,ARHGAP26,"Rho GTPase activating protein 26","gene with protein product"
563,T084904,15,0.0075,p2@C1orf111,e:284680,h:27648,Q5T0L3,SPATA46,"spermatogenesis associated 46","gene with protein product"
564,T093679,15,0.0075,p12@PHC2,e:1912,h:3183,B4DG61,PHC2,"polyhomeotic homolog 2","gene with protein product"
565,T080502,15,0.0075,p1@TTLL10,e:254173,h:26693,Q6ZVT0,TTLL10,"tubulin tyrosine ligase like 10","gene with protein product"
566,T109148,15,0.0075,p1@XPNPEP3,e:63929,h:28052,"Q9NQH7,F2Z316",XPNPEP3,"X-prolyl aminopeptidase 3","gene with protein product"
567,T107020,15,0.0075,p1@ZNF70,e:7621,h:13140,Q9UC06,ZNF70,"zinc finger protein 70","gene with protein product"
568,T056373,15,0.0075,p3@SMG6,e:23293,h:17809,Q86US8,SMG6,"SMG6, nonsense mediated mRNA decay factor","gene with protein product"
569,T201689,15,0.0075,p2@TTTY14,e:83869,h:18495,,TTTY14,"testis-specific transcript, Y-linked 14 (non-protein coding)","RNA, long non-coding"
570,T024636,15,0.0075,p3@H3F3C,e:440093,h:33164,Q6NXT2,H3F3C,"H3 histone family member 3C","gene with protein product"
571,T171797,15,0.0075,p1@PRSS37,e:136242,h:29211,"F8WBF8,A4D1T9",PRSS37,"protease, serine 37","gene with protein product"
572,T090044,15,0.0075,p9@DUSP10,e:11221,h:3065,,DUSP10,"dual specificity phosphatase 10","gene with protein product"
573,T084903,13,0.0065,p1@C1orf111,e:284680,h:27648,,SPATA46,"spermatogenesis associated 46","gene with protein product"
574,T058352,13,0.0065,p1@KRTAP4-11,e:653240,h:18911,"Q9BYQ6,Q9BYQ9",KRTAP4-11,"keratin associated protein 4-11","gene with protein product"
575,T025666,13,0.0065,p1@FAM186B,e:84070,h:25296,F8VRJ5,FAM186B,"family with sequence similarity 186 member B","gene with protein product"
576,T039058,13,0.0065,p3@TOMM20L,e:387990,h:33752,Q6UXN7,TOMM20L,"translocase of outer mitochondrial membrane 20 like","gene with protein product"
577,T107567,13,0.0065,p16@ASCC2,e:84164,h:24103,,ASCC2,"activating signal cointegrator 1 complex subunit 2","gene with protein product"
578,T109575,12,0.0060,p9@PARVG,e:64098,h:14654,,PARVG,"parvin gamma","gene with protein product"
579,T146009,12,0.0060,p1@PAQR3,e:152559,h:30130,"F8W784,Q6TCH7",PAQR3,"progestin and adipoQ receptor family member 3","gene with protein product"
580,T074726,12,0.0060,p1@DMRTC2,e:63946,h:13911,Q8IXT2,DMRTC2,"DMRT like family C2","gene with protein product"
581,T075045,12,0.0060,p3@TEX101,e:83639,h:30722,Q9BY14,TEX101,"testis expressed 101","gene with protein product"
582,T072810,12,0.0060,p2@LSM14A,e:26065,h:24489,Q8ND56,LSM14A,"LSM14A, mRNA processing body assembly factor","gene with protein product"
583,T061660,12,0.0060,p5@ACE,e:1636,h:2707,F6X3S4,ACE,"angiotensin I converting enzyme","gene with protein product"
584,T176348,12,0.0060,p1@LANCL2,e:55915,h:6509,,LANCL2,"LanC like 2","gene with protein product"
585,T042116,12,0.0060,p8@CERS3,e:204219,h:23752,Q8IU89,CERS3,"ceramide synthase 3","gene with protein product"
586,T016555,12,0.0060,p11@RASGRP2,e:10235,h:9879,A6NHE2,RASGRP2,"RAS guanyl releasing protein 2","gene with protein product"
587,T002322,11,0.0055,p20@C10orf90,e:118611,h:26563,"Q96M02,Q5T024",C10orf90,"chromosome 10 open reading frame 90","gene with protein product"
588,T187634,10,0.0050,p4@C9orf174,e:100499483,h:29303,,CCDC180,"coiled-coil domain containing 180","gene with protein product"
589,T088657,10,0.0050,p3@DYRK3,e:8444,h:3094,O43781,DYRK3,"dual specificity tyrosine phosphorylation regulated kinase 3","gene with protein product"
590,T054830,10,0.0050,p3@MAP1LC3B,e:81631,h:13352,"Q658J6,Q9GZQ8",MAP1LC3B,"microtubule associated protein 1 light chain 3 beta","gene with protein product"
591,T130779,9,0.0045,p2@GMPS,e:8833,h:4378,"P49915,A8K639",GMPS,"guanine monophosphate synthase","gene with protein product"
592,T104783,9,0.0045,p4@MRPS6,e:64968,h:14051,,MRPS6,"mitochondrial ribosomal protein S6","gene with protein product"
593,T144134,9,0.0045,p3@NFXL1,e:152518,h:18726,"Q6ZNB6,Q8J028",NFXL1,"nuclear transcription factor, X-box binding like 1","gene with protein product"
594,T057357,9,0.0045,p1@C17orf50,e:146853,h:29581,Q8WW18,C17orf50,"chromosome 17 open reading frame 50","gene with protein product"
595,T022123,9,0.0045,p2@BCL2L14,e:79370,h:16657,C9J3S1,BCL2L14,"BCL2 like 14","gene with protein product"
596,T174065,9,0.0045,p3@MPP6,e:51678,h:18167,C9JGI8,MPP6,"membrane palmitoylated protein 6","gene with protein product"
597,T149433,9,0.0045,p8@UBE2D2,e:7322,h:12475,D6RFM0,UBE2D2,"ubiquitin conjugating enzyme E2 D2","gene with protein product"
598,T009404,9,0.0045,p2@KDELC2,e:143888,h:28496,Q7Z4H8,KDELC2,"KDEL motif containing 2","gene with protein product"
599,T135336,9,0.0045,p3@DHX30,e:22907,h:16716,Q7L2E3,DHX30,"DExH-box helicase 30","gene with protein product"
600,T018237,9,0.0045,p6@FCHSD2,e:9873,h:29114,O94868,FCHSD2,"FCH and double SH3 domains 2","gene with protein product"
601,T052415,9,0.0045,p4@CPNE2,e:221184,h:2315,,CPNE2,"copine 2","gene with protein product"
602,T039059,9,0.0045,p1@TOMM20L,e:387990,h:33752,"Q6UXN7,G3V4A4",TOMM20L,"translocase of outer mitochondrial membrane 20 like","gene with protein product"
603,T191827,9,0.0045,p2@ZDHHC21,e:340481,h:20750,"Q8IVQ6,Q9P0D9",ZDHHC21,"zinc finger DHHC-type containing 21","gene with protein product"
604,T052578,9,0.0045,p28@KIFC3,e:3801,h:6326,F5H3M2,KIFC3,"kinesin family member C3","gene with protein product"
605,T105788,9,0.0045,p2@TRAPPC10,e:7109,h:11868,"P48553,Q86SI7",TRAPPC10,"trafficking protein particle complex 10","gene with protein product"
606,T173161,9,0.0045,p1@UBE3C,e:9690,h:16803,Q15386,UBE3C,"ubiquitin protein ligase E3C","gene with protein product"
607,T182399,9,0.0045,p15@SHARPIN,e:81858,h:25321,,SHARPIN,"SHANK associated RH domain interactor","gene with protein product"
608,T121568,9,0.0045,p1@AGBL5,e:60509,h:26147,C9JTY1,AGBL5,"ATP/GTP binding protein like 5","gene with protein product"
609,T126531,9,0.0045,p2@ANKRD36B,,h:29333,,ANKRD36B,"ankyrin repeat domain 36B","gene with protein product"
610,T056542,9,0.0045,p1@IFT20,e:90410,h:30989,Q8IY31,IFT20,"intraflagellar transport 20","gene with protein product"
611,T116977,9,0.0045,p4@BOLL,e:66037,h:14273,Q8N9W6,BOLL,"boule homolog, RNA binding protein","gene with protein product"
612,T085198,8,0.0040,p5@MAEL,e:84944,h:25929,Q96JY0,MAEL,"maelstrom spermatogenic transposon silencer","gene with protein product"
613,T072376,7,0.0035,p2@SLC39A3,e:29985,h:17128,Q9BRY0,SLC39A3,"solute carrier family 39 member 3","gene with protein product"
614,T194301,7,0.0035,p1@FAM75D5,e:347127,h:38602,,SPATA31D5P,"SPATA31 subfamily D member 5, pseudogene",pseudogene
615,T079228,7,0.0035,p1@PCP2,e:126006,h:30209,Q8IVA1,PCP2,"Purkinje cell protein 2","gene with protein product"
616,T121606,7,0.0035,p1@C2orf53,e:339779,h:28677,"Q53SZ7,C9JVA3",PRR30,"proline rich 30","gene with protein product"
617,T038196,7,0.0035,p13@CTAGE5,e:4253,h:7057,,CTAGE5,"CTAGE family member 5, ER export factor","gene with protein product"
618,T173187,7,0.0035,p14@DNAJB6,e:10049,h:14888,,DNAJB6,"DnaJ heat shock protein family (Hsp40) member B6","gene with protein product"
619,T185208,6,0.0030,p3@RB1CC1,e:9821,h:15574,,RB1CC1,"RB1 inducible coiled-coil 1","gene with protein product"
620,T053838,6,0.0030,p1@JMJD8,e:339123,h:14148,Q96S16,JMJD8,"jumonji domain containing 8","gene with protein product"
621,T060766,6,0.0030,p1@KIF2B,e:84643,h:29443,E9PD67,KIF2B,"kinesin family member 2B","gene with protein product"
622,T110391,6,0.0030,p18@MAP4K4,e:9448,h:6866,,MAP4K4,"mitogen-activated protein kinase kinase kinase kinase 4","gene with protein product"
623,T004142,6,0.0030,p1@LYZL2,e:119180,h:29613,Q7Z4W2,LYZL2,"lysozyme like 2","gene with protein product"
624,T151293,6,0.0030,p4@TIMD4,e:91937,h:25132,,TIMD4,"T-cell immunoglobulin and mucin domain containing 4","gene with protein product"
625,T096803,6,0.0030,p4@ZZZ3,e:26009,h:24523,,ZZZ3,"zinc finger ZZ-type containing 3","gene with protein product"
626,T069324,6,0.0030,p1@TXNDC2,e:84203,h:16470,Q86VQ3,TXNDC2,"thioredoxin domain containing 2","gene with protein product"
627,T061418,6,0.0030,p1@C17orf64,e:124773,h:26990,Q86WR6,C17orf64,"chromosome 17 open reading frame 64","gene with protein product"
628,T103908,6,0.0030,p3@NRIP1,e:8204,h:8001,P48552,NRIP1,"nuclear receptor interacting protein 1","gene with protein product"
629,T066651,6,0.0030,p5@RNF138,e:51444,h:17765,,RNF138,"ring finger protein 138","gene with protein product"
630,T200835,6,0.0030,p1@CXorf65,e:158830,h:33713,C9J8K0,CXorf65,"chromosome X open reading frame 65","gene with protein product"
631,T184645,6,0.0030,p1@ADAM2,e:2515,h:198,"Q6P2G0,B4DWY7",ADAM2,"ADAM metallopeptidase domain 2","gene with protein product"
632,T105787,6,0.0030,p27@AGPAT3,e:56894,h:326,C9JK35,AGPAT3,"1-acylglycerol-3-phosphate O-acyltransferase 3","gene with protein product"
633,T196637,6,0.0030,p5@DOCK11,e:139818,h:23483,A6NIW2,DOCK11,"dedicator of cytokinesis 11","gene with protein product"
634,T058328,6,0.0030,p13@KRT23,e:25984,h:6438,"Q8TC04,Q9C075,Q9UFN7,B2RBC7",KRT23,"keratin 23","gene with protein product"
635,T075443,6,0.0030,p4@CLPTM1,e:1209,h:2087,F5H8J3,CLPTM1,"CLPTM1, transmembrane protein","gene with protein product"
636,T009193,6,0.0030,p1@CARD18,e:59082,h:28861,P57730,CARD18,"caspase recruitment domain family member 18","gene with protein product"
637,T185479,6,0.0030,p5@FAM110B,e:90362,h:28587,,FAM110B,"family with sequence similarity 110 member B","gene with protein product"
638,T011121,6,0.0030,p1@TMEM225,e:338661,h:32390,"Q6GV28,E9PLT9",TMEM225,"transmembrane protein 225","gene with protein product"
639,T007472,6,0.0030,p3@DYDC1,e:143241,h:23460,,DYDC1,"DPY30 domain containing 1","gene with protein product"
640,T093927,6,0.0030,p2@THRAP3,e:9967,h:22964,Q9Y2W1,THRAP3,"thyroid hormone receptor associated protein 3","gene with protein product"
641,T105536,6,0.0030,p3@RSPH1,e:89765,h:12371,Q8WYR4,RSPH1,"radial spoke head 1 homolog","gene with protein product"
642,T158708,6,0.0030,p15@NCOA7,e:135112,h:21081,"B3KXK4,B7Z2C4,Q8N3C8,Q8NI08",NCOA7,"nuclear receptor coactivator 7","gene with protein product"
643,T133449,6,0.0030,p1@ZDHHC19,e:131540,h:20713,Q8WVZ1,ZDHHC19,"zinc finger DHHC-type containing 19","gene with protein product"
644,T006075,6,0.0030,p2@SIRT1,e:23411,h:14929,Q96EB6,SIRT1,"sirtuin 1","gene with protein product"
645,T138424,6,0.0030,p20@SLC39A8,e:64116,h:20862,Q9C0K1,SLC39A8,"solute carrier family 39 member 8","gene with protein product"
646,T008508,6,0.0030,p4@LARP4B,e:23185,h:28987,B5MCU2,LARP4B,"La ribonucleoprotein domain family member 4B","gene with protein product"
647,T021102,6,0.0030,p1@ATXN2,e:6311,h:10555,,ATXN2,"ataxin 2","gene with protein product"
648,T077190,6,0.0030,p4@KDM4B,e:23030,h:29136,O94953,KDM4B,"lysine demethylase 4B","gene with protein product"
649,T085705,6,0.0030,p5@C1orf9,e:51430,h:1240,Q9UBS9,SUCO,"SUN domain containing ossification factor","gene with protein product"
650,T053506,6,0.0030,p2@DDX19B,e:11269,h:2742,E7EMK4,DDX19B,"DEAD-box helicase 19B","gene with protein product"
651,T084420,6,0.0030,p4@ATP1A4,e:480,h:14073,Q13733,ATP1A4,"ATPase Na+/K+ transporting subunit alpha 4","gene with protein product"
652,T110200,6,0.0030,p3@SYCE3,e:644186,h:35245,A1L190,SYCE3,"synaptonemal complex central element protein 3","gene with protein product"
653,T182768,6,0.0030,p1@PCM1,e:5108,h:8727,"E7EV93,E9PGW9",PCM1,"pericentriolar material 1","gene with protein product"
654,T056532,6,0.0030,p2@KRT18P55,e:284085,h:26874,,KRT18P55,"keratin 18 pseudogene 55",pseudogene
655,T016233,6,0.0030,p5@PRKCDBP,e:112464,h:9400,,PRKCDBP,"protein kinase C delta binding protein","gene with protein product"
656,T193266,6,0.0030,p1@DCAF10,e:79269,h:23686,Q5QP82,DCAF10,"DDB1 and CUL4 associated factor 10","gene with protein product"
657,T179363,6,0.0030,p1@PRSS55,e:203074,h:30824,"Q6UWB4,E5RJX5",PRSS55,"protease, serine 55","gene with protein product"
658,T176006,5,0.0025,p13@TNS3,e:64759,h:21616,"E7ERH3,Q68CZ2,F5GXX8",TNS3,"tensin 3","gene with protein product"
659,T025667,5,0.0025,p2@FAM186B,e:84070,h:25296,Q8IYM0,FAM186B,"family with sequence similarity 186 member B","gene with protein product"
660,T099182,4,0.0020,p1@CST9L,e:128821,h:16233,Q9H4G1,CST9L,"cystatin 9-like","gene with protein product"
661,T062664,4,0.0020,p2@ACADVL,e:37,h:92,P49748,ACADVL,"acyl-CoA dehydrogenase, very long chain","gene with protein product"
662,T043439,4,0.0020,p1@BAHD1,e:22893,h:29153,Q8TBE0,BAHD1,"bromo adjacent homology domain containing 1","gene with protein product"
663,T067704,3,0.0015,p1@POLI,e:11201,h:9182,Q9UNA4,POLI,"DNA polymerase iota","gene with protein product"
664,T064723,3,0.0015,p1@SLC38A10,e:124565,h:28237,Q9HBR0,SLC38A10,"solute carrier family 38 member 10","gene with protein product"
665,T045068,3,0.0015,p1@LDHAL6B,e:92483,h:21481,Q9BYZ2,LDHAL6B,"lactate dehydrogenase A like 6B","gene with protein product"
666,T127831,3,0.0015,p8@IGSF11,e:152404,h:16669,,IGSF11,"immunoglobulin superfamily member 11","gene with protein product"
667,T075102,3,0.0015,p2@SRRM5,e:100170229,h:37248,"B3KS81,Q4G0Z0",SRRM5,"serine/arginine repetitive matrix 5","gene with protein product"
668,T008202,3,0.0015,p1@MARK2P9,e:100507674,h:39800,,MARK2P9,"microtubule affinity regulating kinase 2 pseudogene 9",pseudogene
669,T164587,3,0.0015,p15@BRD2,e:6046,h:1103,"A2AAU0,P25440,Q658Y7",BRD2,"bromodomain containing 2","gene with protein product"
670,T085237,3,0.0015,p9@POU2F1,e:5451,h:9212,,POU2F1,"POU class 2 homeobox 1","gene with protein product"
671,T072174,3,0.0015,p2@ZNF98,e:148198,h:13174,A6NK75,ZNF98,"zinc finger protein 98","gene with protein product"
672,T135869,3,0.0015,p1@NAT6,e:24142,h:30252,Q93015,NAT6,"N-acetyltransferase 6","gene with protein product"
673,T162158,3,0.0015,p1@C6orf70,e:55780,h:21056,"Q5T6L9,F8WAF1",ERMARD,"ER membrane associated RNA degradation","gene with protein product"
674,T057737,3,0.0015,p3@ITGAE,e:3682,h:6147,P38570,ITGAE,"integrin subunit alpha E","gene with protein product"
675,T040829,3,0.0015,p4@SPTLC2,e:9517,h:11278,O15270,SPTLC2,"serine palmitoyltransferase long chain base subunit 2","gene with protein product"
676,T073232,3,0.0015,p2@GAPDHS,e:26330,h:24864,O14556,GAPDHS,"glyceraldehyde-3-phosphate dehydrogenase, spermatogenic","gene with protein product"
677,T137592,3,0.0015,p7@GBE1,e:2632,h:4180,"Q04446,Q59ET0",GBE1,"1,4-alpha-glucan branching enzyme 1","gene with protein product"
678,T037636,3,0.0015,p1@HECTD1,e:25831,h:20157,,HECTD1,"HECT domain E3 ubiquitin protein ligase 1","gene with protein product"
679,T061419,3,0.0015,p5@C17orf64,e:124773,h:26990,Q86WR6,C17orf64,"chromosome 17 open reading frame 64","gene with protein product"
680,T122552,3,0.0015,p6@FAM82A1,e:151393,h:26567,"C9JGB2,Q96LZ7",RMDN2,"regulator of microtubule dynamics 2","gene with protein product"
681,T176185,3,0.0015,p1@GRB10,e:2887,h:4564,Q13322,GRB10,"growth factor receptor bound protein 10","gene with protein product"
682,T047263,3,0.0015,p6@BNC1,e:646,h:1081,F5GY04,BNC1,"basonuclin 1","gene with protein product"
683,T145686,3,0.0015,p2@ART3,e:419,h:725,"E9PGR5,Q13508",ART3,"ADP-ribosyltransferase 3","gene with protein product"
684,T025749,3,0.0015,p5@FAIM2,e:23017,h:17067,F8W1L3,FAIM2,"Fas apoptotic inhibitory molecule 2","gene with protein product"
685,T151395,3,0.0015,p3@SOX30,e:11063,h:30635,O94993,SOX30,"SRY-box 30","gene with protein product"
686,T057389,3,0.0015,p2@LYZL6,e:57151,h:29614,O75951,LYZL6,"lysozyme like 6","gene with protein product"
687,T091115,3,0.0015,p3@TARBP1,e:6894,h:11568,Q13395,TARBP1,"TAR (HIV-1) RNA binding protein 1","gene with protein product"
688,T121608,3,0.0015,p3@C2orf53,e:339779,h:28677,Q53SZ7,PRR30,"proline rich 30","gene with protein product"
689,T051600,3,0.0015,p1@C16orf96,e:342346,h:40031,A6NNT2,C16orf96,"chromosome 16 open reading frame 96","gene with protein product"
690,T075153,3,0.0015,p2@IRGC,e:56269,h:28835,Q6NXR0,IRGC,"immunity related GTPase cinema","gene with protein product"
691,T036400,3,0.0015,p1@TPPP2,e:122664,h:19293,"P59282,D6RIC1",TPPP2,"tubulin polymerization promoting protein family member 2","gene with protein product"
692,T190526,3,0.0015,p25@NUP214,e:8021,h:8064,,NUP214,"nucleoporin 214","gene with protein product"
693,T024886,3,0.0015,p3@MUC19,,h:14362,,MUC19,"mucin 19, oligomeric","gene with protein product"
694,T196839,3,0.0015,p31@CUL4B,e:8450,h:2555,,CUL4B,"cullin 4B","gene with protein product"
695,T136038,3,0.0015,p1@IQCF5,e:389124,h:35159,A8MTL0,IQCF5,"IQ motif containing F5","gene with protein product"
696,T150780,3,0.0015,p1@C5orf62,e:85027,h:30248,,SMIM3,"small integral membrane protein 3","gene with protein product"
697,T063609,3,0.0015,p4@JMJD6,e:23210,h:19355,"B2WTI3,Q6NYC1,B2WTI4",JMJD6,"arginine demethylase and lysine hydroxylase","gene with protein product"
698,T168264,3,0.0015,p1@SPACA1,e:81833,h:14967,Q9HBV2,SPACA1,"sperm acrosome associated 1","gene with protein product"
699,T074721,3,0.0015,p1@LYPD4,e:147719,h:28659,Q6UWN0,LYPD4,"LY6/PLAUR domain containing 4","gene with protein product"
700,T003854,3,0.0015,p6@ARMC4,e:55130,h:25583,B7Z7I1,ARMC4,"armadillo repeat containing 4","gene with protein product"
701,T003452,3,0.0015,p2@DNAJC1,e:64215,h:20090,Q96KC8,DNAJC1,"DnaJ heat shock protein family (Hsp40) member C1","gene with protein product"
702,T100768,3,0.0015,p1@ZHX3,e:23051,h:15935,,ZHX3,"zinc fingers and homeoboxes 3","gene with protein product"
703,T100130,3,0.0015,p1@C20orf173,e:140873,h:16166,"Q96LM9,Q4VXS0,E9PFA0,Q4VXR9",C20orf173,"chromosome 20 open reading frame 173","gene with protein product"
704,T083596,3,0.0015,p1@C1orf182,e:128229,h:30636,Q96A04,TSACC,"TSSK6 activating cochaperone","gene with protein product"
705,T153708,3,0.0015,p1@DNAJC21,e:134218,h:27030,Q5F1R6,DNAJC21,"DnaJ heat shock protein family (Hsp40) member C21","gene with protein product"
706,T064721,3,0.0015,p4@SLC38A10,e:124565,h:28237,,SLC38A10,"solute carrier family 38 member 10","gene with protein product"
707,T166165,3,0.0015,p1@CAPN11,e:11131,h:1478,"Q9UMQ6,E9PIX3,E9PQZ4,F5GX91",CAPN11,"calpain 11","gene with protein product"
708,T027878,3,0.0015,p4@RPS11P6,,h:36693,,RPS11P6,"ribosomal protein S11 pseudogene 6",pseudogene
709,T121562,3,0.0015,p3@MAPRE3,e:22924,h:6892,,MAPRE3,"microtubule associated protein RP/EB family member 3","gene with protein product"
710,T071890,3,0.0015,p2@PBX4,e:80714,h:13403,,PBX4,"PBX homeobox 4","gene with protein product"
711,T015428,3,0.0015,p2@MS4A5,e:64232,h:13374,E9PKT5,MS4A5,"membrane spanning 4-domains A5","gene with protein product"
712,T144265,3,0.0015,p5@USP46,e:64854,h:20075,D6RIX7,USP46,"ubiquitin specific peptidase 46","gene with protein product"
713,T049691,3,0.0015,p5@DCUN1D3,e:123879,h:28734,Q8IWE4,DCUN1D3,"defective in cullin neddylation 1 domain containing 3","gene with protein product"
714,T087948,3,0.0015,p1@KDM5B,e:10765,h:18039,"Q9UFD3,Q9UGL1",KDM5B,"lysine demethylase 5B","gene with protein product"
715,T192045,3,0.0015,p2@FAM154A,e:158297,h:28566,"Q5VZT6,F6S232",SAXO1,"stabilizer of axonemal microtubules 1","gene with protein product"
716,T025777,3,0.0015,p2@AQP5,e:362,h:638,P55064,AQP5,"aquaporin 5","gene with protein product"
717,T055755,3,0.0015,p6@NCOR1,e:9611,h:7672,,NCOR1,"nuclear receptor corepressor 1","gene with protein product"
718,T113705,3,0.0015,p20@GPD2,e:2820,h:4456,"P43304,E9PDK4",GPD2,"glycerol-3-phosphate dehydrogenase 2","gene with protein product"
719,T036399,3,0.0015,p3@TPPP2,e:122664,h:19293,P59282,TPPP2,"tubulin polymerization promoting protein family member 2","gene with protein product"
720,T109472,3,0.0015,p1@TTLL1,e:25809,h:1312,,TTLL1,"tubulin tyrosine ligase like 1","gene with protein product"
721,T076556,3,0.0015,p1@TULP2,e:7288,h:12424,O00295,TULP2,"tubby like protein 2","gene with protein product"
722,T001495,3,0.0015,p6@C10orf82,e:143379,h:28500,Q8WW14,C10orf82,"chromosome 10 open reading frame 82","gene with protein product"
723,T098929,3,0.0015,p2@RALGAPA2,e:57186,h:16207,Q2PPJ7,RALGAPA2,"Ral GTPase activating protein catalytic alpha subunit 2","gene with protein product"
724,T012253,3,0.0015,p5@NUCB2,e:4925,h:8044,E9PLR0,NUCB2,"nucleobindin 2","gene with protein product"
725,T030133,3,0.0015,p1@C12orf12,e:196477,h:28373,Q8TC90,CCER1,"coiled-coil glutamate rich protein 1","gene with protein product"
726,T123199,3,0.0015,p2@ATP6V1E2,e:90423,h:18125,Q96A05,ATP6V1E2,"ATPase H+ transporting V1 subunit E2","gene with protein product"
727,T016649,3,0.0015,p43@EHD1,e:10938,h:3242,C9JIJ3,EHD1,"EH domain containing 1","gene with protein product"
728,T022676,3,0.0015,p6@UBC,e:7316,h:12468,F5GXK7,UBC,"ubiquitin C","gene with protein product"
729,T197914,3,0.0015,p3@AFF2,e:2334,h:3776,P51816,AFF2,"AF4/FMR2 family member 2","gene with protein product"
730,T165132,3,0.0015,p1@ARMC12,e:221481,h:21099,Q5T9G4,ARMC12,"armadillo repeat containing 12","gene with protein product"
731,T187665,3,0.0015,p8@NCBP1,e:4686,h:7658,Q09161,NCBP1,"nuclear cap binding protein subunit 1","gene with protein product"
732,T002237,3,0.0015,p1@DHX32,e:55760,h:16717,,DHX32,"DEAH-box helicase 32 (putative)","gene with protein product"
733,T078170,3,0.0015,p3@PPP6R1,e:22870,h:29195,B4DLT9,PPP6R1,"protein phosphatase 6 regulatory subunit 1","gene with protein product"
734,T037634,3,0.0015,p4@HECTD1,e:25831,h:20157,"Q9ULT8,G3V4V5",HECTD1,"HECT domain E3 ubiquitin protein ligase 1","gene with protein product"
735,T040648,3,0.0015,p1@TTLL5,e:23093,h:19963,"F8W7N3,Q6EMB2,E9PF35,Q2TAY9,G3V2J9",TTLL5,"tubulin tyrosine ligase like 5","gene with protein product"
736,T137422,3,0.0015,p2@GXYLT2,e:727936,h:33383,A0PJZ3,GXYLT2,"glucoside xylosyltransferase 2","gene with protein product"
737,T009865,3,0.0015,p2@TTC12,e:54970,h:23700,"A8K8G6,Q53G14,Q9H892",TTC12,"tetratricopeptide repeat domain 12","gene with protein product"
738,T160676,3,0.0015,p9@AKAP12,e:9590,h:370,,AKAP12,"A-kinase anchoring protein 12","gene with protein product"
739,T163080,3,0.0015,p10@ZNF391,e:346157,h:18779,,ZNF391,"zinc finger protein 391","gene with protein product"
740,T105285,3,0.0015,p5@B3GALT5,e:10317,h:920,,B3GALT5,"beta-1,3-galactosyltransferase 5","gene with protein product"
741,T063890,3,0.0015,p5@TNRC6C,e:57690,h:29318,,TNRC6C,"trinucleotide repeat containing 6C","gene with protein product"
742,T015172,3,0.0015,p10@CTNND1,e:1500,h:2515,"C9JZR2,E9PKY0,O60716",CTNND1,"catenin delta 1","gene with protein product"
743,T132568,3,0.0015,p5@IGF2BP2,e:10644,h:28867,Q9Y6M1,IGF2BP2,"insulin like growth factor 2 mRNA binding protein 2","gene with protein product"
744,T199451,3,0.0015,p3@RPGR,e:6103,h:10295,,RPGR,"retinitis pigmentosa GTPase regulator","gene with protein product"
745,T098276,3,0.0015,p4@SNX7,e:51375,h:14971,,SNX7,"sorting nexin 7","gene with protein product"
746,T159541,3,0.0015,p2@RANBP9,e:10048,h:13727,E9PD26,RANBP9,"RAN binding protein 9","gene with protein product"
747,T152951,3,0.0015,p1@CBY3,e:646019,h:33278,A6NI87,CBY3,"chibby family member 3","gene with protein product"
748,T193116,3,0.0015,p2@CCIN,e:881,h:1568,"Q13939,Q8WWB2,Q8WX35",CCIN,calicin,"gene with protein product"
749,T149872,3,0.0015,p4@ARHGAP26,e:23092,h:17073,Q9UNA1,ARHGAP26,"Rho GTPase activating protein 26","gene with protein product"
750,T017921,3,0.0015,p17@ANO1,e:55107,h:21625,,ANO1,"anoctamin 1","gene with protein product"
751,T056015,3,0.0015,p2@C17orf39,e:79018,h:28453,E2QRH3,GID4,"GID complex subunit 4 homolog","gene with protein product"
752,T001737,3,0.0015,p24@TIAL1,e:7073,h:11804,"Q49AS9,E7ETC0,A8K4L9,Q01085",TIAL1,"TIA1 cytotoxic granule associated RNA binding protein like 1","gene with protein product"
753,T104500,3,0.0015,p1@KRTAP19-3,e:337970,h:18938,Q7Z4W3,KRTAP19-3,"keratin associated protein 19-3","gene with protein product"
754,T126586,3,0.0015,p12@VWA3B,e:200403,h:28385,,VWA3B,"von Willebrand factor A domain containing 3B","gene with protein product"
755,T179335,3,0.0015,p2@ODF1,e:4956,h:8113,Q14990,ODF1,"outer dense fiber of sperm tails 1","gene with protein product"
756,T157657,3,0.0015,p4@PPIL6,e:285755,h:21557,Q8TAE1,PPIL6,"peptidylprolyl isomerase like 6","gene with protein product"
757,T136025,3,0.0015,p1@IQCF6,e:440956,h:35158,,IQCF6,"IQ motif containing F6","gene with protein product"
758,T188706,3,0.0015,p48@RGS3,e:5998,h:9999,"P49796,Q8WV02",RGS3,"regulator of G-protein signaling 3","gene with protein product"
759,T017184,3,0.0015,p3@CATSPER1,e:117144,h:17116,Q8NEC5,CATSPER1,"cation channel sperm associated 1","gene with protein product"
760,T006429,3,0.0015,p3@C10orf27,e:219793,h:23511,Q96M53,TBATA,"thymus, brain and testes associated","gene with protein product"
761,T182201,3,0.0015,p11@EEF1D,e:1936,h:3211,E9PPY1,EEF1D,"eukaryotic translation elongation factor 1 delta","gene with protein product"
762,T046310,3,0.0015,p2@TBC1D21,e:161514,h:28536,Q8IYX1,TBC1D21,"TBC1 domain family member 21","gene with protein product"
763,T136037,3,0.0015,p1@IQCF2,e:389123,h:31815,Q8IXL9,IQCF2,"IQ motif containing F2","gene with protein product"
764,T052625,3,0.0015,p2@TEPP,e:374739,h:33745,Q6URK8,TEPP,"testis, prostate and placenta expressed","gene with protein product"
