Hs-ATP6V0D2,2000,1000,T186889-ATP6V0D2,"p6@ATP6V0D2"
rank,ID,Fabs,Frel,association_with_transcript,entrezgene_id,hgnc_id,uniprot_id,gene_name,description,type
1,T154094,1982,0.9861,p8@C7,730,1346,,C7,"complement C7","gene with protein product"
2,T119696,1980,0.9851,p11@RHBDD1,84236,23081,,RHBDD1,"rhomboid domain containing 1","gene with protein product"
3,T138275,1972,0.9821,p6@MTTP,4547,7467,P55157,MTTP,"microsomal triglyceride transfer protein","gene with protein product"
4,T104483,1954,0.9746,p5@CLDN8,9073,2050,P56748,CLDN8,"claudin 8","gene with protein product"
5,T174338,1951,0.9731,p13@SKAP2,8935,15687,C9JQ17,SKAP2,"src kinase associated phosphoprotein 2","gene with protein product"
6,T119704,1947,0.9711,p13@RHBDD1,84236,23081,Q8TEB9,RHBDD1,"rhomboid domain containing 1","gene with protein product"
7,T154091,1947,0.9701,p5@C7,730,1346,,C7,"complement C7","gene with protein product"
8,T190164,1937,0.9656,p24@MPDZ,8777,7208,,MPDZ,"multiple PDZ domain crumbs cell polarity complex component","gene with protein product"
9,T138273,1932,0.9602,p4@MTTP,4547,7467,P55157,MTTP,"microsomal triglyceride transfer protein","gene with protein product"
10,T138216,1918,0.9566,p6@ADH4,127,252,P08319,ADH4,"alcohol dehydrogenase 4 (class II), pi polypeptide","gene with protein product"
11,T091944,1916,0.9551,p10@ZNF238,10472,13030,Q99592,ZBTB18,"zinc finger and BTB domain containing 18","gene with protein product"
12,T138225,1910,0.9531,p4@ADH6,130,255,,ADH6,"alcohol dehydrogenase 6 (class V)","gene with protein product"
13,T026586,1918,0.9523,p2@HOXC13,3229,5125,P31276,HOXC13,"homeobox C13","gene with protein product"
14,T138272,1915,0.9513,p3@MTTP,4547,7467,P55157,MTTP,"microsomal triglyceride transfer protein","gene with protein product"
15,T138276,1912,0.9512,p7@MTTP,4547,7467,P55157,MTTP,"microsomal triglyceride transfer protein","gene with protein product"
16,T058265,1910,0.9507,p6@KRT223P,,32968,,KRT223P,"keratin 223 pseudogene",pseudogene
17,T104479,1913,0.9503,p2@CLDN17,26285,2038,P56750,CLDN17,"claudin 17","gene with protein product"
18,T058277,1904,0.9501,p1@KRT28,162605,30842,Q7Z3Y7,KRT28,"keratin 28","gene with protein product"
19,T024404,1906,0.9492,p21@CCDC91,55297,24855,,CCDC91,"coiled-coil domain containing 91","gene with protein product"
20,T138215,1904,0.9482,p5@ADH4,127,252,P08319,ADH4,"alcohol dehydrogenase 4 (class II), pi polypeptide","gene with protein product"
21,T026588,1904,0.9477,p3@HOXC13,3229,5125,P31276,HOXC13,"homeobox C13","gene with protein product"
22,T091943,1897,0.9476,p9@ZNF238,10472,13030,Q99592,ZBTB18,"zinc finger and BTB domain containing 18","gene with protein product"
23,T104480,1900,0.9472,p1@CLDN17,26285,2038,P56750,CLDN17,"claudin 17","gene with protein product"
24,T024405,1905,0.9463,p22@CCDC91,55297,24855,,CCDC91,"coiled-coil domain containing 91","gene with protein product"
25,T154093,1898,0.9452,p7@C7,730,1346,,C7,"complement C7","gene with protein product"
26,T190163,1898,0.9452,p23@MPDZ,8777,7208,,MPDZ,"multiple PDZ domain crumbs cell polarity complex component","gene with protein product"
27,T189400,1892,0.9427,p48@TYRP1,7306,12450,Q6LES1,TYRP1,"tyrosinase related protein 1","gene with protein product"
28,T174337,1889,0.9426,p12@SKAP2,8935,15687,B7Z5N4,SKAP2,"src kinase associated phosphoprotein 2","gene with protein product"
29,T154095,1895,0.9409,p9@C7,730,1346,,C7,"complement C7","gene with protein product"
30,T104481,1894,0.9404,p4@CLDN17,26285,2038,P56750,CLDN17,"claudin 17","gene with protein product"
31,T186890,1887,0.9402,p7@ATP6V0D2,245972,18266,Q8N8Y2,ATP6V0D2,"ATPase H+ transporting V0 subunit d2","gene with protein product"
32,T199323,1883,0.9387,p3@PPP2R3B,28227,13417,C9JMU6,PPP2R3B,"protein phosphatase 2 regulatory subunit B''beta","gene with protein product"
33,T138305,1883,0.9382,p2@LAMTOR3,8649,15606,,LAMTOR3,"late endosomal/lysosomal adaptor, MAPK and MTOR activator 3","gene with protein product"
34,T104501,1881,0.9372,p1@KRTAP19-4,337971,18939,Q3LI73,KRTAP19-4,"keratin associated protein 19-4","gene with protein product"
35,T189417,1878,0.9357,p39@TYRP1,7306,12450,,TYRP1,"tyrosinase related protein 1","gene with protein product"
36,T036558,1877,0.9352,p6@TRAV8-1,,12146,,TRAV8-1,"T cell receptor alpha variable 8-1","T cell receptor gene"
37,T104482,1876,0.9333,p3@CLDN17,26285,2038,P56750,CLDN17,"claudin 17","gene with protein product"
38,T123876,1874,0.9333,p10@VRK2,7444,12719,,VRK2,"vaccinia related kinase 2","gene with protein product"
39,T026587,1874,0.9319,p4@HOXC13,3229,5125,P31276,HOXC13,"homeobox C13","gene with protein product"
40,T196329,1873,0.9318,p31@MID1,4281,7095,O15344,MID1,"midline 1","gene with protein product"
41,T119697,1871,0.9313,p12@RHBDD1,84236,23081,,RHBDD1,"rhomboid domain containing 1","gene with protein product"
42,T154092,1866,0.9293,p6@C7,730,1346,,C7,"complement C7","gene with protein product"
43,T138274,1858,0.9262,p5@MTTP,4547,7467,P55157,MTTP,"microsomal triglyceride transfer protein","gene with protein product"
44,T138223,1854,0.9242,p2@ADH6,130,255,,ADH6,"alcohol dehydrogenase 6 (class V)","gene with protein product"
45,T036701,1851,0.9214,p1@TRAV39,,12139,,TRAV39,"T cell receptor alpha variable 39","T cell receptor gene"
46,T104478,1841,0.9182,p6@CLDN17,26285,2038,P56750,CLDN17,"claudin 17","gene with protein product"
47,T138244,1845,0.9179,p2@ADH1C,126,251,P00326,ADH1C,"alcohol dehydrogenase 1C (class I), gamma polypeptide","gene with protein product"
48,T158328,1831,0.9119,p5@ASF1A,25842,20995,Q9Y294,ASF1A,"anti-silencing function 1A histone chaperone","gene with protein product"
49,T154090,1829,0.9100,p4@C7,730,1346,,C7,"complement C7","gene with protein product"
50,T138224,1820,0.9050,p3@ADH6,130,255,,ADH6,"alcohol dehydrogenase 6 (class V)","gene with protein product"
51,T104485,1812,0.9042,p4@CLDN8,9073,2050,P56748,CLDN8,"claudin 8","gene with protein product"
52,T104484,1818,0.9036,p1@CLDN8,9073,2050,P56748,CLDN8,"claudin 8","gene with protein product"
53,T104486,1816,0.9035,p2@CLDN8,9073,2050,"P56748,F5H2X4",CLDN8,"claudin 8","gene with protein product"
54,T144934,1816,0.9026,"p2@UGT2A1,p2@UGT2A2","10941,574537","12542,28183",,UGT2A1,"UDP glucuronosyltransferase family 2 member A1 complex locus","gene with protein product"
55,T186862,1806,0.8954,p2@CA1,759,1368,"P00915,E5RHP7",CA1,"carbonic anhydrase 1","gene with protein product"
56,T014303,1796,0.8949,p6@ALX4,60529,450,Q9H161,ALX4,"ALX homeobox 4","gene with protein product"
57,T111620,1798,0.8941,p10@EN1,2019,3342,Q05925,EN1,"engrailed homeobox 1","gene with protein product"
58,T195944,1791,0.8928,p4@TCEAL5,340543,22282,Q5H9L2,TCEAL5,"transcription elongation factor A like 5","gene with protein product"
59,T138243,1783,0.8871,p1@ADH1C,126,251,,ADH1C,"alcohol dehydrogenase 1C (class I), gamma polypeptide","gene with protein product"
60,T154096,1779,0.8860,p10@C7,730,1346,,C7,"complement C7","gene with protein product"
61,T026604,1772,0.8829,p7@HOTAIR,100124700,33510,,HOTAIR,"HOX transcript antisense RNA","RNA, long non-coding"
62,T026608,1771,0.8820,p2@HOXC11,3227,5123,O43248,HOXC11,"homeobox C11","gene with protein product"
63,T199680,1774,0.8817,p6@NDP,4693,7678,Q00604,NDP,"NDP, norrin cystine knot growth factor","gene with protein product"
64,T098431,1768,0.8800,p8@JAG1,182,6188,"P78504,Q99740",JAG1,"jagged 1","gene with protein product"
65,T104477,1774,0.8800,p5@CLDN17,26285,2038,P56750,CLDN17,"claudin 17","gene with protein product"
66,T026607,1760,0.8778,p14@HOXC11,3227,5123,O43248,HOXC11,"homeobox C11","gene with protein product"
67,T036735,1767,0.8778,p1@TRDJ2,,12258,,TRDJ2,"T cell receptor delta joining 2","T cell receptor gene"
68,T026585,1764,0.8776,p1@HOXC13,3229,5125,P31276,HOXC13,"homeobox C13","gene with protein product"
69,T129693,1765,0.8768,p92@ZBTB38,253461,26636,D6R9J6,ZBTB38,"zinc finger and BTB domain containing 38","gene with protein product"
70,T195949,1759,0.8751,p6@TCEAL5,340543,22282,Q5H9L2,TCEAL5,"transcription elongation factor A like 5","gene with protein product"
71,T104503,1757,0.8746,p1@KRTAP20-2,337976,18944,Q3LI61,KRTAP20-2,"keratin associated protein 20-2","gene with protein product"
72,T184653,1757,0.8741,p1@IDO2,169355,27269,,IDO2,"indoleamine 2,3-dioxygenase 2","gene with protein product"
73,T026606,1755,0.8731,p12@HOXC11,3227,5123,O43248,HOXC11,"homeobox C11","gene with protein product"
74,T014301,1754,0.8731,p2@ALX4,60529,450,Q9H161,ALX4,"ALX homeobox 4","gene with protein product"
75,T014304,1747,0.8700,p3@ALX4,60529,450,Q9H161,ALX4,"ALX homeobox 4","gene with protein product"
76,T104487,1736,0.8654,p3@CLDN8,9073,2050,"P56748,F5H2X4",CLDN8,"claudin 8","gene with protein product"
77,T096995,1738,0.8625,p4@LPHN2,23266,18582,,ADGRL2,"adhesion G protein-coupled receptor L2","gene with protein product"
78,T104497,1737,0.8620,p1@KRTAP13-2,337959,18923,Q52LG2,KRTAP13-2,"keratin associated protein 13-2","gene with protein product"
79,T014302,1716,0.8537,p5@ALX4,60529,450,Q9H161,ALX4,"ALX homeobox 4","gene with protein product"
80,T026589,1714,0.8532,p6@HOXC13,3229,5125,P31276,HOXC13,"homeobox C13","gene with protein product"
81,T002162,1697,0.8460,p2@METTL10,399818,33787,G3V238,METTL10,"methyltransferase like 10","gene with protein product"
82,T059951,1689,0.8416,p5@HOXB7,3217,5118,P09629,HOXB7,"homeobox B7","gene with protein product"
83,T186891,1688,0.8411,p8@ATP6V0D2,245972,18266,Q8N8Y2,ATP6V0D2,"ATPase H+ transporting V0 subunit d2","gene with protein product"
84,T184654,1688,0.8406,p14@IDO2,169355,27269,,IDO2,"indoleamine 2,3-dioxygenase 2","gene with protein product"
85,T183125,1685,0.8383,p3@HR,55806,5172,O43593,HR,"HR, lysine demethylase and nuclear receptor corepressor","gene with protein product"
86,T114765,1686,0.8363,p4@DLX1,1745,2914,"P56177,Q7Z724",DLX1,"distal-less homeobox 1","gene with protein product"
87,T144940,1676,0.8355,"p1@UGT2A1,p1@UGT2A2","10941,574537","12542,28183","Q9Y4X1,D6RHF3,E9PDM7",UGT2A1,"UDP glucuronosyltransferase family 2 member A1 complex locus","gene with protein product"
88,T014305,1665,0.8321,p7@ALX4,60529,450,Q9H161,ALX4,"ALX homeobox 4","gene with protein product"
89,T026605,1666,0.8301,p13@HOXC11,3227,5123,O43248,HOXC11,"homeobox C11","gene with protein product"
90,T141946,1656,0.8231,p3@FBXO8,26269,13587,Q9NRD0,FBXO8,"F-box protein 8","gene with protein product"
91,T013511,1650,0.8229,p3@PAX6,5080,8620,"P26367,B1B1I9,Q66SS1",PAX6,"paired box 6","gene with protein product"
92,T036572,1636,0.8156,p4@TRAV8-2,,12147,,TRAV8-2,"T cell receptor alpha variable 8-2","T cell receptor gene"
93,T003390,1635,0.8142,p1@C10orf114,399726,31448,Q5T4H9,CASC10,"cancer susceptibility candidate 10","gene with protein product"
94,T014300,1622,0.8078,p4@ALX4,60529,450,Q9H161,ALX4,"ALX homeobox 4","gene with protein product"
95,T059998,1619,0.8063,p2@HOXB13-AS1,,30143,,PRAC2,"prostate cancer susceptibility candidate 2","gene with protein product"
96,T139233,1611,0.8051,p2@PRSS12,8492,9477,"P56730,Q96I80",PRSS12,"protease, serine 12","gene with protein product"
97,T104471,1614,0.8026,p1@GRIK1,2897,4579,E7EPY9,GRIK1,"glutamate ionotropic receptor kainate type subunit 1","gene with protein product"
98,T060007,1595,0.7943,p7@HOXB13,10481,5112,Q92826,HOXB13,"homeobox B13","gene with protein product"
99,T114075,1582,0.7871,p9@SLC4A10,57282,13811,"F8W675,Q6U841,B7Z1R0",SLC4A10,"solute carrier family 4 member 10","gene with protein product"
100,T016433,1580,0.7865,p3@KCNK4,50801,6279,F5GYE0,KCNK4,"potassium two pore domain channel subfamily K member 4","gene with protein product"
101,T111624,1573,0.7853,p7@EN1,2019,3342,Q05925,EN1,"engrailed homeobox 1","gene with protein product"
102,T141945,1575,0.7840,p4@FBXO8,26269,13587,"Q8IXA8,Q9NRD0",FBXO8,"F-box protein 8","gene with protein product"
103,T102428,1567,0.7781,p18@ZNF217,7764,13009,,ZNF217,"zinc finger protein 217","gene with protein product"
104,T158329,1562,0.7779,p7@ASF1A,25842,20995,Q9Y294,ASF1A,"anti-silencing function 1A histone chaperone","gene with protein product"
105,T060001,1559,0.7741,p5@HOXB13,10481,5112,"Q4KR72,Q92826",HOXB13,"homeobox B13","gene with protein product"
106,T026583,1551,0.7740,p5@HOXC13,3229,5125,P31276,HOXC13,"homeobox C13","gene with protein product"
107,T026634,1555,0.7736,p5@HOXC6,3223,5128,D6RBH4,HOXC6,"homeobox C6","gene with protein product"
108,T191987,1552,0.7733,p50@BNC2,54796,30988,,BNC2,"basonuclin 2","gene with protein product"
109,T060004,1554,0.7727,p3@HOXB13,10481,5112,"Q4KR72,Q92826",HOXB13,"homeobox B13","gene with protein product"
110,T026594,1549,0.7722,p1@HOXC12,3228,5124,P31275,HOXC12,"homeobox C12","gene with protein product"
111,T195945,1540,0.7669,p1@TCEAL5,340543,22282,Q5H9L2,TCEAL5,"transcription elongation factor A like 5","gene with protein product"
112,T096994,1539,0.7668,p14@LPHN2,23266,18582,,ADGRL2,"adhesion G protein-coupled receptor L2","gene with protein product"
113,T026595,1537,0.7643,p2@HOXC12,3228,5124,P31275,HOXC12,"homeobox C12","gene with protein product"
114,T144935,1534,0.7624,"p3@UGT2A1,p3@UGT2A2","10941,574537","12542,28183",,UGT2A1,"UDP glucuronosyltransferase family 2 member A1 complex locus","gene with protein product"
115,T026603,1523,0.7588,p6@HOTAIR,100124700,33510,,HOTAIR,"HOX transcript antisense RNA","RNA, long non-coding"
116,T114769,1520,0.7577,p23@DLX1,1745,2914,,DLX1,"distal-less homeobox 1","gene with protein product"
117,T104018,1518,0.7556,p6@CXADR,1525,2559,P78310,CXADR,"coxsackie virus and adenovirus receptor","gene with protein product"
118,T059999,1518,0.7556,p1@HOXB13-AS1,360205,30143,,PRAC2,"prostate cancer susceptibility candidate 2","gene with protein product"
119,T013509,1517,0.7551,p9@PAX6,5080,8620,E9PIX4,PAX6,"paired box 6","gene with protein product"
120,T049647,1511,0.7544,p5@NPW,283869,30509,,NPW,"neuropeptide W","gene with protein product"
121,T123873,1510,0.7535,p3@VRK2,7444,12719,E7ERS5,VRK2,"vaccinia related kinase 2","gene with protein product"
122,T055191,1514,0.7532,p1@C16orf55,124045,26463,,SPATA33,"spermatogenesis associated 33","gene with protein product"
123,T096996,1510,0.7505,p10@LPHN2,23266,18582,,ADGRL2,"adhesion G protein-coupled receptor L2","gene with protein product"
124,T174392,1502,0.7495,p4@HOXA3,3200,5104,"E5RGW8,E5RIJ8",HOXA3,"homeobox A3","gene with protein product"
125,T195952,1503,0.7485,p1@BEX2,84707,30933,"F5H7H5,Q9BXY8",BEX2,"brain expressed X-linked 2","gene with protein product"
126,T066549,1497,0.7463,p1@DSC1,1823,3035,"Q08554,Q9HB00",DSC1,"desmocollin 1","gene with protein product"
127,T096990,1496,0.7446,p8@LPHN2,23266,18582,,ADGRL2,"adhesion G protein-coupled receptor L2","gene with protein product"
128,T114761,1487,0.7402,p8@DLX1,1745,2914,P56177,DLX1,"distal-less homeobox 1","gene with protein product"
129,T132040,1483,0.7393,p23@SOX2-OT,,20209,,SOX2-OT,"SOX2 overlapping transcript","RNA, long non-coding"
130,T104470,1480,0.7385,p3@GRIK1,2897,4579,P39086,GRIK1,"glutamate ionotropic receptor kainate type subunit 1","gene with protein product"
131,T036559,1481,0.7372,p2@TRAV8-1,,12146,,TRAV8-1,"T cell receptor alpha variable 8-1","T cell receptor gene"
132,T096998,1474,0.7355,p17@LPHN2,23266,18582,,ADGRL2,"adhesion G protein-coupled receptor L2","gene with protein product"
133,T066550,1475,0.7349,p3@DSC1,1823,3035,"Q08554,Q9HB00",DSC1,"desmocollin 1","gene with protein product"
134,T196522,1469,0.7338,p1@AMELX,265,461,Q99217,AMELX,"amelogenin, X-linked","gene with protein product"
135,T036730,1456,0.7247,p1@TRDJ4,,12260,,TRDJ4,"T cell receptor delta joining 4","T cell receptor gene"
136,T103991,1456,0.7233,p13@LINC00478,,1274,,MIR99AHG,"mir-99a-let-7c cluster host gene","RNA, long non-coding"
137,T091922,1453,0.7232,p13@AKT3,10000,393,F8VS91,AKT3,"AKT serine/threonine kinase 3","gene with protein product"
138,T174407,1439,0.7156,p1@HOXA3,3200,5104,,HOXA3,"homeobox A3","gene with protein product"
139,T014299,1434,0.7145,p1@ALX4,60529,450,Q9H161,ALX4,"ALX homeobox 4","gene with protein product"
140,T036573,1433,0.7140,p1@TRAV8-2,,12147,,TRAV8-2,"T cell receptor alpha variable 8-2","T cell receptor gene"
141,T132062,1426,0.7105,p12@SOX2-OT,,20209,,SOX2-OT,"SOX2 overlapping transcript","RNA, long non-coding"
142,T174346,1418,0.7051,p2@HOXA1,3198,5099,P49639,HOXA1,"homeobox A1","gene with protein product"
143,T123870,1418,0.7041,p2@VRK2,7444,12719,"Q86Y07,E9PFA9,E9PBU1",VRK2,"vaccinia related kinase 2","gene with protein product"
144,T199692,1411,0.7037,p1@EFHC2,80258,26233,"Q5JST6,C9JDN0",EFHC2,"EF-hand domain containing 2","gene with protein product"
145,T114762,1409,0.7006,p1@DLX1,1745,2914,F8VXJ2,DLX1,"distal-less homeobox 1","gene with protein product"
146,T048244,1406,0.7002,p11@NR2F2,7026,7976,Q3KQR7,NR2F2,"nuclear receptor subfamily 2 group F member 2","gene with protein product"
147,T060002,1406,0.7002,p2@HOXB13,10481,5112,"Q4KR72,Q92826",HOXB13,"homeobox B13","gene with protein product"
148,T059890,1401,0.6991,p5@HOXB2,3212,5113,P14652,HOXB2,"homeobox B2","gene with protein product"
149,T191986,1399,0.6981,p11@BNC2,54796,30988,,BNC2,"basonuclin 2","gene with protein product"
150,T026609,1395,0.6951,p3@HOXC11,3227,5123,O43248,HOXC11,"homeobox C11","gene with protein product"
151,T195965,1390,0.6926,p11@NGFRAP1,27018,13388,,BEX3,"brain expressed X-linked 3","gene with protein product"
152,T132042,1384,0.6906,p31@SOX2-OT,,20209,,SOX2-OT,"SOX2 overlapping transcript","RNA, long non-coding"
153,T174347,1387,0.6897,p1@HOXA1,3198,5099,"P49639,E7ERT8",HOXA1,"homeobox A1","gene with protein product"
154,T013510,1384,0.6896,p36@PAX6,5080,8620,E9PIX4,PAX6,"paired box 6","gene with protein product"
155,T111622,1376,0.6846,p8@EN1,2019,3342,Q05925,EN1,"engrailed homeobox 1","gene with protein product"
156,T195956,1373,0.6841,p2@WBP5,51186,30084,Q9UHQ7,TCEAL9,"transcription elongation factor A like 9","gene with protein product"
157,T138278,1369,0.6818,p2@MTTP,4547,7467,Q6P5T3,MTTP,"microsomal triglyceride transfer protein","gene with protein product"
158,T139234,1366,0.6816,p3@PRSS12,8492,9477,"P56730,Q96I80",PRSS12,"protease, serine 12","gene with protein product"
159,T026669,1370,0.6816,p16@HOXC4,3221,5126,,HOXC4,"homeobox C4","gene with protein product"
160,T096993,1363,0.6791,p13@LPHN2,23266,18582,,ADGRL2,"adhesion G protein-coupled receptor L2","gene with protein product"
161,T060006,1364,0.6789,p6@HOXB13,10481,5112,Q92826,HOXB13,"homeobox B13","gene with protein product"
162,T190135,1361,0.6785,p12@SET,6418,10760,Q5VXV2,SET,"SET nuclear proto-oncogene","gene with protein product"
163,T114050,1356,0.6746,p2@TBR1,10716,11590,,TBR1,"T-box, brain 1","gene with protein product"
164,T016432,1355,0.6745,p1@KCNK4,50801,6279,,KCNK4,"potassium two pore domain channel subfamily K member 4","gene with protein product"
165,T129723,1354,0.6740,p10@ZBTB38,253461,26636,D6R9U6,ZBTB38,"zinc finger and BTB domain containing 38","gene with protein product"
166,T195964,1347,0.6715,p10@NGFRAP1,27018,13388,,BEX3,"brain expressed X-linked 3","gene with protein product"
167,T016434,1346,0.6707,p4@KCNK4,50801,6279,Q9NYG8,KCNK4,"potassium two pore domain channel subfamily K member 4","gene with protein product"
168,T138878,1345,0.6698,p1@RNF212,285498,27729,"C9J8N0,Q495C1,D6RA97,D6R9L2",RNF212,"ring finger protein 212","gene with protein product"
169,T026602,1339,0.6678,p5@HOTAIR,100124700,33510,,HOTAIR,"HOX transcript antisense RNA","RNA, long non-coding"
170,T138318,1330,0.6637,p1@H2AFZ,3015,4741,,H2AFZ,"H2A histone family member Z","gene with protein product"
171,T062508,1324,0.6597,p1@SOX9,6662,11204,"P48436,E7EPD5",SOX9,"SRY-box 9","gene with protein product"
172,T049644,1320,0.6580,p2@NPW,283869,30509,Q8N729,NPW,"neuropeptide W","gene with protein product"
173,T036597,1320,0.6561,p1@TRAV13-2,,12109,,TRAV13-2,"T cell receptor alpha variable 13-2","T cell receptor gene"
174,T110449,1318,0.6554,p3@RRM2,6241,10452,C9JXC1,RRM2,"ribonucleotide reductase regulatory subunit M2","gene with protein product"
175,T104020,1316,0.6544,p4@CXADR,1525,2559,"P78310,B7WPI3",CXADR,"coxsackie virus and adenovirus receptor","gene with protein product"
176,T066536,1310,0.6534,p3@DSC2,1824,3036,F8W7U2,DSC2,"desmocollin 2","gene with protein product"
177,T029769,1310,0.6524,p1@NTS,4922,8038,"P30990,G3V1X6,Q6FH20",NTS,neurotensin,"gene with protein product"
178,T111621,1311,0.6519,p1@EN1,2019,3342,Q05925,EN1,"engrailed homeobox 1","gene with protein product"
179,T123994,1305,0.6505,p6@BCL11A,53335,13221,,BCL11A,"B-cell CLL/lymphoma 11A","gene with protein product"
180,T103990,1306,0.6491,p29@LINC00478,,1274,,MIR99AHG,"mir-99a-let-7c cluster host gene","RNA, long non-coding"
181,T196327,1303,0.6479,p30@MID1,4281,7095,O15344,MID1,"midline 1","gene with protein product"
182,T051581,1298,0.6458,p3@NMRAL1,57407,24987,Q9HBL8,NMRAL1,"NmrA like redox sensor 1","gene with protein product"
183,T060008,1288,0.6418,p4@HOXB13,10481,5112,Q92826,HOXB13,"homeobox B13","gene with protein product"
184,T186871,1284,0.6398,p1@CA2,760,1373,E5RK37,CA2,"carbonic anhydrase 2","gene with protein product"
185,T060003,1283,0.6396,p1@HOXB13,10481,5112,"Q4KR72,Q92826",HOXB13,"homeobox B13","gene with protein product"
186,T026668,1282,0.6388,p15@HOXC4,3221,5126,,HOXC4,"homeobox C4","gene with protein product"
187,T034989,1284,0.6385,p1@H2AFZP3,,38013,,H2AFZP3,"H2A histone family member Z pseudogene 3",pseudogene
188,T026611,1278,0.6371,p5@HOXC11,3227,5123,O43248,HOXC11,"homeobox C11","gene with protein product"
189,T195942,1278,0.6361,p2@TCEAL8,90843,28683,Q8IYN2,TCEAL8,"transcription elongation factor A like 8","gene with protein product"
190,T066537,1276,0.6358,p12@DSC2,1824,3036,F8W7U2,DSC2,"desmocollin 2","gene with protein product"
191,T129722,1276,0.6348,p60@ZBTB38,253461,26636,D6R9U6,ZBTB38,"zinc finger and BTB domain containing 38","gene with protein product"
192,T060009,1270,0.6309,p9@HOXB13,10481,5112,Q92826,HOXB13,"homeobox B13","gene with protein product"
193,T138323,1268,0.6299,p8@H2AFZ,3015,4741,P0C0S5,H2AFZ,"H2A histone family member Z","gene with protein product"
194,T049645,1262,0.6279,p1@NPW,283869,30509,Q8N729,NPW,"neuropeptide W","gene with protein product"
195,T123993,1252,0.6232,p4@BCL11A,53335,13221,,BCL11A,"B-cell CLL/lymphoma 11A","gene with protein product"
196,T141933,1251,0.6230,p4@CEP44,80817,29356,Q9C0F1,CEP44,"centrosomal protein 44","gene with protein product"
197,T059952,1244,0.6214,p4@HOXB7,3217,5118,P09629,HOXB7,"homeobox B7","gene with protein product"
198,T141940,1244,0.6192,p2@CEP44,80817,29356,D6RBX1,CEP44,"centrosomal protein 44","gene with protein product"
199,T024366,1241,0.6174,p6@PTHLH,5744,9607,"P12272,Q53XY9",PTHLH,"parathyroid hormone like hormone","gene with protein product"
200,T154088,1235,0.6141,p3@C7,730,1346,,C7,"complement C7","gene with protein product"
201,T174446,1233,0.6140,p17@HOXA11-AS1,,24957,,HOXA11-AS,"HOXA11 antisense RNA","RNA, long non-coding"
202,T098430,1233,0.6137,p1@JAG1,182,6188,P78504,JAG1,"jagged 1","gene with protein product"
203,T114782,1233,0.6134,p1@DLX2,1746,2915,"Q07687,B7ZA14",DLX2,"distal-less homeobox 2","gene with protein product"
204,T191977,1228,0.6122,p5@BNC2,54796,30988,,BNC2,"basonuclin 2","gene with protein product"
205,T072175,1228,0.6097,p1@ZNF98,148198,13174,A6NK75,ZNF98,"zinc finger protein 98","gene with protein product"
206,T196328,1222,0.6095,p27@MID1,4281,7095,O15344,MID1,"midline 1","gene with protein product"
207,T059256,1223,0.6085,p2@C17orf104,284071,26670,"A2RUB1,C9JC06",MEIOC,"meiosis specific with coiled-coil domain","gene with protein product"
208,T055167,1214,0.6046,p3@CPNE7,27132,2320,E9PJ31,CPNE7,"copine 7","gene with protein product"
209,T026599,1207,0.6014,p4@HOTAIR,,33510,,HOTAIR,"HOX transcript antisense RNA","RNA, long non-coding"
210,T152870,1208,0.6013,p1@COL23A1,91522,22990,Q86Y22,COL23A1,"collagen type XXIII alpha 1 chain","gene with protein product"
211,T026621,1196,0.5968,p7@HOXC10,3226,5122,Q9NYD6,HOXC10,"homeobox C10","gene with protein product"
212,T019778,1191,0.5922,p7@MTMR2,8898,7450,Q13614,MTMR2,"myotubularin related protein 2","gene with protein product"
213,T048245,1178,0.5869,p20@NR2F2,7026,7976,Q3KQR7,NR2F2,"nuclear receptor subfamily 2 group F member 2","gene with protein product"
214,T114763,1163,0.5798,p6@DLX1,1745,2914,F8VXJ2,DLX1,"distal-less homeobox 1","gene with protein product"
215,T180812,1165,0.5793,p2@MYC,4609,7553,P01106,MYC,"v-myc avian myelocytomatosis viral oncogene homolog","gene with protein product"
216,T194905,1158,0.5773,p8@OGN,4969,8126,Q5TBF5,OGN,osteoglycin,"gene with protein product"
217,T098428,1161,0.5768,p3@JAG1,182,6188,P78504,JAG1,"jagged 1","gene with protein product"
218,T174674,1157,0.5765,p10@WIPF3,644150,22004,,WIPF3,"WAS/WASL interacting protein family member 3","gene with protein product"
219,T191985,1151,0.5741,p20@BNC2,54796,30988,,BNC2,"basonuclin 2","gene with protein product"
220,T036539,1152,0.5734,p1@TRAV3,,12128,,TRAV3,"T cell receptor alpha variable 3 (gene/pseudogene)","T cell receptor gene"
221,T139237,1146,0.5693,p1@PRSS12,8492,9477,P56730,PRSS12,"protease, serine 12","gene with protein product"
222,T059996,1142,0.5679,p1@PRAC,84366,30591,Q96KF2,PRAC1,"prostate cancer susceptibility candidate 1","gene with protein product"
223,T058261,1135,0.5652,p2@KRT223P,,32968,,KRT223P,"keratin 223 pseudogene",pseudogene
224,T141934,1128,0.5623,p11@CEP44,80817,29356,Q9C0F1,CEP44,"centrosomal protein 44","gene with protein product"
225,T139236,1127,0.5613,p4@PRSS12,8492,9477,P56730,PRSS12,"protease, serine 12","gene with protein product"
226,T018032,1125,0.5611,p1@FAM86C1,55199,25561,"Q9NVL1,G3V0F7,D6R9N2,B4DDJ9",FAM86C1,"family with sequence similarity 86 member C1","gene with protein product"
227,T191976,1119,0.5581,p4@BNC2,54796,30988,,BNC2,"basonuclin 2","gene with protein product"
228,T192000,1118,0.5565,p1@CNTLN,54875,23432,"Q9NXG0,C9J1F9,B1AMC8",CNTLN,centlein,"gene with protein product"
229,T191974,1111,0.5541,p8@BNC2,54796,30988,,BNC2,"basonuclin 2","gene with protein product"
230,T066535,1111,0.5530,p1@DSC2,1824,3036,F8W7U2,DSC2,"desmocollin 2","gene with protein product"
231,T028689,1110,0.5525,p21@ATN1,1822,3033,"P54259,Q86V38",ATN1,"atrophin 1","gene with protein product"
232,T132063,1111,0.5525,p3@SOX2-OT,,20209,,SOX2-OT,"SOX2 overlapping transcript","RNA, long non-coding"
233,T024442,1109,0.5517,p2@FAR2,55711,25531,,FAR2,"fatty acyl-CoA reductase 2","gene with protein product"
234,T026570,1107,0.5513,p23@ATP5G2,517,842,F8VXQ8,ATP5G2,"ATP synthase, H+ transporting, mitochondrial Fo complex subunit C2 (subunit 9)","gene with protein product"
235,T055165,1107,0.5502,p1@CPNE7,27132,2320,"Q9UBL6,E9PJ31",CPNE7,"copine 7","gene with protein product"
236,T199694,1103,0.5493,p1@FUNDC1,139341,28746,Q8IVP5,FUNDC1,"FUN14 domain containing 1","gene with protein product"
237,T096997,1099,0.5473,p3@LPHN2,23266,18582,,ADGRL2,"adhesion G protein-coupled receptor L2","gene with protein product"
238,T059997,1098,0.5468,p2@PRAC,84366,30591,Q96KF2,PRAC1,"prostate cancer susceptibility candidate 1","gene with protein product"
239,T026610,1091,0.5414,p1@HOXC11,3227,5123,O43248,HOXC11,"homeobox C11","gene with protein product"
240,T066538,1085,0.5398,p7@DSC2,1824,3036,F8W7U2,DSC2,"desmocollin 2","gene with protein product"
241,T129721,1081,0.5386,p6@ZBTB38,253461,26636,D6R9U6,ZBTB38,"zinc finger and BTB domain containing 38","gene with protein product"
242,T152746,1072,0.5331,p1@PRR7,80758,28130,Q8TB68,PRR7,"proline rich 7, synaptic","gene with protein product"
243,T019854,1067,0.5319,p3@CCDC82,79780,26282,,CCDC82,"coiled-coil domain containing 82","gene with protein product"
244,T029709,1056,0.5264,p5@SLC6A15,55117,13621,"Q9H9F5,F8VX16",SLC6A15,"solute carrier family 6 member 15","gene with protein product"
245,T125179,1055,0.5259,p2@BOLA3,388962,24415,Q53S33,BOLA3,"bolA family member 3","gene with protein product"
246,T138307,1047,0.5222,p3@LAMTOR3,8649,15606,,LAMTOR3,"late endosomal/lysosomal adaptor, MAPK and MTOR activator 3","gene with protein product"
247,T198674,1047,0.5214,p4@CTPS2,56474,2520,"E9PBY8,Q9NRF8",CTPS2,"CTP synthase 2","gene with protein product"
248,T123997,1044,0.5204,p15@BCL11A,53335,13221,F5H2Y4,BCL11A,"B-cell CLL/lymphoma 11A","gene with protein product"
249,T138213,1044,0.5191,p2@ADH4,127,252,D6RF43,ADH4,"alcohol dehydrogenase 4 (class II), pi polypeptide","gene with protein product"
250,T195947,1042,0.5189,p3@TCEAL5,340543,22282,Q5H9L2,TCEAL5,"transcription elongation factor A like 5","gene with protein product"
251,T141939,1042,0.5189,p7@CEP44,80817,29356,D6RBX1,CEP44,"centrosomal protein 44","gene with protein product"
252,T114760,1041,0.5182,p22@DLX1,1745,2914,P56177,DLX1,"distal-less homeobox 1","gene with protein product"
253,T098429,1040,0.5174,p2@JAG1,182,6188,P78504,JAG1,"jagged 1","gene with protein product"
254,T024438,1039,0.5169,p11@FAR2,55711,25531,F8VPF2,FAR2,"fatty acyl-CoA reductase 2","gene with protein product"
255,T189401,1037,0.5162,p6@TYRP1,7306,12450,Q6LES1,TYRP1,"tyrosinase related protein 1","gene with protein product"
256,T144915,1034,0.5157,p13@PCGF3,10336,10066,,PCGF3,"polycomb group ring finger 3","gene with protein product"
257,T081551,1029,0.5122,p3@MRPL20,55052,14478,Q9BYC9,MRPL20,"mitochondrial ribosomal protein L20","gene with protein product"
258,T138277,1019,0.5082,p1@MTTP,4547,7467,Q6P5T3,MTTP,"microsomal triglyceride transfer protein","gene with protein product"
259,T105792,1020,0.5080,p1@H2AFZP1,,4742,,H2AFZP1,"H2A histone family member Z pseudogene 1",pseudogene
260,T200479,1016,0.5062,p2@APEX2,27301,17889,,APEX2,"apurinic/apyrimidinic endodeoxyribonuclease 2","gene with protein product"
261,T072195,1012,0.5035,p1@ZNF492,57615,23707,Q9P255,ZNF492,"zinc finger protein 492","gene with protein product"
262,T024363,1010,0.5020,p3@PTHLH,5744,9607,F5GZD9,PTHLH,"parathyroid hormone like hormone","gene with protein product"
263,T191975,1000,0.4978,p22@BNC2,54796,30988,,BNC2,"basonuclin 2","gene with protein product"
264,T051582,998,0.4970,p2@NMRAL1,57407,24987,Q9HBL8,NMRAL1,"NmrA like redox sensor 1","gene with protein product"
265,T191850,996,0.4968,p25@FREM1,158326,23399,"F8WE85,C9JT55,Q5H8C1",FREM1,"FRAS1 related extracellular matrix 1","gene with protein product"
266,T190134,995,0.4963,p10@SET,6418,10760,Q5VXV2,SET,"SET nuclear proto-oncogene","gene with protein product"
267,T111762,989,0.4935,p3@GLI2,2736,4318,Q1PSW9,GLI2,"GLI family zinc finger 2","gene with protein product"
268,T152745,976,0.4863,p4@PRR7,80758,28130,Q8TB68,PRR7,"proline rich 7, synaptic","gene with protein product"
269,T132043,976,0.4858,p11@SOX2-OT,,20209,,SOX2-OT,"SOX2 overlapping transcript","RNA, long non-coding"
270,T174349,973,0.4841,p1@HOTAIRM1,,37117,,HOTAIRM1,"HOXA transcript antisense RNA, myeloid-specific 1","RNA, long non-coding"
271,T138214,969,0.4828,p1@ADH4,127,252,"P08319,D6RF43",ADH4,"alcohol dehydrogenase 4 (class II), pi polypeptide","gene with protein product"
272,T193487,970,0.4821,p21@KANK1,23189,19309,,KANK1,"KN motif and ankyrin repeat domains 1","gene with protein product"
273,T109032,967,0.4818,p4@SMCR7L,54471,25979,,MIEF1,"mitochondrial elongation factor 1","gene with protein product"
274,T016435,966,0.4794,p2@KCNK4,50801,6279,,KCNK4,"potassium two pore domain channel subfamily K member 4","gene with protein product"
275,T137091,958,0.4776,p4@FAM19A1,407738,21587,,FAM19A1,"family with sequence similarity 19 member A1, C-C motif chemokine like","gene with protein product"
276,T090694,956,0.4766,p1@EPHA8,2046,3391,P29322,EPHA8,"EPH receptor A8","gene with protein product"
277,T022462,957,0.4761,p16@CDK2AP1,8099,14002,O14519,CDK2AP1,"cyclin dependent kinase 2 associated protein 1","gene with protein product"
278,T186892,945,0.4701,p2@ATP6V0D2,245972,18266,Q8N8Y2,ATP6V0D2,"ATPase H+ transporting V0 subunit d2","gene with protein product"
279,T104473,945,0.4701,p4@GRIK1,2897,4579,,GRIK1,"glutamate ionotropic receptor kainate type subunit 1","gene with protein product"
280,T190126,943,0.4696,p9@SET,6418,10760,"Q01105,Q5VXV3",SET,"SET nuclear proto-oncogene","gene with protein product"
281,T141990,939,0.4679,p3@HPGD,3248,5154,,HPGD,"hydroxyprostaglandin dehydrogenase 15-(NAD)","gene with protein product"
282,T046521,934,0.4661,p8@RPP25,54913,30361,Q9BUL9,RPP25,"ribonuclease P and MRP subunit p25","gene with protein product"
283,T066551,935,0.4659,p2@DSC1,1823,3035,"Q08554,Q9HB00",DSC1,"desmocollin 1","gene with protein product"
284,T132058,930,0.4634,p25@SOX2-OT,,20209,,SOX2-OT,"SOX2 overlapping transcript","RNA, long non-coding"
285,T189547,930,0.4618,p1@C9orf150,286343,31452,Q8IV03,LURAP1L,"leucine rich adaptor protein 1 like","gene with protein product"
286,T051135,923,0.4590,"p1@PRSS53,p2@VKORC1","79001,339105","23663,34407","A6NIQ6,Q9BQB6,E9PLN8",VKORC1,"vitamin K epoxide reductase complex subunit 1","gene with protein product"
287,T124861,919,0.4574,p3@SNRPG,6637,11163,Q49AN9,SNRPG,"small nuclear ribonucleoprotein polypeptide G","gene with protein product"
288,T201036,903,0.4501,p42@XIST,,12810,,XIST,"X inactive specific transcript (non-protein coding)","RNA, long non-coding"
289,T137105,894,0.4446,p1@FAM19A4,151647,21591,Q96LR4,FAM19A4,"family with sequence similarity 19 member A4, C-C motif chemokine like","gene with protein product"
290,T058260,881,0.4396,p1@KRT223P,,32968,,KRT223P,"keratin 223 pseudogene",pseudogene
291,T159677,881,0.4387,p2@TNFAIP3,7128,11896,Q5VXR0,TNFAIP3,"TNF alpha induced protein 3","gene with protein product"
292,T036971,881,0.4385,p1@CDH24,64403,14265,"Q86UP0,E7EMU3",CDH24,"cadherin 24","gene with protein product"
293,T104469,875,0.4353,p9@GRIK1,2897,4579,"P39086,E7EPZ0",GRIK1,"glutamate ionotropic receptor kainate type subunit 1","gene with protein product"
294,T199676,872,0.4345,p1@NDP,4693,7678,,NDP,"NDP, norrin cystine knot growth factor","gene with protein product"
295,T091948,872,0.4330,p3@ZNF238,10472,13030,,ZBTB18,"zinc finger and BTB domain containing 18","gene with protein product"
296,T079596,867,0.4322,p2@ZNF560,147741,26484,Q96MR9,ZNF560,"zinc finger protein 560","gene with protein product"
297,T103280,863,0.4296,p1@COL9A3,1299,2219,Q14050,COL9A3,"collagen type IX alpha 3 chain","gene with protein product"
298,T149736,859,0.4282,p4@DIAPH1,1729,2876,"E9PEZ3,E9PEZ2,O60610,B9ZVX0,E7ET75,F5H2N3,Q17RN4,Q6URC4",DIAPH1,"diaphanous related formin 1","gene with protein product"
299,T098427,858,0.4279,p5@JAG1,182,6188,P78504,JAG1,"jagged 1","gene with protein product"
300,T052753,858,0.4275,p1@C16orf11,146325,14139,P0CG20,PRR35,"proline rich 35","gene with protein product"
301,T123998,853,0.4246,p11@BCL11A,53335,13221,F5H2Y4,BCL11A,"B-cell CLL/lymphoma 11A","gene with protein product"
302,T048260,850,0.4239,p9@NR2F2,7026,7976,P24468,NR2F2,"nuclear receptor subfamily 2 group F member 2","gene with protein product"
303,T094380,844,0.4199,p6@ZNF643,65243,28053,"D3DPV3,Q9UJL9",ZFP69B,"ZFP69 zinc finger protein B","gene with protein product"
304,T052752,838,0.4182,p4@C16orf11,146325,14139,P0CG20,PRR35,"proline rich 35","gene with protein product"
305,T024333,839,0.4180,p20@KLHDC5,57542,29252,Q9P2K6,KLHL42,"kelch like family member 42","gene with protein product"
306,T138212,839,0.4180,p4@ADH4,127,252,D6RIB1,ADH4,"alcohol dehydrogenase 4 (class II), pi polypeptide","gene with protein product"
307,T172692,837,0.4177,p4@SLC4A2,6522,11028,"P04920,C9J035",SLC4A2,"solute carrier family 4 member 2","gene with protein product"
308,T004776,838,0.4165,p1@ZNF239,8187,13031,Q16600,ZNF239,"zinc finger protein 239","gene with protein product"
309,T110076,834,0.4160,p2@MAPK12,6300,6874,B5MDL5,MAPK12,"mitogen-activated protein kinase 12","gene with protein product"
310,T132064,834,0.4158,p7@SOX2-OT,,20209,,SOX2-OT,"SOX2 overlapping transcript","RNA, long non-coding"
311,T158330,830,0.4142,p6@ASF1A,25842,20995,Q9Y294,ASF1A,"anti-silencing function 1A histone chaperone","gene with protein product"
312,T068767,830,0.4136,p3@TSHZ1,10194,10669,Q6ZSZ6,TSHZ1,"teashirt zinc finger homeobox 1","gene with protein product"
313,T190490,829,0.4133,p1@LAMC3,10319,6494,,LAMC3,"laminin subunit gamma 3","gene with protein product"
314,T191973,829,0.4126,p6@BNC2,54796,30988,,BNC2,"basonuclin 2","gene with protein product"
315,T036697,824,0.4114,p3@TRAV38-2DV8,,12138,,TRAV38-2DV8,"T cell receptor alpha variable 38-2/delta variable 8","T cell receptor gene"
316,T099415,825,0.4109,p4@C20orf96,140680,16227,,C20orf96,"chromosome 20 open reading frame 96","gene with protein product"
317,T137095,824,0.4106,p5@FAM19A1,407738,21587,,FAM19A1,"family with sequence similarity 19 member A1, C-C motif chemokine like","gene with protein product"
318,T018120,825,0.4092,p2@INPPL1,3636,6080,O15357,INPPL1,"inositol polyphosphate phosphatase like 1","gene with protein product"
319,T200181,821,0.4087,p5@PLP2,5355,9087,Q04941,PLP2,"proteolipid protein 2","gene with protein product"
320,T059915,817,0.4059,p1@HOXB3,3213,5114,"B7Z5N8,B7ZAD0,P14651",HOXB3,"homeobox B3","gene with protein product"
321,T158332,813,0.4051,p1@ASF1A,25842,20995,Q9Y294,ASF1A,"anti-silencing function 1A histone chaperone","gene with protein product"
322,T036574,810,0.4034,p2@TRAV8-2,,12147,,TRAV8-2,"T cell receptor alpha variable 8-2","T cell receptor gene"
323,T097014,805,0.4015,p2@LPHN2,23266,18582,"B1ALU3,B1ALU2,O95490,B1ALU4,B1ALU5",ADGRL2,"adhesion G protein-coupled receptor L2","gene with protein product"
324,T026620,803,0.4007,p1@HOXC10,3226,5122,"Q53XI4,Q9NYD6",HOXC10,"homeobox C10","gene with protein product"
325,T077968,804,0.4000,p2@LENG8,114823,15500,B0VJY8,LENG8,"leukocyte receptor cluster member 8","gene with protein product"
326,T102426,801,0.3979,p3@ZNF217,7764,13009,,ZNF217,"zinc finger protein 217","gene with protein product"
327,T093784,792,0.3940,p2@TP73,7161,12003,"C9J521,O15350",TP73,"tumor protein p73","gene with protein product"
328,T139235,788,0.3918,p5@PRSS12,8492,9477,P56730,PRSS12,"protease, serine 12","gene with protein product"
329,T132041,785,0.3904,p13@SOX2-OT,,20209,,SOX2-OT,"SOX2 overlapping transcript","RNA, long non-coding"
330,T195941,779,0.3887,p3@TCEAL8,90843,28683,"Q5H9L1,Q8IYN2",TCEAL8,"transcription elongation factor A like 8","gene with protein product"
331,T042884,778,0.3873,p3@GOLGA8A,23015,31972,,GOLGA8A,"golgin A8 family member A","gene with protein product"
332,T045966,775,0.3861,p5@KIF23,9493,6392,Q02241,KIF23,"kinesin family member 23","gene with protein product"
333,T013712,772,0.3850,p6@CAPRIN1,4076,6743,E9PP31,CAPRIN1,"cell cycle associated protein 1","gene with protein product"
334,T056253,770,0.3833,p1@CCDC144NL,339184,33735,,CCDC144NL,"coiled-coil domain containing 144 family, N-terminal like","gene with protein product"
335,T048264,769,0.3818,p2@NR2F2,7026,7976,P24468,NR2F2,"nuclear receptor subfamily 2 group F member 2","gene with protein product"
336,T199866,764,0.3805,p4@UBA1,7317,12469,P22314,UBA1,"ubiquitin like modifier activating enzyme 1","gene with protein product"
337,T114049,763,0.3798,p1@TBR1,10716,11590,,TBR1,"T-box, brain 1","gene with protein product"
338,T052043,760,0.3777,p11@CHD9,80205,25701,"Q3L8U1,Q461N2",CHD9,"chromodomain helicase DNA binding protein 9","gene with protein product"
339,T092020,758,0.3766,p6@HNRNPU,3192,5048,Q5RI18,HNRNPU,"heterogeneous nuclear ribonucleoprotein U","gene with protein product"
340,T176275,754,0.3757,p14@TNRC18,84629,11962,A8MTZ4,TNRC18,"trinucleotide repeat containing 18","gene with protein product"
341,T199695,753,0.3748,p4@FUNDC1,139341,28746,Q8IVP5,FUNDC1,"FUN14 domain containing 1","gene with protein product"
342,T141980,747,0.3728,p9@HPGD,3248,5154,D6RA66,HPGD,"hydroxyprostaglandin dehydrogenase 15-(NAD)","gene with protein product"
343,T129724,742,0.3697,p51@ZBTB38,253461,26636,D6R9U6,ZBTB38,"zinc finger and BTB domain containing 38","gene with protein product"
344,T140050,736,0.3667,p12@MAML3,55534,16272,E7EVW8,MAML3,"mastermind like transcriptional coactivator 3","gene with protein product"
345,T091652,725,0.3596,p1@ADH5P3,,22991,,ADH5P3,"alcohol dehydrogenase 5 (class III), chi polypeptide, pseudogene 3",pseudogene
346,T190970,710,0.3539,p3@VAV2,7410,12658,"F8WEQ4,P52735",VAV2,"vav guanine nucleotide exchange factor 2","gene with protein product"
347,T132053,712,0.3539,p4@SOX2-OT,,20209,,SOX2-OT,"SOX2 overlapping transcript","RNA, long non-coding"
348,T076025,708,0.3536,p3@NPAS1,4861,7894,,NPAS1,"neuronal PAS domain protein 1","gene with protein product"
349,T185110,701,0.3486,p1@SNAI2,6591,11094,O43623,SNAI2,"snail family transcriptional repressor 2","gene with protein product"
350,T138908,699,0.3479,p8@ELOVL6,79071,15829,D6RCU0,ELOVL6,"ELOVL fatty acid elongase 6","gene with protein product"
351,T104017,699,0.3478,p3@C21orf37,100505929,1277,A6NIU2,LINC01549,"long intergenic non-protein coding RNA 1549","RNA, long non-coding"
352,T055166,695,0.3461,p2@CPNE7,27132,2320,E9PJ31,CPNE7,"copine 7","gene with protein product"
353,T026601,693,0.3455,p1@HOTAIR,100124700,33510,,HOTAIR,"HOX transcript antisense RNA","RNA, long non-coding"
354,T059945,687,0.3425,p1@HOXB6,3216,5117,P17509,HOXB6,"homeobox B6","gene with protein product"
355,T036541,677,0.3375,p2@TRAV3,,12128,,TRAV3,"T cell receptor alpha variable 3 (gene/pseudogene)","T cell receptor gene"
356,T083497,677,0.3373,p2@MEX3A,92312,33482,A1L020,MEX3A,"mex-3 RNA binding family member A","gene with protein product"
357,T114766,673,0.3357,p2@DLX1,1745,2914,Q7Z724,DLX1,"distal-less homeobox 1","gene with protein product"
358,T132052,666,0.3317,p6@SOX2-OT,347689,20209,,SOX2-OT,"SOX2 overlapping transcript","RNA, long non-coding"
359,T026568,666,0.3317,p16@ATP5G2,517,842,F8VXQ8,ATP5G2,"ATP synthase, H+ transporting, mitochondrial Fo complex subunit C2 (subunit 9)","gene with protein product"
360,T051560,665,0.3315,p8@NME4,4833,7852,A2IDD0,NME4,"NME/NM23 nucleoside diphosphate kinase 4","gene with protein product"
361,T026640,665,0.3310,p1@HOXC9,3225,5130,P31274,HOXC9,"homeobox C9","gene with protein product"
362,T104502,665,0.3305,p1@KRTAP19-5,337972,18940,Q3LI72,KRTAP19-5,"keratin associated protein 19-5","gene with protein product"
363,T182033,663,0.3305,p2@BAI1,575,943,E5RG74,ADGRB1,"adhesion G protein-coupled receptor B1","gene with protein product"
364,T111760,661,0.3290,p1@GLI2,2736,4318,Q1PSW9,GLI2,"GLI family zinc finger 2","gene with protein product"
365,T053486,660,0.3287,p1@WDR90,197335,26960,"F8VUX9,Q96KV7",WDR90,"WD repeat domain 90","gene with protein product"
366,T195940,656,0.3267,p1@TCEAL8,90843,28683,Q8IYN2,TCEAL8,"transcription elongation factor A like 8","gene with protein product"
367,T099868,654,0.3255,p1@SLC4A11,83959,16438,,SLC4A11,"solute carrier family 4 member 11","gene with protein product"
368,T068769,652,0.3252,p1@TSHZ1,10194,10669,Q6ZSZ6,TSHZ1,"teashirt zinc finger homeobox 1","gene with protein product"
369,T029763,650,0.3234,p6@RASSF9,9182,15739,O75901,RASSF9,"Ras association domain family member 9","gene with protein product"
370,T015577,647,0.3224,p4@DDB1,1642,2717,F5GYG8,DDB1,"damage specific DNA binding protein 1","gene with protein product"
371,T131871,648,0.3214,p5@TBL1XR1,79718,29529,Q9BZK7,TBL1XR1,"transducin beta like 1 X-linked receptor 1","gene with protein product"
372,T119899,640,0.3187,p5@TRIP12,9320,12306,C9JSX9,TRIP12,"thyroid hormone receptor interactor 12","gene with protein product"
373,T111623,637,0.3177,p5@EN1,2019,3342,Q05925,EN1,"engrailed homeobox 1","gene with protein product"
374,T096991,638,0.3176,p1@LPHN2,23266,18582,"B1ALU1,B1ALU5,B1ALU4,B1ALU3,O95490,B1ALU2",ADGRL2,"adhesion G protein-coupled receptor L2","gene with protein product"
375,T064966,638,0.3173,p1@NPB,256933,30099,Q8NG41,NPB,"neuropeptide B","gene with protein product"
376,T104472,633,0.3152,p2@GRIK1,2897,4579,E7EPY9,GRIK1,"glutamate ionotropic receptor kainate type subunit 1","gene with protein product"
377,T143372,629,0.3126,p1@ZNF732,654254,37138,,ZNF732,"zinc finger protein 732","gene with protein product"
378,T057602,626,0.3111,p2@MRPL45,84311,16651,Q9BRJ2,MRPL45,"mitochondrial ribosomal protein L45","gene with protein product"
379,T114778,625,0.3111,p4@DLX2,1746,2915,"Q07687,Q53QU7",DLX2,"distal-less homeobox 2","gene with protein product"
380,T156890,619,0.3080,p13@ELL2,22936,17064,B4DNK7,ELL2,"elongation factor for RNA polymerase II 2","gene with protein product"
381,T024334,618,0.3078,p15@KLHDC5,57542,29252,Q9P2K6,KLHL42,"kelch like family member 42","gene with protein product"
382,T195946,609,0.3033,p2@TCEAL5,340543,22282,Q5H9L2,TCEAL5,"transcription elongation factor A like 5","gene with protein product"
383,T029711,609,0.3030,p1@SLC6A15,55117,13621,"Q9H9F5,F8VX16",SLC6A15,"solute carrier family 6 member 15","gene with protein product"
384,T034126,605,0.3011,p2@BORA,79866,24724,,BORA,"bora, aurora kinase A activator","gene with protein product"
385,T005725,604,0.3006,p15@ARID5B,84159,17362,Q14865,ARID5B,"AT-rich interaction domain 5B","gene with protein product"
386,T163128,601,0.2995,p1@HIST1H2BM,8342,4750,Q99879,HIST1H2BM,"histone cluster 1 H2B family member m","gene with protein product"
387,T054698,598,0.2977,p4@COX4NB,10328,7864,Q53Y03,EMC8,"ER membrane protein complex subunit 8","gene with protein product"
388,T037397,586,0.2921,p2@RABGGTA,5875,9795,B4E069,RABGGTA,"Rab geranylgeranyltransferase alpha subunit","gene with protein product"
389,T059909,587,0.2919,p4@HOXB4,3214,5115,P17483,HOXB4,"homeobox B4","gene with protein product"
390,T183124,585,0.2916,p4@HR,55806,5172,O43593,HR,"HR, lysine demethylase and nuclear receptor corepressor","gene with protein product"
391,T172254,586,0.2915,p2@ARHGEF5,7984,13209,"Q12774,Q68E09",ARHGEF5,"Rho guanine nucleotide exchange factor 5","gene with protein product"
392,T193612,582,0.2897,p22@KANK1,23189,19309,,KANK1,"KN motif and ankyrin repeat domains 1","gene with protein product"
393,T091876,579,0.2875,p5@SDCCAG8,10806,10671,Q86SQ7,SDCCAG8,"serologically defined colon cancer antigen 8","gene with protein product"
394,T139245,570,0.2846,p2@METTL14,57721,29330,Q9HCE5,METTL14,"methyltransferase like 14","gene with protein product"
395,T155354,568,0.2839,p2@TAF9,6880,11542,Q16594,TAF9,"TATA-box binding protein associated factor 9","gene with protein product"
396,T132078,560,0.2794,p3@SOX2,6657,11195,P48431,SOX2,"SRY-box 2","gene with protein product"
397,T118007,550,0.2740,p3@CPS1,1373,2323,P31327,CPS1,"carbamoyl-phosphate synthase 1","gene with protein product"
398,T141932,541,0.2693,p5@CEP44,80817,29356,Q9C0F1,CEP44,"centrosomal protein 44","gene with protein product"
399,T036575,540,0.2689,p3@TRAV8-2,,12147,,TRAV8-2,"T cell receptor alpha variable 8-2","T cell receptor gene"
400,T005727,535,0.2660,p2@ARID5B,84159,17362,Q14865,ARID5B,"AT-rich interaction domain 5B","gene with protein product"
401,T084509,529,0.2638,p2@VANGL2,57216,15511,"A8K4L6,Q9ULK5",VANGL2,"VANGL planar cell polarity protein 2","gene with protein product"
402,T186897,530,0.2638,p10@ATP6V0D2,245972,18266,Q8N8Y2,ATP6V0D2,"ATPase H+ transporting V0 subunit d2","gene with protein product"
403,T026625,527,0.2631,p4@HOXC5,3222,5127,,HOXC5,"homeobox C5","gene with protein product"
404,T053812,525,0.2616,p1@ZFHX3,463,777,,ZFHX3,"zinc finger homeobox 3","gene with protein product"
405,T191971,523,0.2607,p10@BNC2,54796,30988,,BNC2,"basonuclin 2","gene with protein product"
406,T098426,523,0.2599,p6@JAG1,182,6188,P78504,JAG1,"jagged 1","gene with protein product"
407,T183123,521,0.2599,p5@HR,55806,5172,O43593,HR,"HR, lysine demethylase and nuclear receptor corepressor","gene with protein product"
408,T056168,521,0.2597,p2@SLC47A1,55244,25588,,SLC47A1,"solute carrier family 47 member 1","gene with protein product"
409,T026670,506,0.2519,p17@HOXC4,3221,5126,,HOXC4,"homeobox C4","gene with protein product"
410,T200393,507,0.2517,p2@SMC1A,8243,11111,,SMC1A,"structural maintenance of chromosomes 1A","gene with protein product"
411,T142828,505,0.2515,p1@FRG1,"100289097,2483",3954,"E9PLY7,E9PRR7,E9PI42",FRG1,"FSHD region gene 1","gene with protein product"
412,T036698,505,0.2512,p2@TRAV38-2DV8,,12138,,TRAV38-2DV8,"T cell receptor alpha variable 38-2/delta variable 8","T cell receptor gene"
413,T176577,501,0.2498,p5@ZNF736,728927,32467,,ZNF736,"zinc finger protein 736","gene with protein product"
414,T006467,501,0.2491,p1@CDH23,"100653137,64072",13733,"F6U049,G3XCN8,E7ESV7,E9PEX1,E7ESV5,E7EVB0,Q6P152,Q9H251,Q8N5B3,A5D6V9,Q5QGS6",CDH23,"cadherin related 23","gene with protein product"
415,T103378,498,0.2481,p1@KCNQ2,3785,6296,"Q4VXP3,A6ND05,O43526,A6NM44,Q4VXP0,Q4VXP2,Q4VXP6,Q4VXP7,Q53Y30",KCNQ2,"potassium voltage-gated channel subfamily Q member 2","gene with protein product"
416,T191972,496,0.2473,p14@BNC2,54796,30988,,BNC2,"basonuclin 2","gene with protein product"
417,T174393,494,0.2463,p10@HOXA3,3200,5104,,HOXA3,"homeobox A3","gene with protein product"
418,T009957,488,0.2428,p4@RBM7,10179,9904,"Q9Y580,F5GXV8",RBM7,"RNA binding motif protein 7","gene with protein product"
419,T174388,487,0.2424,p3@HOXA4,3201,5105,,HOXA4,"homeobox A4","gene with protein product"
420,T048246,486,0.2418,p21@NR2F2,7026,7976,Q3KQR7,NR2F2,"nuclear receptor subfamily 2 group F member 2","gene with protein product"
421,T162461,475,0.2364,p13@E2F3,1871,3115,,E2F3,"E2F transcription factor 3","gene with protein product"
422,T026612,474,0.2359,p4@HOXC11,3227,5123,,HOXC11,"homeobox C11","gene with protein product"
423,T116586,474,0.2355,p1@TMEM194B,100131211,33700,A6NFY4,NEMP2,"nuclear envelope integral membrane protein 2","gene with protein product"
424,T098707,473,0.2354,p1@C20orf72,92667,16205,"Q5QPE7,Q9BQP7",MGME1,"mitochondrial genome maintenance exonuclease 1","gene with protein product"
425,T192792,467,0.2333,p2@CNTFR,1271,2170,"P26992,Q5U050",CNTFR,"ciliary neurotrophic factor receptor","gene with protein product"
426,T195957,468,0.2332,p1@WBP5,51186,30084,Q9UHQ7,TCEAL9,"transcription elongation factor A like 9","gene with protein product"
427,T038335,467,0.2323,p6@KLHDC2,23588,20231,Q9Y2U9,KLHDC2,"kelch domain containing 2","gene with protein product"
428,T132056,465,0.2320,p16@SOX2-OT,,20209,,SOX2-OT,"SOX2 overlapping transcript","RNA, long non-coding"
429,T058314,463,0.2310,p2@KRT12,3859,6414,,KRT12,"keratin 12","gene with protein product"
430,T018712,462,0.2302,p9@PAK1,5058,8590,,PAK1,"p21 (RAC1) activated kinase 1","gene with protein product"
431,T140048,461,0.2298,p2@MAML3,55534,16272,"Q96JK9,Q9NPV6",MAML3,"mastermind like transcriptional coactivator 3","gene with protein product"
432,T174447,461,0.2297,p3@HOXA11-AS1,,24957,,HOXA11-AS,"HOXA11 antisense RNA","RNA, long non-coding"
433,T114777,461,0.2295,p3@DLX2,1746,2915,"Q07687,Q53QU7",DLX2,"distal-less homeobox 2","gene with protein product"
434,T132055,458,0.2283,p5@SOX2-OT,,20209,,SOX2-OT,"SOX2 overlapping transcript","RNA, long non-coding"
435,T199871,457,0.2276,p22@UBA1,7317,12469,Q5JRR9,UBA1,"ubiquitin like modifier activating enzyme 1","gene with protein product"
436,T057707,457,0.2270,p3@PCGF2,7703,12929,P35227,PCGF2,"polycomb group ring finger 2","gene with protein product"
437,T058237,451,0.2248,p4@SMARCE1,6605,11109,Q969G3,SMARCE1,"SWI/SNF related, matrix associated, actin dependent regulator of chromatin, subfamily e, member 1","gene with protein product"
438,T180904,451,0.2247,p8@PVT1,,9709,,PVT1,"Pvt1 oncogene (non-protein coding)","RNA, long non-coding"
439,T093985,450,0.2241,p2@OSCP1,127700,29971,Q8WVF1,OSCP1,"organic solute carrier partner 1","gene with protein product"
440,T053289,447,0.2226,p3@PRMT7,54496,25557,Q9NVM4,PRMT7,"protein arginine methyltransferase 7","gene with protein product"
441,T140645,444,0.2210,p12@TRIM2,23321,15974,Q9C040,TRIM2,"tripartite motif containing 2","gene with protein product"
442,T189426,438,0.2180,p21@TYRP1,7306,12450,,TYRP1,"tyrosinase related protein 1","gene with protein product"
443,T034148,437,0.2175,p12@KLF5,688,6349,Q13887,KLF5,"Kruppel like factor 5","gene with protein product"
444,T156220,433,0.2157,p3@SSBP2,23635,15831,,SSBP2,"single stranded DNA binding protein 2","gene with protein product"
445,T059414,428,0.2134,p4@DCAKD,79877,26238,Q8WVC6,DCAKD,"dephospho-CoA kinase domain containing","gene with protein product"
446,T163171,426,0.2126,p8@ZNF165,7718,12953,,ZNF165,"zinc finger protein 165","gene with protein product"
447,T013702,427,0.2121,p2@ZNF195,7748,12986,"E9PLF5,O14628",ZNF195,"zinc finger protein 195","gene with protein product"
448,T048263,425,0.2111,p3@NR2F2,7026,7976,P24468,NR2F2,"nuclear receptor subfamily 2 group F member 2","gene with protein product"
449,T019775,421,0.2098,p3@MTMR2,8898,7450,A6NN98,MTMR2,"myotubularin related protein 2","gene with protein product"
450,T074530,418,0.2084,p4@HNRNPUL1,11100,17011,,HNRNPUL1,"heterogeneous nuclear ribonucleoprotein U like 1","gene with protein product"
451,T094856,418,0.2083,p2@HPDL,84842,28242,Q96IR7,HPDL,"4-hydroxyphenylpyruvate dioxygenase like","gene with protein product"
452,T003401,415,0.2068,p1@C10orf140,387640,32697,,SKIDA1,"SKI/DACH domain containing 1","gene with protein product"
453,T193398,414,0.2061,p3@RCL1,10171,17687,Q9Y2P8,RCL1,"RNA terminal phosphate cyclase like 1","gene with protein product"
454,T165750,412,0.2054,p20@MDFI,4188,6967,B1AKB9,MDFI,"MyoD family inhibitor","gene with protein product"
455,T137064,413,0.2052,p1@KBTBD8,84541,30691,"Q8NFY9,B4DTW6,C9J331",KBTBD8,"kelch repeat and BTB domain containing 8","gene with protein product"
456,T124004,411,0.2045,p1@BCL11A,53335,13221,,BCL11A,"B-cell CLL/lymphoma 11A","gene with protein product"
457,T186863,409,0.2037,p1@CA1,759,1368,"E5RII2,E5RH81,E5RHS7,E5RJI8,E5RJF6,E5RG43,E5RFL2,E5RIF9,E5RGU8,E5RFE7,P00915",CA1,"carbonic anhydrase 1","gene with protein product"
458,T082291,407,0.2025,p3@SSU72,29101,25016,Q5SV20,SSU72,"SSU72 homolog, RNA polymerase II CTD phosphatase","gene with protein product"
459,T201040,407,0.2023,p11@XIST,,12810,,XIST,"X inactive specific transcript (non-protein coding)","RNA, long non-coding"
460,T094022,403,0.2008,p1@DFFB,1677,2773,Q5SR21,DFFB,"DNA fragmentation factor subunit beta","gene with protein product"
461,T149743,399,0.1990,p2@RELL2,285613,26902,E5RFS6,RELL2,"RELT like 2","gene with protein product"
462,T031930,400,0.1987,p2@SKA3,221150,20262,,SKA3,"spindle and kinetochore associated complex subunit 3","gene with protein product"
463,T064461,399,0.1986,p1@CHD3,1107,1918,"E9PG89,B3KWV4,Q12873,Q2TAZ1",CHD3,"chromodomain helicase DNA binding protein 3","gene with protein product"
464,T162434,393,0.1961,p1@ID4,3400,5363,P47928,ID4,"inhibitor of DNA binding 4, HLH protein","gene with protein product"
465,T093109,387,0.1928,p4@PHACTR4,65979,25793,Q8IZ21,PHACTR4,"phosphatase and actin regulator 4","gene with protein product"
466,T180841,387,0.1923,p5@PVT1,,9709,,PVT1,"Pvt1 oncogene (non-protein coding)","RNA, long non-coding"
467,T172395,381,0.1897,p2@ZNF777,27153,22213,Q9ULD5,ZNF777,"zinc finger protein 777","gene with protein product"
468,T072139,377,0.1877,p2@ZNF257,113835,13498,Q9Y2Q1,ZNF257,"zinc finger protein 257","gene with protein product"
469,T027170,376,0.1875,p3@B4GALNT3,283358,24137,Q6L9W6,B4GALNT3,"beta-1,4-N-acetyl-galactosaminyltransferase 3","gene with protein product"
470,T111061,373,0.1858,p10@SLC20A1,6574,10946,"Q8WUM9,A7LNJ1",SLC20A1,"solute carrier family 20 member 1","gene with protein product"
471,T133559,372,0.1854,p1@MFI2-AS1,,40373,,MELTF-AS1,"MELTF antisense RNA 1","RNA, long non-coding"
472,T034122,371,0.1847,p2@MZT1,440145,33830,Q08AG7,MZT1,"mitotic spindle organizing protein 1","gene with protein product"
473,T157699,365,0.1820,p3@ELOVL2,54898,14416,Q9NXB9,ELOVL2,"ELOVL fatty acid elongase 2","gene with protein product"
474,T070451,363,0.1807,p1@MRI1,84245,28469,Q9BV20,MRI1,"methylthioribose-1-phosphate isomerase 1","gene with protein product"
475,T094381,362,0.1802,p7@ZNF643,65243,28053,"D3DPV3,Q9UJL9",ZFP69B,"ZFP69 zinc finger protein B","gene with protein product"
476,T059500,358,0.1786,p18@FMNL1,752,1212,,FMNL1,"formin like 1","gene with protein product"
477,T185109,357,0.1778,p2@SNAI2,6591,11094,O43623,SNAI2,"snail family transcriptional repressor 2","gene with protein product"
478,T159773,352,0.1752,p9@PERP,64065,17637,Q96FX8,PERP,"PERP, TP53 apoptosis effector","gene with protein product"
479,T052754,351,0.1746,p2@C16orf11,146325,14139,P0CG20,PRR35,"proline rich 35","gene with protein product"
480,T103501,345,0.1719,p17@SLC2A4RG,56731,15930,,SLC2A4RG,"SLC2A4 regulator","gene with protein product"
481,T129697,345,0.1715,p4@ZBTB38,253461,26636,D6RGK1,ZBTB38,"zinc finger and BTB domain containing 38","gene with protein product"
482,T172757,344,0.1714,p4@SMARCD3,6604,11108,,SMARCD3,"SWI/SNF related, matrix associated, actin dependent regulator of chromatin, subfamily d, member 3","gene with protein product"
483,T199677,343,0.1712,p5@NDP,4693,7678,,NDP,"NDP, norrin cystine knot growth factor","gene with protein product"
484,T200849,344,0.1710,p4@MED12,9968,11957,,MED12,"mediator complex subunit 12","gene with protein product"
485,T006358,341,0.1700,p2@PPA1,5464,9226,Q15181,PPA1,"pyrophosphatase (inorganic) 1","gene with protein product"
486,T186868,338,0.1682,p5@CA2,760,1373,P00918,CA2,"carbonic anhydrase 2","gene with protein product"
487,T201531,335,0.1672,p1@RPL14P5,,37720,,RPL14P5,"ribosomal protein L14 pseudogene 5",pseudogene
488,T036930,336,0.1672,p2@RBM23,55147,20155,,RBM23,"RNA binding motif protein 23","gene with protein product"
489,T026653,334,0.1663,"p2@HOXC4,p2@HOXC5,p2@HOXC6","3221,3223,3222","5126,5128,5127","P09017,Q86TF7,P09630",HOXC4,"homeobox C4","gene with protein product"
490,T138314,334,0.1663,p2@DNAJB14,79982,25881,Q8TBM8,DNAJB14,"DnaJ heat shock protein family (Hsp40) member B14","gene with protein product"
491,T189399,333,0.1657,p47@TYRP1,7306,12450,Q6LES1,TYRP1,"tyrosinase related protein 1","gene with protein product"
492,T114069,331,0.1650,p8@SLC4A10,57282,13811,,SLC4A10,"solute carrier family 4 member 10","gene with protein product"
493,T100686,331,0.1648,p7@PANK2,80025,15894,Q9BZ23,PANK2,"pantothenate kinase 2","gene with protein product"
494,T195953,330,0.1643,p2@BEX2,84707,30933,Q9BXY8,BEX2,"brain expressed X-linked 2","gene with protein product"
495,T106668,323,0.1606,p16@RANBP1,5902,9847,,RANBP1,"RAN binding protein 1","gene with protein product"
496,T164908,321,0.1594,p5@HMGA1,3159,5010,P17096,HMGA1,"high mobility group AT-hook 1","gene with protein product"
497,T140644,319,0.1589,p5@TRIM2,23321,15974,Q9C040,TRIM2,"tripartite motif containing 2","gene with protein product"
498,T138313,309,0.1537,p4@DNAJB14,79982,25881,F2Z2L8,DNAJB14,"DnaJ heat shock protein family (Hsp40) member B14","gene with protein product"
499,T045553,308,0.1535,p1@MTFMT,123263,29666,"Q96DP5,B7Z734",MTFMT,"mitochondrial methionyl-tRNA formyltransferase","gene with protein product"
500,T154084,308,0.1535,p6@CARD6,84674,16394,Q59EG7,CARD6,"caspase recruitment domain family member 6","gene with protein product"
501,T178282,308,0.1534,p2@GNGT1,2792,4411,P63211,GNGT1,"G protein subunit gamma transducin 1","gene with protein product"
502,T166029,308,0.1529,p1@DLK2,65989,21113,Q6UY11,DLK2,"delta like non-canonical Notch ligand 2","gene with protein product"
503,T199020,304,0.1514,p2@APOO,79135,28727,G3V1B6,APOO,"apolipoprotein O","gene with protein product"
504,T193643,302,0.1504,p10@KANK1,23189,19309,A2A2W8,KANK1,"KN motif and ankyrin repeat domains 1","gene with protein product"
505,T126383,301,0.1499,p1@ITPRIPL1,150771,29371,"C9JNT4,F5H1L8,Q6GPH6",ITPRIPL1,"inositol 1,4,5-trisphosphate receptor interacting protein-like 1","gene with protein product"
506,T000134,301,0.1499,p19@SCD,6319,10571,O00767,SCD,"stearoyl-CoA desaturase","gene with protein product"
507,T065082,300,0.1495,p2@LRRC45,201255,28302,Q96CN5,LRRC45,"leucine rich repeat containing 45","gene with protein product"
508,T071191,290,0.1444,p1@ANKLE1,126549,26812,"E7ETZ9,Q8NAG6",ANKLE1,"ankyrin repeat and LEM domain containing 1","gene with protein product"
509,T052993,289,0.1440,p6@FBXL8,55336,17875,E5RIS0,FBXL8,"F-box and leucine rich repeat protein 8","gene with protein product"
510,T193426,285,0.1417,p1@KANK1,23189,19309,"Q5W0W1,Q14678,F5H7I5",KANK1,"KN motif and ankyrin repeat domains 1","gene with protein product"
511,T102343,284,0.1413,p3@ZFP64,55734,15940,Q9NPA5,ZFP64,"ZFP64 zinc finger protein","gene with protein product"
512,T162343,281,0.1397,p8@DEK,7913,2768,B4DFG0,DEK,"DEK proto-oncogene","gene with protein product"
513,T085166,279,0.1389,p3@UCK2,7371,12562,B4DGD3,UCK2,"uridine-cytidine kinase 2","gene with protein product"
514,T022461,272,0.1356,p12@CDK2AP1,8099,14002,O14519,CDK2AP1,"cyclin dependent kinase 2 associated protein 1","gene with protein product"
515,T029706,271,0.1349,p3@SLC6A15,55117,13621,Q9H2J7,SLC6A15,"solute carrier family 6 member 15","gene with protein product"
516,T190700,264,0.1315,p1@DDX31,64794,16715,B4E3G7,DDX31,"DEAD-box helicase 31","gene with protein product"
517,T068130,262,0.1307,p2@LMAN1,3998,6631,P49257,LMAN1,"lectin, mannose binding 1","gene with protein product"
518,T019852,260,0.1297,p10@CCDC82,79780,26282,F5H777,CCDC82,"coiled-coil domain containing 82","gene with protein product"
519,T195959,258,0.1287,p6@NGFRAP1,27018,13388,Q00994,BEX3,"brain expressed X-linked 3","gene with protein product"
520,T029712,259,0.1287,p2@SLC6A15,55117,13621,"Q9H9F5,F8VX16,B7Z2P7",SLC6A15,"solute carrier family 6 member 15","gene with protein product"
521,T123996,258,0.1285,p12@BCL11A,53335,13221,F5H2Y4,BCL11A,"B-cell CLL/lymphoma 11A","gene with protein product"
522,T069968,258,0.1284,p1@ZNF788,388507,33112,E7EN17,ZNF788,"zinc finger family member 788","gene with protein product"
523,T049649,254,0.1266,p3@NPW,283869,30509,,NPW,"neuropeptide W","gene with protein product"
524,T050823,250,0.1246,p4@PAQR4,124222,26386,Q8N4S7,PAQR4,"progestin and adipoQ receptor family member 4","gene with protein product"
525,T141941,249,0.1237,p9@CEP44,80817,29356,D6RBX1,CEP44,"centrosomal protein 44","gene with protein product"
526,T137093,244,0.1215,p2@FAM19A1,407738,21587,,FAM19A1,"family with sequence similarity 19 member A1, C-C motif chemokine like","gene with protein product"
527,T021158,243,0.1210,p2@RPL6,6128,10362,F8VZ45,RPL6,"ribosomal protein L6","gene with protein product"
528,T109753,237,0.1178,p4@C22orf26,55267,25606,Q9NV39,PRR34,"proline rich 34","gene with protein product"
529,T170900,235,0.1167,p7@MEST,4232,7028,,MEST,"mesoderm specific transcript","gene with protein product"
530,T096992,229,0.1142,p6@LPHN2,23266,18582,,ADGRL2,"adhesion G protein-coupled receptor L2","gene with protein product"
531,T151249,225,0.1121,p1@GEMIN5,25929,20043,"Q8TEQ6,Q58EZ8",GEMIN5,"gem nuclear organelle associated protein 5","gene with protein product"
532,T033758,225,0.1119,p2@RNASEH2B,79621,25671,,RNASEH2B,"ribonuclease H2 subunit B","gene with protein product"
533,T078631,224,0.1114,p1@ZSCAN1,284312,23712,Q8NBB4,ZSCAN1,"zinc finger and SCAN domain containing 1","gene with protein product"
534,T114048,223,0.1111,p3@TBR1,10716,11590,,TBR1,"T-box, brain 1","gene with protein product"
535,T154114,223,0.1111,p6@C6,729,1339,P13671,C6,"complement C6","gene with protein product"
536,T103279,223,0.1110,p10@COL9A3,1299,2219,Q14050,COL9A3,"collagen type IX alpha 3 chain","gene with protein product"
537,T064525,223,0.1110,p1@EIF4A3,9775,18683,P38919,EIF4A3,"eukaryotic translation initiation factor 4A3","gene with protein product"
538,T130547,223,0.1109,p22@MBNL1,4154,6923,,MBNL1,"muscleblind like splicing regulator 1","gene with protein product"
539,T018693,221,0.1099,p2@CYB5R2,51700,24376,"E9PIV9,E9PMI2",CYB5R2,"cytochrome b5 reductase 2","gene with protein product"
540,T072731,219,0.1092,p16@NFIC,4782,7786,P08651,NFIC,"nuclear factor I C","gene with protein product"
541,T020453,219,0.1090,p4@APPL2,55198,18242,Q8NEU8,APPL2,"adaptor protein, phosphotyrosine interacting with PH domain and leucine zipper 2","gene with protein product"
542,T006153,216,0.1075,p2@TET1,80312,29484,Q8NFU7,TET1,"tet methylcytosine dioxygenase 1","gene with protein product"
543,T105264,203,0.1012,p3@WRB,7485,12790,A8MQ44,WRB,"tryptophan rich basic protein","gene with protein product"
544,T052998,203,0.1009,p3@HSF4,3299,5227,,HSF4,"heat shock transcription factor 4","gene with protein product"
545,T190127,199,0.0992,p6@SET,6418,10760,"Q01105,Q5VXV3",SET,"SET nuclear proto-oncogene","gene with protein product"
546,T003791,193,0.0962,p5@YME1L1,10730,12843,,YME1L1,"YME1 like 1 ATPase","gene with protein product"
547,T076026,188,0.0936,p1@NPAS1,4861,7894,,NPAS1,"neuronal PAS domain protein 1","gene with protein product"
548,T103992,186,0.0926,p1@MIRLET7C,406885,31480,,MIRLET7C,"microRNA let-7c","RNA, micro"
549,T014126,181,0.0901,p1@PGAP2,27315,17893,"Q9UHJ9,A8MZF5",PGAP2,"post-GPI attachment to proteins 2","gene with protein product"
550,T147254,179,0.0893,p1@PPIP5K2,23262,29035,D6RFZ8,PPIP5K2,"diphosphoinositol pentakisphosphate kinase 2","gene with protein product"
551,T159555,179,0.0891,p2@IL20RA,53832,6003,"Q9UHF4,Q96SH7",IL20RA,"interleukin 20 receptor subunit alpha","gene with protein product"
552,T045552,177,0.0883,p2@MTFMT,123263,29666,,MTFMT,"mitochondrial methionyl-tRNA formyltransferase","gene with protein product"
553,T160532,177,0.0882,p2@KATNA1,11104,6216,B7ZBC8,KATNA1,"katanin catalytic subunit A1","gene with protein product"
554,T199678,176,0.0876,p4@NDP,4693,7678,Q00604,NDP,"NDP, norrin cystine knot growth factor","gene with protein product"
555,T046606,173,0.0861,p2@NEIL1,79661,18448,Q96FI4,NEIL1,"nei like DNA glycosylase 1","gene with protein product"
556,T056836,171,0.0850,p5@ANKRD13B,124930,26363,Q86YJ7,ANKRD13B,"ankyrin repeat domain 13B","gene with protein product"
557,T119699,169,0.0842,p10@RHBDD1,84236,23081,B9A054,RHBDD1,"rhomboid domain containing 1","gene with protein product"
558,T056111,158,0.0788,p1@B9D1,27077,24123,A8MTX4,B9D1,"B9 domain containing 1","gene with protein product"
559,T059415,155,0.0772,p3@DCAKD,79877,26238,Q8WVC6,DCAKD,"dephospho-CoA kinase domain containing","gene with protein product"
560,T114779,152,0.0757,p5@DLX2,1746,2915,"Q07687,Q53QU7",DLX2,"distal-less homeobox 2","gene with protein product"
561,T172693,151,0.0751,p8@SLC4A2,6522,11028,P04920,SLC4A2,"solute carrier family 4 member 2","gene with protein product"
562,T198803,148,0.0737,p2@PLCXD1,55344,23148,C9JP92,PLCXD1,"phosphatidylinositol specific phospholipase C X domain containing 1","gene with protein product"
563,T027883,147,0.0733,p2@XPOT,11260,12826,,XPOT,"exportin for tRNA","gene with protein product"
564,T176345,141,0.0702,p7@LANCL2,55915,6509,"Q9NS86,B3KTN5",LANCL2,"LanC like 2","gene with protein product"
565,T174675,138,0.0688,p5@WIPF3,644150,22004,,WIPF3,"WAS/WASL interacting protein family member 3","gene with protein product"
566,T091950,137,0.0682,p2@ZNF238,10472,13030,,ZBTB18,"zinc finger and BTB domain containing 18","gene with protein product"
567,T033869,136,0.0678,p3@HNRNPA1L2,144983,27067,,HNRNPA1L2,"heterogeneous nuclear ribonucleoprotein A1-like 2","gene with protein product"
568,T118993,136,0.0678,p1@STK36,27148,17209,Q9NRP7,STK36,"serine/threonine kinase 36","gene with protein product"
569,T174163,132,0.0656,p2@IQCE,23288,29171,Q6IPM2,IQCE,"IQ motif containing E","gene with protein product"
570,T138312,129,0.0643,p5@DNAJB14,79982,25881,F2Z2L8,DNAJB14,"DnaJ heat shock protein family (Hsp40) member B14","gene with protein product"
571,T061050,127,0.0633,p2@SRSF1,6426,10780,"Q07955,Q59FA2",SRSF1,"serine and arginine rich splicing factor 1","gene with protein product"
572,T184655,127,0.0632,p11@IDO2,169355,27269,,IDO2,"indoleamine 2,3-dioxygenase 2","gene with protein product"
573,T114773,126,0.0627,p8@DLX2,1746,2915,Q07687,DLX2,"distal-less homeobox 2","gene with protein product"
574,T156892,123,0.0613,p7@ELL2,22936,17064,"O00472,Q59FW6,Q7Z656",ELL2,"elongation factor for RNA polymerase II 2","gene with protein product"
575,T188629,117,0.0580,p1@C9orf147,,31438,,C9orf147,"chromosome 9 open reading frame 147",unknown
576,T146931,115,0.0574,p7@GAK,2580,4113,,GAK,"cyclin G associated kinase","gene with protein product"
577,T027238,115,0.0573,p5@NACA,4666,7629,"E9PAV3,B2R4P8,Q13765,F8VU71",NACA,"nascent polypeptide-associated complex alpha subunit","gene with protein product"
578,T168569,115,0.0572,p3@C6orf168,84553,20742,,FAXC,"failed axon connections homolog","gene with protein product"
579,T022463,114,0.0567,p6@CDK2AP1,8099,14002,F5GYA4,CDK2AP1,"cyclin dependent kinase 2 associated protein 1","gene with protein product"
580,T111364,112,0.0558,p2@PAX8,7849,8622,,PAX8,"paired box 8","gene with protein product"
581,T020977,112,0.0557,p4@C12orf24,29902,30180,Q8WUB2,FAM216A,"family with sequence similarity 216 member A","gene with protein product"
582,T024365,109,0.0544,p9@PTHLH,5744,9607,P12272,PTHLH,"parathyroid hormone like hormone","gene with protein product"
583,T055970,106,0.0529,p4@RAI1,10743,9834,Q7Z5J4,RAI1,"retinoic acid induced 1","gene with protein product"
584,T095351,105,0.0523,p2@ZYG11A,440590,32058,Q6WRX3,ZYG11A,"zyg-11 family member A, cell cycle regulator","gene with protein product"
585,T089017,104,0.0518,p1@FAM43B,163933,31791,Q6ZT52,FAM43B,"family with sequence similarity 43 member B","gene with protein product"
586,T036962,103,0.0513,p2@C14orf93,60686,20162,,C14orf93,"chromosome 14 open reading frame 93","gene with protein product"
587,T034123,103,0.0512,p4@MZT1,440145,33830,Q08AG7,MZT1,"mitotic spindle organizing protein 1","gene with protein product"
588,T164316,102,0.0508,p2@ATF6B,1388,2349,,ATF6B,"activating transcription factor 6 beta","gene with protein product"
589,T058315,98,0.0489,p1@KRT12,3859,6414,Q99456,KRT12,"keratin 12","gene with protein product"
590,T094882,97,0.0483,p1@MMACHC,25974,24525,Q9Y4U1,MMACHC,"methylmalonic aciduria (cobalamin deficiency) cblC type, with homocystinuria","gene with protein product"
591,T027169,96,0.0478,p2@B4GALNT3,283358,24137,Q6L9W6,B4GALNT3,"beta-1,4-N-acetyl-galactosaminyltransferase 3","gene with protein product"
592,T051564,91,0.0453,p3@NME4,4833,7852,,NME4,"NME/NM23 nucleoside diphosphate kinase 4","gene with protein product"
593,T026631,91,0.0453,p4@HOXC10,3226,5122,,HOXC10,"homeobox C10","gene with protein product"
594,T143009,91,0.0453,p3@ZFYVE28,57732,29334,E9PB64,ZFYVE28,"zinc finger FYVE-type containing 28","gene with protein product"
595,T187143,90,0.0449,p3@TMEM55A,55529,25452,Q8N4L2,TMEM55A,"transmembrane protein 55A","gene with protein product"
596,T069486,90,0.0448,p3@ICAM5,7087,5348,"Q9UMF0,Q8N6I2",ICAM5,"intercellular adhesion molecule 5","gene with protein product"
597,T020786,90,0.0448,p1@ALKBH2,121642,32487,"Q6NS38,F5H5X2,F5GZZ0,F5H5S2,A4PET2",ALKBH2,"alkB homolog 2, alpha-ketoglutarate dependent dioxygenase","gene with protein product"
598,T080686,89,0.0443,p1@MOV10,4343,7200,"Q9H8T8,Q5JR04",MOV10,"Mov10 RISC complex RNA helicase","gene with protein product"
599,T121089,88,0.0439,p3@PASK,23178,17270,,PASK,"PAS domain containing serine/threonine kinase","gene with protein product"
600,T037832,87,0.0433,p10@FAM177A1,283635,19829,G3V3Z5,FAM177A1,"family with sequence similarity 177 member A1","gene with protein product"
601,T125178,85,0.0424,p3@BOLA3,388962,24415,"G3XAB0,Q8N338,Q53S33",BOLA3,"bolA family member 3","gene with protein product"
602,T010538,85,0.0424,p7@SLC37A4,,4061,,SLC37A4,"solute carrier family 37 member 4","gene with protein product"
603,T126433,84,0.0419,p1@FER1L5,,19044,A0AVI2,FER1L5,"fer-1 like family member 5","gene with protein product"
604,T199347,84,0.0419,p1@PPP2R3B,28227,13417,Q9Y5P8,PPP2R3B,"protein phosphatase 2 regulatory subunit B''beta","gene with protein product"
605,T025789,83,0.0413,p1@ACCN2,41,100,,ASIC1,"acid sensing ion channel subunit 1","gene with protein product"
606,T193124,83,0.0412,p3@GNE,10020,23657,,GNE,"glucosamine (UDP-N-acetyl)-2-epimerase/N-acetylmannosamine kinase","gene with protein product"
607,T058840,81,0.0403,p2@RAMP2,10266,9844,O60895,RAMP2,"receptor activity modifying protein 2","gene with protein product"
608,T133613,80,0.0398,p3@BDH1,622,1027,,BDH1,"3-hydroxybutyrate dehydrogenase 1","gene with protein product"
609,T069143,80,0.0397,p1@RBFA,79863,26120,Q8N0V3,RBFA,"ribosome binding factor A (putative)","gene with protein product"
610,T161514,79,0.0392,p5@MRPL18,29074,14477,,MRPL18,"mitochondrial ribosomal protein L18","gene with protein product"
611,T097010,78,0.0389,p5@LPHN2,23266,18582,,ADGRL2,"adhesion G protein-coupled receptor L2","gene with protein product"
612,T040649,74,0.0369,p2@TTLL5,23093,19963,,TTLL5,"tubulin tyrosine ligase like 5","gene with protein product"
613,T105634,72,0.0359,p1@CBS,875,1550,P35520,CBS,cystathionine-beta-synthase,"gene with protein product"
614,T109678,72,0.0359,p1@RIBC2,26150,13241,"Q9H4K1,F5GZV2",RIBC2,"RIB43A domain with coiled-coils 2","gene with protein product"
615,T082118,66,0.0329,p9@APH1A,51107,29509,,APH1A,"aph-1 homolog A, gamma-secretase subunit","gene with protein product"
616,T016053,65,0.0323,p1@TAF6L,10629,17305,,TAF6L,"TATA-box binding protein associated factor 6 like","gene with protein product"
617,T058263,64,0.0318,p5@KRT223P,,32968,,KRT223P,"keratin 223 pseudogene",pseudogene
618,T114781,64,0.0318,p10@DLX2,1746,2915,"Q07687,B7ZA14",DLX2,"distal-less homeobox 2","gene with protein product"
619,T034149,63,0.0314,p1@KLF5,688,6349,"B4DL96,Q13887,Q5T6X2",KLF5,"Kruppel like factor 5","gene with protein product"
620,T088480,61,0.0304,p4@CDK18,5129,8751,,CDK18,"cyclin dependent kinase 18","gene with protein product"
621,T140650,61,0.0304,p1@TRIM2,23321,15974,"Q9C040,D3DP09",TRIM2,"tripartite motif containing 2","gene with protein product"
622,T068083,61,0.0303,p8@ZNF532,55205,30940,,ZNF532,"zinc finger protein 532","gene with protein product"
623,T102200,60,0.0298,p6@ADNP,23394,15766,Q9H2P0,ADNP,"activity dependent neuroprotector homeobox","gene with protein product"
624,T156219,59,0.0294,p2@SSBP2,23635,15831,"A6ND70,E9PB74",SSBP2,"single stranded DNA binding protein 2","gene with protein product"
625,T096178,57,0.0285,p2@AK4,"100507855,205",363,P27144,AK4,"adenylate kinase 4","gene with protein product"
626,T038259,57,0.0284,p2@MIS18BP1,55320,20190,C9J2Q8,MIS18BP1,"MIS18 binding protein 1","gene with protein product"
627,T198616,57,0.0284,p1@ASMTL,8623,751,"O95671,E7ER97",ASMTL,"acetylserotonin O-methyltransferase-like","gene with protein product"
628,T114068,56,0.0279,p6@SLC4A10,57282,13811,,SLC4A10,"solute carrier family 4 member 10","gene with protein product"
629,T056670,56,0.0279,p10@PROCA1,147011,28600,C9JIS6,PROCA1,"protein interacting with cyclin A1","gene with protein product"
630,T188782,55,0.0274,p1@COL27A1,85301,22986,Q8IZC6,COL27A1,"collagen type XXVII alpha 1 chain","gene with protein product"
631,T071980,54,0.0268,p6@MKNK2,2872,7111,Q9NV89,MKNK2,"MAP kinase interacting serine/threonine kinase 2","gene with protein product"
632,T051562,51,0.0255,p1@NME4,4833,7852,"F2Z2X0,F2Z297,O00746",NME4,"NME/NM23 nucleoside diphosphate kinase 4","gene with protein product"
633,T199535,51,0.0254,p1@BCOR,54880,20893,Q6W2J9,BCOR,"BCL6 corepressor","gene with protein product"
634,T055626,50,0.0249,p11@PITPNA,5306,9001,,PITPNA,"phosphatidylinositol transfer protein alpha","gene with protein product"
635,T142169,50,0.0249,p5@NEIL3,55247,24573,Q8TAT5,NEIL3,"nei like DNA glycosylase 3","gene with protein product"
636,T199679,50,0.0249,p3@NDP,4693,7678,Q00604,NDP,"NDP, norrin cystine knot growth factor","gene with protein product"
637,T198672,50,0.0249,p2@CTPS2,56474,2520,"E9PBY8,Q9NRF8",CTPS2,"CTP synthase 2","gene with protein product"
638,T166177,50,0.0248,p5@SLC29A1,2030,11003,Q99808,SLC29A1,"solute carrier family 29 member 1 (Augustine blood group)","gene with protein product"
639,T048262,49,0.0244,p1@NR2F2,7026,7976,P24468,NR2F2,"nuclear receptor subfamily 2 group F member 2","gene with protein product"
640,T111818,48,0.0239,p2@MKI67IP,84365,17838,C9J6C5,NIFK,"nucleolar protein interacting with the FHA domain of MKI67","gene with protein product"
641,T122208,48,0.0239,p2@BIRC6,57448,13516,Q9NR09,BIRC6,"baculoviral IAP repeat containing 6","gene with protein product"
642,T013508,46,0.0229,p9@RCN1,"5954,440034",9934,,RCN1,"reticulocalbin 1","gene with protein product"
643,T093220,45,0.0224,p2@PRDM16,63976,14000,"F8WEV3,D3YTA5,D6RDW0,Q9HAZ2",PRDM16,"PR/SET domain 16","gene with protein product"
644,T036944,44,0.0219,p2@HAUS4,54930,20163,"Q9H6D7,G3V5A5",HAUS4,"HAUS augmin like complex subunit 4","gene with protein product"
645,T174676,42,0.0210,p14@WIPF3,644150,22004,,WIPF3,"WAS/WASL interacting protein family member 3","gene with protein product"
646,T114767,41,0.0204,p10@DLX1,1745,2914,,DLX1,"distal-less homeobox 1","gene with protein product"
647,T102365,40,0.0199,p3@PCNA,5111,8729,P12004,PCNA,"proliferating cell nuclear antigen","gene with protein product"
648,T100753,39,0.0194,p3@PLCG1,5335,9065,,PLCG1,"phospholipase C gamma 1","gene with protein product"
649,T042885,37,0.0184,p1@GOLGA8A,23015,31972,,GOLGA8A,"golgin A8 family member A","gene with protein product"
650,T093736,36,0.0180,p2@C1orf212,113444,25154,,SMIM12,"small integral membrane protein 12","gene with protein product"
651,T121090,36,0.0179,p1@PASK,23178,17270,"G5E9F1,C9J1Z3,F8WEB4,C9J4R3,B7Z7V7,Q96RG2,Q05BE4",PASK,"PAS domain containing serine/threonine kinase","gene with protein product"
652,T063337,36,0.0179,p1@FBF1,85302,24674,"A6NLR5,Q8TES7,Q8IZ48",FBF1,"Fas binding factor 1","gene with protein product"
653,T097476,35,0.0175,p6@PKN2,5586,9406,E7ESL7,PKN2,"protein kinase N2","gene with protein product"
654,T190139,34,0.0169,p5@SET,6418,10760,"B2REB8,A6NGV1",SET,"SET nuclear proto-oncogene","gene with protein product"
655,T184429,32,0.0159,p3@ERLIN2,11160,1356,"E5RHW4,O94905",ERLIN2,"ER lipid raft associated 2","gene with protein product"
656,T102405,32,0.0159,p2@ZNF217,7764,13009,,ZNF217,"zinc finger protein 217","gene with protein product"
657,T157700,31,0.0155,p2@ELOVL2,54898,14416,Q9NXB9,ELOVL2,"ELOVL fatty acid elongase 2","gene with protein product"
658,T195071,31,0.0155,p4@BARX1,56033,955,Q9HBU1,BARX1,"BARX homeobox 1","gene with protein product"
659,T185070,30,0.0149,p1@PRKDC,5591,9413,,PRKDC,"protein kinase, DNA-activated, catalytic polypeptide","gene with protein product"
660,T026654,28,0.0139,"p1@HOXC4,p1@HOXC5,p1@HOXC6","3221,3223,3222","5126,5128,5127","P09017,Q86TF7,P09630",HOXC4,"homeobox C4","gene with protein product"
661,T174350,27,0.0135,p3@HOTAIRM1,,37117,,HOTAIRM1,"HOXA transcript antisense RNA, myeloid-specific 1","RNA, long non-coding"
662,T062520,27,0.0135,p2@SOX9,6662,11204,,SOX9,"SRY-box 9","gene with protein product"
663,T196326,25,0.0125,p8@MID1,4281,7095,O15344,MID1,"midline 1","gene with protein product"
664,T140643,25,0.0124,p3@TRIM2,23321,15974,,TRIM2,"tripartite motif containing 2","gene with protein product"
665,T078611,24,0.0120,p1@ZNF814,730051,33258,B7Z6K7,ZNF814,"zinc finger protein 814","gene with protein product"
666,T164835,24,0.0119,p4@ITPR3,3710,6182,,ITPR3,"inositol 1,4,5-trisphosphate receptor type 3","gene with protein product"
667,T037281,23,0.0114,p4@DHRS4L2,317749,19731,Q6E0Y0,DHRS4L2,"dehydrogenase/reductase 4 like 2","gene with protein product"
668,T009403,22,0.0110,p3@KDELC2,143888,28496,Q7Z4H8,KDELC2,"KDEL motif containing 2","gene with protein product"
669,T114051,21,0.0105,p10@TBR1,10716,11590,,TBR1,"T-box, brain 1","gene with protein product"
670,T096843,21,0.0105,p17@FUBP1,8880,4004,,FUBP1,"far upstream element binding protein 1","gene with protein product"
671,T114753,21,0.0104,p4@SLC25A12,8604,10982,,SLC25A12,"solute carrier family 25 member 12","gene with protein product"
672,T079763,19,0.0095,p2@UBE4B,10277,12500,B1AQ61,UBE4B,"ubiquitination factor E4B","gene with protein product"
673,T177264,19,0.0095,p4@HSPB1,3315,5246,C9J3N8,HSPB1,"heat shock protein family B (small) member 1","gene with protein product"
674,T053186,18,0.0090,p1@TSNAXIP1,55815,18586,,TSNAXIP1,"translin associated factor X interacting protein 1","gene with protein product"
675,T104546,18,0.0090,p5@TIAM1,7074,11805,"Q13009,E9PD83",TIAM1,"T-cell lymphoma invasion and metastasis 1","gene with protein product"
676,T163131,16,0.0080,p4@HIST1H2BM,8342,4750,Q99879,HIST1H2BM,"histone cluster 1 H2B family member m","gene with protein product"
677,T087267,16,0.0080,p6@UBR4,23352,30313,Q5T4S7,UBR4,"ubiquitin protein ligase E3 component n-recognin 4","gene with protein product"
678,T176341,16,0.0080,p11@LANCL2,55915,6509,"Q9NS86,B3KTN5",LANCL2,"LanC like 2","gene with protein product"
679,T117693,15,0.0075,p2@MDH1B,130752,17836,"C9JER5,Q5I0G3",MDH1B,"malate dehydrogenase 1B","gene with protein product"
680,T199693,15,0.0075,p5@FUNDC1,139341,28746,,FUNDC1,"FUN14 domain containing 1","gene with protein product"
681,T128720,15,0.0075,p1@RUVBL1,8607,10474,Q9Y265,RUVBL1,"RuvB like AAA ATPase 1","gene with protein product"
682,T129702,15,0.0075,p47@ZBTB38,253461,26636,D6RBC4,ZBTB38,"zinc finger and BTB domain containing 38","gene with protein product"
683,T128571,15,0.0075,"p1@TXNRD3NB,p1@TXNRD3","114112,645840","20667,33870","B4DRZ5,Q86VQ6",TXNRD3,"thioredoxin reductase 3","gene with protein product"
684,T138311,14,0.0070,p1@DNAJB14,79982,25881,F2Z2L8,DNAJB14,"DnaJ heat shock protein family (Hsp40) member B14","gene with protein product"
685,T022797,13,0.0065,p30@DUSP16,80824,17909,Q9BY84,DUSP16,"dual specificity phosphatase 16","gene with protein product"
686,T184000,13,0.0065,p2@HMBOX1,79618,26137,E5RGZ2,HMBOX1,"homeobox containing 1","gene with protein product"
687,T091918,12,0.0060,p4@AKT3,10000,393,Q9Y243,AKT3,"AKT serine/threonine kinase 3","gene with protein product"
688,T198673,12,0.0060,p3@CTPS2,56474,2520,"E9PBY8,Q9NRF8",CTPS2,"CTP synthase 2","gene with protein product"
689,T141983,12,0.0060,p1@HPGD,3248,5154,"B4DV57,E7EV11",HPGD,"hydroxyprostaglandin dehydrogenase 15-(NAD)","gene with protein product"
690,T034128,12,0.0060,p1@DIS3,22894,20604,Q9Y2L1,DIS3,"DIS3 homolog, exosome endoribonuclease and 3'-5' exoribonuclease","gene with protein product"
691,T188645,12,0.0060,p1@ZNF883,169834,27271,P0CG24,ZNF883,"zinc finger protein 883","gene with protein product"
692,T081794,12,0.0060,p3@ANKRD34A,284615,27639,Q69YU3,ANKRD34A,"ankyrin repeat domain 34A","gene with protein product"
693,T079587,12,0.0060,"p2@ZNF177,p2@ZNF559-ZNF177","100529215,7730","12966,42964",Q13360,ZNF177,"zinc finger protein 177","gene with protein product"
694,T132059,12,0.0060,p32@SOX2-OT,,20209,,SOX2-OT,"SOX2 overlapping transcript","RNA, long non-coding"
695,T141979,10,0.0050,p5@HPGD,3248,5154,D6RA66,HPGD,"hydroxyprostaglandin dehydrogenase 15-(NAD)","gene with protein product"
696,T130548,10,0.0050,p4@MBNL1,4154,6923,,MBNL1,"muscleblind like splicing regulator 1","gene with protein product"
697,T051347,9,0.0045,"p3@PDIA2,p4@ARHGDIG","398,64714","680,14180","F1T0H7,Q99819,Q13087",ARHGDIG,"Rho GDP dissociation inhibitor gamma","gene with protein product"
698,T109247,9,0.0045,p4@XRCC6,2547,4055,B1AHC7,XRCC6,"X-ray repair cross complementing 6","gene with protein product"
699,T174343,9,0.0045,p5@HOXA1,3198,5099,P49639,HOXA1,"homeobox A1","gene with protein product"
700,T141936,9,0.0045,p8@FBXO8,26269,13587,D6RJ92,FBXO8,"F-box protein 8","gene with protein product"
701,T094532,9,0.0045,p3@YBX1,4904,8014,,YBX1,"Y-box binding protein 1","gene with protein product"
702,T189378,9,0.0045,p1@LHX2,9355,6594,"P50458,B3KNJ5",LHX2,"LIM homeobox 2","gene with protein product"
703,T010175,9,0.0045,p3@RNF214,257160,25335,"B4DTD1,B2RUW0,Q8ND24",RNF214,"ring finger protein 214","gene with protein product"
704,T195058,9,0.0045,p6@PHF2,5253,8920,O75151,PHF2,"PHD finger protein 2","gene with protein product"
705,T177176,9,0.0045,p1@POM121C,100101267,34005,A8CG34,POM121C,"POM121 transmembrane nucleoporin C","gene with protein product"
706,T174354,9,0.0045,p1@HOXA2,3199,5103,O43364,HOXA2,"homeobox A2","gene with protein product"
707,T105722,9,0.0045,p1@RRP1B,23076,23818,Q14684,RRP1B,"ribosomal RNA processing 1B","gene with protein product"
708,T194904,7,0.0035,p5@OGN,4969,8126,"A8K0R3,P20774,Q7Z532",OGN,osteoglycin,"gene with protein product"
709,T168570,7,0.0035,p2@C6orf168,84553,20742,,FAXC,"failed axon connections homolog","gene with protein product"
710,T071095,6,0.0030,p1@C19orf44,84167,26141,Q9H6X5,C19orf44,"chromosome 19 open reading frame 44","gene with protein product"
711,T049860,6,0.0030,p3@MLST8,64223,24825,,MLST8,"MTOR associated protein, LST8 homolog","gene with protein product"
712,T085700,6,0.0030,p6@C1orf9,51430,1240,Q9UBS9,SUCO,"SUN domain containing ossification factor","gene with protein product"
713,T162139,6,0.0030,p1@C6orf120,387263,21247,Q7Z4R8,C6orf120,"chromosome 6 open reading frame 120","gene with protein product"
714,T105638,6,0.0030,p3@CBS,875,1550,B7Z2D6,CBS,cystathionine-beta-synthase,"gene with protein product"
715,T177339,6,0.0030,p3@HEATR2,54919,26013,,DNAAF5,"dynein axonemal assembly factor 5","gene with protein product"
716,T016529,6,0.0030,p3@NRXN2,9379,8009,P58401,NRXN2,"neurexin 2","gene with protein product"
717,T052883,6,0.0030,p6@TK2,7084,11831,B4DZK7,TK2,"thymidine kinase 2, mitochondrial","gene with protein product"
718,T106606,6,0.0030,p1@TBX1,6899,11592,,TBX1,"T-box 1","gene with protein product"
719,T070104,6,0.0030,p1@TNPO2,30000,19998,"O14787,Q6IN77,F5H8J7,Q4LE60",TNPO2,"transportin 2","gene with protein product"
720,T050263,6,0.0030,p5@SRRM2,23524,16639,"Q9UQ35,F5GWZ7",SRRM2,"serine/arginine repetitive matrix 2","gene with protein product"
721,T139749,6,0.0030,p3@KIAA1530,57654,29304,,UVSSA,"UV stimulated scaffold protein A","gene with protein product"
722,T059946,6,0.0030,p12@HOXB6,3216,5117,P17509,HOXB6,"homeobox B6","gene with protein product"
723,T114775,6,0.0030,p2@DLX2,1746,2915,,DLX2,"distal-less homeobox 2","gene with protein product"
724,T141446,6,0.0030,p1@NACA3P,,33442,,NACA3P,"NACA family member 3 pseudogene",pseudogene
725,T167847,6,0.0030,p11@SENP6,26054,20944,D6RJH1,SENP6,"SUMO1/sentrin specific peptidase 6","gene with protein product"
726,T058240,4,0.0020,"p1@KRT222,p2@SMARCE1","125113,6605","28695,11109",Q8N1A0,KRT222,"keratin 222","gene with protein product"
727,T082287,3,0.0015,p3@PRUNE,58497,13420,,PRUNE1,"prune exopolyphosphatase","gene with protein product"
728,T029713,3,0.0015,p4@SLC6A15,55117,13621,"F8VVE6,B7Z2P7,Q8IXG2,Q9NW50,Q9H9F5,Q9H2J7",SLC6A15,"solute carrier family 6 member 15","gene with protein product"
729,T152888,3,0.0015,p1@ZNF454,285676,21200,"Q8N9F8,Q2M1P2",ZNF454,"zinc finger protein 454","gene with protein product"
730,T182225,3,0.0015,p1@MAPK15,225689,24667,Q8TD08,MAPK15,"mitogen-activated protein kinase 15","gene with protein product"
731,T053163,3,0.0015,p1@RLTPR,146206,27089,,CARMIL2,"capping protein regulator and myosin 1 linker 2","gene with protein product"
732,T050463,3,0.0015,p3@SH2B1,25970,30417,Q9NRF2,SH2B1,"SH2B adaptor protein 1","gene with protein product"
733,T024133,3,0.0015,p4@BCAT1,586,976,B3KY27,BCAT1,"branched chain amino acid transaminase 1","gene with protein product"
734,T069967,3,0.0015,p2@ZNF788,388507,33112,"Q6ZQV5,C9JB32,Q6ZVS3",ZNF788,"zinc finger family member 788","gene with protein product"
735,T071597,3,0.0015,p4@FKBP8,23770,3724,B7Z6M0,FKBP8,"FK506 binding protein 8","gene with protein product"
736,T096151,3,0.0015,p7@PLEKHG5,57449,29105,,PLEKHG5,"pleckstrin homology and RhoGEF domain containing G5","gene with protein product"
737,T199541,3,0.0015,p2@BCOR,54880,20893,C9JHP3,BCOR,"BCL6 corepressor","gene with protein product"
738,T198230,3,0.0015,p3@DUSP9,1852,3076,,DUSP9,"dual specificity phosphatase 9","gene with protein product"
739,T156218,3,0.0015,p1@SSBP2,23635,15831,"B7Z1J2,E9PDA8",SSBP2,"single stranded DNA binding protein 2","gene with protein product"
740,T110448,3,0.0015,p5@RRM2,6241,10452,C9JXC1,RRM2,"ribonucleotide reductase regulatory subunit M2","gene with protein product"
741,T064424,3,0.0015,p1@CYB5D1,124637,26516,F5GZJ3,CYB5D1,"cytochrome b5 domain containing 1","gene with protein product"
742,T058646,3,0.0015,p2@DNAJC7,7266,12392,Q7Z784,DNAJC7,"DnaJ heat shock protein family (Hsp40) member C7","gene with protein product"
743,T168203,3,0.0015,p3@SYNCRIP,10492,16918,"O60506,Q59GL1",SYNCRIP,"synaptotagmin binding cytoplasmic RNA interacting protein","gene with protein product"
744,T054007,3,0.0015,p1@TMEM231,79583,37234,"Q9H6L2,G5E9E3,B3KU85,Q6P450",TMEM231,"transmembrane protein 231","gene with protein product"
745,T120939,3,0.0015,p4@ANKMY1,51281,20987,"Q9P2S6,B5MBY4",ANKMY1,"ankyrin repeat and MYND domain containing 1","gene with protein product"
746,T058621,3,0.0015,p3@CNP,1267,2158,P09543,CNP,"2',3'-cyclic nucleotide 3' phosphodiesterase","gene with protein product"
747,T027120,3,0.0015,p1@CNPY2,10330,13529,"F8VP03,F8W1U5,F8VXJ7",CNPY2,"canopy FGF signaling regulator 2","gene with protein product"
748,T026938,3,0.0015,p7@DNAJC14,85406,24581,,DNAJC14,"DnaJ heat shock protein family (Hsp40) member C14","gene with protein product"
749,T007330,3,0.0015,p2@PPIF,10105,9259,,PPIF,"peptidylprolyl isomerase F","gene with protein product"
750,T120940,3,0.0015,p3@ANKMY1,51281,20987,"Q9P2S6,Q4ZFV3,Q6GPI0",ANKMY1,"ankyrin repeat and MYND domain containing 1","gene with protein product"
751,T059889,3,0.0015,p6@HOXB2,3212,5113,,HOXB2,"homeobox B2","gene with protein product"
752,T162215,3,0.0015,p2@TBP,6908,11588,Q7Z6S5,TBP,"TATA-box binding protein","gene with protein product"
753,T096096,3,0.0015,p1@RAVER2,55225,25577,Q9HCJ3,RAVER2,"ribonucleoprotein, PTB binding 2","gene with protein product"
754,T193618,3,0.0015,p4@KANK1,23189,19309,,KANK1,"KN motif and ankyrin repeat domains 1","gene with protein product"
755,T176106,3,0.0015,p2@RADIL,55698,22226,"F8WEM1,B7Z2I1",RADIL,"Rap associating with DIL domain","gene with protein product"
756,T052997,3,0.0015,p10@HSF4,3299,5227,,HSF4,"heat shock transcription factor 4","gene with protein product"
757,T018935,3,0.0015,p3@TUB,7275,12406,P50607,TUB,"tubby bipartite transcription factor","gene with protein product"
758,T007723,3,0.0015,p2@GLUD1,2746,4335,"E9KL48,P00367",GLUD1,"glutamate dehydrogenase 1","gene with protein product"
