Hs-C3orf62,2000,1000,T135616-C3orf62,"p3@C3orf62"
rank,ID,Fabs,Frel,association_with_transcript,entrezgene_id,hgnc_id,uniprot_id,gene_name,description,type
1,T089955,2009,1.0000,p6@MARK1,4139,6896,Q9P0L2,MARK1,"microtubule affinity regulating kinase 1","gene with protein product"
2,T193672,2008,0.9990,p8@PIP5K1B,8395,8995,,PIP5K1B,"phosphatidylinositol-4-phosphate 5-kinase type 1 beta","gene with protein product"
3,T074435,2006,0.9990,p19@EGLN2,112398,14660,,EGLN2,"egl-9 family hypoxia inducible factor 2","gene with protein product"
4,T011284,2005,0.9990,p3@CCDC15,80071,25798,"Q0P6D6,E9PKB1",CCDC15,"coiled-coil domain containing 15","gene with protein product"
5,T192053,2005,0.9990,p4@HAUS6,54801,25948,Q7Z4H7,HAUS6,"HAUS augmin like complex subunit 6","gene with protein product"
6,T063064,2005,0.9990,p14@SLC16A5,9121,10926,B4E288,SLC16A5,"solute carrier family 16 member 5","gene with protein product"
7,T103324,2002,0.9990,p3@HAR1B,768097,33118,,HAR1B,"highly accelerated region 1B (non-protein coding)","RNA, long non-coding"
8,T097731,2002,0.9990,p8@SLC2A5,6518,11010,,SLC2A5,"solute carrier family 2 member 5","gene with protein product"
9,T134926,2000,0.9990,p8@ZDHHC3,51304,18470,,ZDHHC3,"zinc finger DHHC-type containing 3","gene with protein product"
10,T094077,2008,0.9985,p4@EPHA10,284656,19987,F5GWI2,EPHA10,"EPH receptor A10","gene with protein product"
11,T184891,2007,0.9985,p7@C8orf40,114926,25166,Q96E16,SMIM19,"small integral membrane protein 19","gene with protein product"
12,T139957,2005,0.9985,p6@NDUFC1,4717,7705,,NDUFC1,"NADH:ubiquinone oxidoreductase subunit C1","gene with protein product"
13,T022678,2001,0.9985,p15@UBC,7316,12468,F5H388,UBC,"ubiquitin C","gene with protein product"
14,T191461,2000,0.9970,p18@FBXW5,54461,13613,,FBXW5,"F-box and WD repeat domain containing 5","gene with protein product"
15,T107582,1999,0.9960,p1@HORMAD2,150280,28383,"F8WES9,Q8N7B1",HORMAD2,"HORMA domain containing 2","gene with protein product"
16,T070778,2000,0.9955,p3@REEP6,92840,30078,A8MWX0,REEP6,"receptor accessory protein 6","gene with protein product"
17,T020134,1997,0.9950,p2@CCDC53,51019,24256,"F5GXZ7,F5GZ97",WASHC3,"WASH complex subunit 3","gene with protein product"
18,T032461,1993,0.9935,p1@UBE2L5P,,13477,,UBE2L5P,"ubiquitin conjugating enzyme E2 L5, pseudogene",pseudogene
19,T182216,1998,0.9930,p13@TSTA3,7264,12390,E9PP14,TSTA3,"tissue specific transplantation antigen P35B","gene with protein product"
20,T080155,1991,0.9925,p6@KIAA1324,57535,29618,"E9PLY8,B4DWM4,Q6UXG2",KIAA1324,KIAA1324,"gene with protein product"
21,T091982,1991,0.9910,p9@ADSS,159,292,P30520,ADSS,"adenylosuccinate synthase","gene with protein product"
22,T103442,1986,0.9890,p4@C20orf195,79025,28764,,FNDC11,"fibronectin type III domain containing 11","gene with protein product"
23,T009956,1984,0.9880,p5@C11orf71,54494,25937,,C11orf71,"chromosome 11 open reading frame 71","gene with protein product"
24,T069704,1985,0.9876,p2@GPX4,2879,4556,P36969,GPX4,"glutathione peroxidase 4","gene with protein product"
25,T052293,1983,0.9875,p12@AMFR,267,463,Q9UKV5,AMFR,"autocrine motility factor receptor","gene with protein product"
26,T061865,1978,0.9856,p6@SMURF2,64750,16809,"Q9HAU4,Q96DE7",SMURF2,"SMAD specific E3 ubiquitin protein ligase 2","gene with protein product"
27,T060530,1973,0.9855,p4@MYCBPAP,84073,19677,Q8TBZ2,MYCBPAP,"MYCBP associated protein","gene with protein product"
28,T176103,1972,0.9845,p1@PAPOLB,56903,15970,"Q9NRJ5,A4D1Z6",PAPOLB,"poly(A) polymerase beta","gene with protein product"
29,T039557,1980,0.9841,p2@PPP1R36,145376,20097,"E9PLB5,G3V4N3",PPP1R36,"protein phosphatase 1 regulatory subunit 36","gene with protein product"
30,T144126,1978,0.9841,p1@CORIN,10699,19012,Q9Y5Q5,CORIN,"corin, serine peptidase","gene with protein product"
31,T060640,1975,0.9831,p1@INCA1,388324,32224,Q0VD86,INCA1,"inhibitor of CDK, cyclin A1 interacting protein 1","gene with protein product"
32,T009231,1968,0.9806,p1@MRVI1-AS1,100129827,43434,,MRVI1-AS1,"MRVI1 antisense RNA 1","RNA, long non-coding"
33,T121347,1962,0.9761,p3@PTRHD1,391356,33782,,PTRHD1,"peptidyl-tRNA hydrolase domain containing 1","gene with protein product"
34,T043917,1958,0.9741,p17@TRIM69,140691,17857,,TRIM69,"tripartite motif containing 69","gene with protein product"
35,T076681,1945,0.9715,p2@SLC6A16,28968,13622,Q8IYV4,SLC6A16,"solute carrier family 6 member 16","gene with protein product"
36,T135582,1940,0.9642,p22@QRICH1,54870,24713,,QRICH1,"glutamine rich 1","gene with protein product"
37,T149231,1932,0.9622,p4@NME5,8382,7853,,NME5,"NME/NM23 family member 5","gene with protein product"
38,T120732,1930,0.9607,p2@RBM44,375316,24756,,RBM44,"RNA binding motif protein 44","gene with protein product"
39,T165407,1925,0.9587,p5@TMEM217,221468,21238,Q8N7C4,TMEM217,"transmembrane protein 217","gene with protein product"
40,T149431,1927,0.9582,p9@UBE2D2,7322,12475,"Q96RP6,P62837,D6RFM0",UBE2D2,"ubiquitin conjugating enzyme E2 D2","gene with protein product"
41,T018975,1922,0.9557,p19@PNPLA2,57104,30802,,PNPLA2,"patatin like phospholipase domain containing 2","gene with protein product"
42,T096946,1911,0.9512,p2@PARK7,11315,16369,Q99497,PARK7,"Parkinsonism associated deglycase","gene with protein product"
43,T124913,1903,0.9472,p4@ANKRD53,79998,25691,Q8N9V6,ANKRD53,"ankyrin repeat domain 53","gene with protein product"
44,T149257,1899,0.9467,p6@FAM53C,51307,1336,,FAM53C,"family with sequence similarity 53 member C","gene with protein product"
45,T011651,1903,0.9463,p36@ARHGAP32,9743,17399,,ARHGAP32,"Rho GTPase activating protein 32","gene with protein product"
46,T094517,1891,0.9417,p2@ZMYND12,84217,21192,"Q9H0C1,E9PFV0,B4DX70",ZMYND12,"zinc finger MYND-type containing 12","gene with protein product"
47,T099560,1883,0.9387,p6@DUSP15,128853,16236,"E9PCT6,A8MVC8,Q9H1R2",DUSP15,"dual specificity phosphatase 15","gene with protein product"
48,T045440,1877,0.9362,p4@SNX1,6642,11172,,SNX1,"sorting nexin 1","gene with protein product"
49,T072741,1866,0.9293,p3@SLC7A10,56301,11058,Q9NS82,SLC7A10,"solute carrier family 7 member 10","gene with protein product"
50,T039175,1865,0.9288,p17@PPM1A,5494,9275,"P35813,B2R8E4",PPM1A,"protein phosphatase, Mg2+/Mn2+ dependent 1A","gene with protein product"
51,T108873,1862,0.9259,p23@SUN2,25777,14210,,SUN2,"Sad1 and UNC84 domain containing 2","gene with protein product"
52,T084917,1859,0.9258,p5@UAP1,6675,12457,Q16222,UAP1,"UDP-N-acetylglucosamine pyrophosphorylase 1","gene with protein product"
53,T170358,1861,0.9254,p1@RNF148,378925,22411,C9JVJ0,RNF148,"ring finger protein 148","gene with protein product"
54,T052652,1858,0.9225,p3@CSNK2A2,1459,2459,P19784,CSNK2A2,"casein kinase 2 alpha 2","gene with protein product"
55,T128158,1846,0.9161,p1@TIMP4,7079,11823,,TIMP4,"TIMP metallopeptidase inhibitor 4","gene with protein product"
56,T060529,1838,0.9158,p2@MYCBPAP,84073,19677,,MYCBPAP,"MYCBP associated protein","gene with protein product"
57,T157318,1831,0.9114,p2@C6orf112,154442,21223,Q5T3Y7,BVES-AS1,"BVES antisense RNA 1","RNA, long non-coding"
58,T046279,1828,0.9113,p1@C15orf60,283677,25065,Q7Z4M0,REC114,"REC114 meiotic recombination protein","gene with protein product"
59,T082437,1793,0.8934,p2@TDRKH,11022,11713,"B4DJ68,B7ZAG4,E9PQX4",TDRKH,"tudor and KH domain containing","gene with protein product"
60,T030589,1784,0.8871,p1@CCDC38,120935,26843,"F8VTU7,F8VY05",CCDC38,"coiled-coil domain containing 38","gene with protein product"
61,T084698,1764,0.8785,p2@KLHDC9,126823,28489,Q8NEP7,KLHDC9,"kelch domain containing 9","gene with protein product"
62,T155857,1758,0.8759,p4@ZBED3,84327,20711,D6RIC4,ZBED3,"zinc finger BED-type containing 3","gene with protein product"
63,T135515,1746,0.8713,p5@PRKAR2A,5576,9391,Q9BUB1,PRKAR2A,"protein kinase cAMP-dependent type II regulatory subunit alpha","gene with protein product"
64,T027241,1743,0.8680,p7@HSD17B6,8630,23316,G3V3Y9,HSD17B6,"hydroxysteroid 17-beta dehydrogenase 6","gene with protein product"
65,T089336,1741,0.8679,p9@SLC30A1,7779,11012,Q9Y6M5,SLC30A1,"solute carrier family 30 member 1","gene with protein product"
66,T143369,1729,0.8623,p2@GRK4,2868,4543,,GRK4,"G protein-coupled receptor kinase 4","gene with protein product"
67,T055943,1725,0.8578,p4@PEMT,10400,8830,Q9UBM1,PEMT,"phosphatidylethanolamine N-methyltransferase","gene with protein product"
68,T112152,1723,0.8572,p9@SMPD4,55627,32949,C9J647,SMPD4,"sphingomyelin phosphodiesterase 4","gene with protein product"
69,T129419,1718,0.8552,p3@FBLN2,2199,3601,"P98095,Q86V58,Q9Y3V7",FBLN2,"fibulin 2","gene with protein product"
70,T050324,1707,0.8505,p7@XPO6,23214,19733,Q96QU8,XPO6,"exportin 6","gene with protein product"
71,T135617,1674,0.8353,p1@C3orf62,375341,24771,Q6ZUJ4,C3orf62,"chromosome 3 open reading frame 62","gene with protein product"
72,T187046,1669,0.8324,p8@OSGIN2,734,1355,Q9Y236,OSGIN2,"oxidative stress induced growth inhibitor family member 2","gene with protein product"
73,T060528,1650,0.8217,p1@MYCBPAP,84073,19677,C9JZX1,MYCBPAP,"MYCBP associated protein","gene with protein product"
74,T057228,1654,0.8208,p4@CCT6B,10693,1621,B4DYB0,CCT6B,"chaperonin containing TCP1 subunit 6B","gene with protein product"
75,T141689,1642,0.8185,p6@PALLD,23022,17068,Q8WX93,PALLD,"palladin, cytoskeletal associated protein","gene with protein product"
76,T135619,1635,0.8134,p5@C3orf62,375341,24771,C9JW57,C3orf62,"chromosome 3 open reading frame 62","gene with protein product"
77,T017137,1634,0.8125,p11@DRAP1,10589,3019,Q14919,DRAP1,"DR1 associated protein 1","gene with protein product"
78,T055942,1610,0.8006,p9@PEMT,10400,8830,Q9UBM1,PEMT,"phosphatidylethanolamine N-methyltransferase","gene with protein product"
79,T136179,1609,0.8001,p1@PHF7,51533,18458,Q9BWX1,PHF7,"PHD finger protein 7","gene with protein product"
80,T171751,1607,0.7995,p3@BRAF,673,1097,P15056,BRAF,"B-Raf proto-oncogene, serine/threonine kinase","gene with protein product"
81,T090114,1606,0.7994,p15@MIA3,375056,24008,Q5JRA6,MIA3,"MIA family member 3, ER export factor","gene with protein product"
82,T051727,1603,0.7983,p1@C16orf71,146562,25081,F5H059,C16orf71,"chromosome 16 open reading frame 71","gene with protein product"
83,T136972,1596,0.7964,p2@ADAMTS9-AS1,,40625,,ADAMTS9-AS1,"ADAMTS9 antisense RNA 1","RNA, long non-coding"
84,T055945,1589,0.7913,p7@PEMT,10400,8830,Q9UBM1,PEMT,"phosphatidylethanolamine N-methyltransferase","gene with protein product"
85,T107570,1584,0.7908,p10@ASCC2,84164,24103,,ASCC2,"activating signal cointegrator 1 complex subunit 2","gene with protein product"
86,T093989,1583,0.7891,p5@MRPS15,64960,14504,P82914,MRPS15,"mitochondrial ribosomal protein S15","gene with protein product"
87,T180065,1551,0.7736,p2@C8orf85,441376,33842,,AARD,"alanine and arginine rich domain containing protein","gene with protein product"
88,T096057,1550,0.7727,p12@ACOT7,11332,24157,O00154,ACOT7,"acyl-CoA thioesterase 7","gene with protein product"
89,T186261,1551,0.7716,p2@LACTB2,51110,18512,Q53H82,LACTB2,"lactamase beta 2","gene with protein product"
90,T056120,1489,0.7419,p14@MAPK7,5598,6880,Q13164,MAPK7,"mitogen-activated protein kinase 7","gene with protein product"
91,T039632,1483,0.7374,p8@FNTB,2342,3785,P49356,FNTB,"farnesyltransferase, CAAX box, beta","gene with protein product"
92,T061377,1479,0.7366,p2@RNFT1,51136,30206,E9PI44,RNFT1,"ring finger protein, transmembrane 1","gene with protein product"
93,T020979,1471,0.7329,p6@C12orf24,29902,30180,F8VXY8,FAM216A,"family with sequence similarity 216 member A","gene with protein product"
94,T103441,1442,0.7171,p1@C20orf195,79025,28764,Q9BVV2,FNDC11,"fibronectin type III domain containing 11","gene with protein product"
95,T023260,1447,0.7167,p12@CHFR,55743,20455,,CHFR,"checkpoint with forkhead and ring finger domains","gene with protein product"
96,T051455,1431,0.7134,p1@SLX4,84464,23845,Q8IY92,SLX4,"SLX4 structure-specific endonuclease subunit","gene with protein product"
97,T126749,1429,0.7131,p3@TMEM111,55831,23999,,EMC3,"ER membrane protein complex subunit 3","gene with protein product"
98,T020273,1422,0.7089,p3@C12orf42,374470,24729,"Q96LP6,F8VV63,F8VX61",C12orf42,"chromosome 12 open reading frame 42","gene with protein product"
99,T071829,1424,0.7088,"p12@HAPLN4,p4@TM6SF2","53345,404037","11861,31357","Q9BZW4,Q8N8A7",TM6SF2,"transmembrane 6 superfamily member 2","gene with protein product"
100,T176509,1408,0.7019,p8@RNF216,54476,21698,B3KVW5,RNF216,"ring finger protein 216","gene with protein product"
101,T133497,1400,0.6976,p3@WDR53,348793,28786,C9JJZ8,WDR53,"WD repeat domain 53","gene with protein product"
102,T192655,1394,0.6932,p3@AQP7,"100509620,364",640,B7Z7F6,AQP7,"aquaporin 7","gene with protein product"
103,T136268,1381,0.6888,p2@SPCS1,28972,23401,Q9Y6A9,SPCS1,"signal peptidase complex subunit 1","gene with protein product"
104,T056290,1382,0.6886,p2@TMEM11,8834,16823,P17152,TMEM11,"transmembrane protein 11","gene with protein product"
105,T045408,1356,0.6756,p4@FBXL22,,27537,,FBXL22,"F-box and leucine rich repeat protein 22","gene with protein product"
106,T197529,1355,0.6751,p31@ARHGEF6,9459,685,"F5H8B2,Q15052,Q8N4Q3",ARHGEF6,"Rac/Cdc42 guanine nucleotide exchange factor 6","gene with protein product"
107,T110035,1358,0.6750,p10@MOV10L1,54456,7201,"Q9BXT6,A7E211,A8MXC6",MOV10L1,"Mov10 RISC complex RNA helicase like 1","gene with protein product"
108,T063396,1346,0.6703,p3@RNF157,114804,29402,,RNF157,"ring finger protein 157","gene with protein product"
109,T129242,1342,0.6697,p13@CDV3,55573,26928,"D6RAV0,D6RDN0,D6RFH2",CDV3,"CDV3 homolog","gene with protein product"
110,T120136,1339,0.6682,p3@PDE6D,5147,8788,O43924,PDE6D,"phosphodiesterase 6D","gene with protein product"
111,T106119,1336,0.6653,p2@PCBP3,54039,8651,P57721,PCBP3,"poly(rC) binding protein 3","gene with protein product"
112,T135580,1334,0.6650,p12@QRICH1,54870,24713,,QRICH1,"glutamine rich 1","gene with protein product"
113,T045407,1334,0.6637,p2@FBXL22,283807,27537,,FBXL22,"F-box and leucine rich repeat protein 22","gene with protein product"
114,T016164,1324,0.6600,p2@HRASLS5,117245,24978,"Q96KN8,F5GZ87,F5H4Y9",HRASLS5,"HRAS like suppressor family member 5","gene with protein product"
115,T019066,1324,0.6590,p6@CCDC90B,60492,28108,,CCDC90B,"coiled-coil domain containing 90B","gene with protein product"
116,T073007,1315,0.6562,p12@MFSD12,126321,28299,"Q6NUT3,E9PAJ8,A8MXP7",MFSD12,"major facilitator superfamily domain containing 12","gene with protein product"
117,T149214,1291,0.6423,p1@PKD2L2,27039,9012,E9PDG4,PKD2L2,"polycystin 2 like 2, transient receptor potential cation channel","gene with protein product"
118,T041450,1285,0.6384,p8@FBLN5,10516,3602,G3V2P8,FBLN5,"fibulin 5","gene with protein product"
119,T121645,1280,0.6381,p13@SLC30A3,7781,11014,F5H3B7,SLC30A3,"solute carrier family 30 member 3","gene with protein product"
120,T028127,1278,0.6368,p34@GAPDH,2597,4141,E7EUT4,GAPDH,"glyceraldehyde-3-phosphate dehydrogenase","gene with protein product"
121,T083597,1281,0.6367,p2@C1orf182,128229,30636,,TSACC,"TSSK6 activating cochaperone","gene with protein product"
122,T056284,1254,0.6242,p2@DHRS7B,25979,24547,Q6IAN0,DHRS7B,"dehydrogenase/reductase 7B","gene with protein product"
123,T187637,1251,0.6224,p3@TDRD7,23424,30831,Q8NHU6,TDRD7,"tudor domain containing 7","gene with protein product"
124,T028841,1244,0.6201,p27@PTPRB,5787,9665,"P23467,Q86VA4",PTPRB,"protein tyrosine phosphatase, receptor type B","gene with protein product"
125,T016060,1243,0.6193,p2@CNGA4,1262,2152,B4DYQ8,CNGA4,"cyclic nucleotide gated channel alpha 4","gene with protein product"
126,T139183,1235,0.6147,p10@SPON2,10417,11253,,SPON2,"spondin 2","gene with protein product"
127,T081815,1235,0.6129,p2@PEX11B,8799,8853,,PEX11B,"peroxisomal biogenesis factor 11 beta","gene with protein product"
128,T095117,1228,0.6112,p9@SPATA6,54558,18309,B1AN51,SPATA6,"spermatogenesis associated 6","gene with protein product"
129,T125345,1227,0.6101,p5@HK2,3099,4923,,HK2,"hexokinase 2","gene with protein product"
130,T176414,1212,0.6027,p34@ACTB,60,132,A4UCT3,ACTB,"actin beta","gene with protein product"
131,T071198,1208,0.6016,p2@ABHD8,79575,23759,B4DPA4,ABHD8,"abhydrolase domain containing 8","gene with protein product"
132,T119567,1186,0.5912,p21@CUL3,8452,2553,Q13618,CUL3,"cullin 3","gene with protein product"
133,T025694,1183,0.5897,p9@TMBIM6,7009,11723,,TMBIM6,"transmembrane BAX inhibitor motif containing 6","gene with protein product"
134,T018205,1178,0.5872,p6@STARD10,10809,10666,"F5GY11,F5GY42",STARD10,"StAR related lipid transfer domain containing 10","gene with protein product"
135,T201640,1178,0.5869,p6@DDX3Y,8653,2699,B4DXX7,DDX3Y,"DEAD-box helicase 3, Y-linked","gene with protein product"
136,T119470,1177,0.5859,p10@AP1S3,130340,18971,C9JZK4,AP1S3,"adaptor related protein complex 1 sigma 3 subunit","gene with protein product"
137,T187053,1178,0.5855,p9@OSGIN2,734,1355,E5RJZ3,OSGIN2,"oxidative stress induced growth inhibitor family member 2","gene with protein product"
138,T016165,1166,0.5813,p3@HRASLS5,117245,24978,"B4DY88,Q8NE88,B7X6T1,Q96KN8",HRASLS5,"HRAS like suppressor family member 5","gene with protein product"
139,T080209,1159,0.5772,p7@SORT1,6272,11186,,SORT1,"sortilin 1","gene with protein product"
140,T047926,1139,0.5681,p11@MAN2A2,4122,6825,,MAN2A2,"mannosidase alpha class 2A member 2","gene with protein product"
141,T093984,1138,0.5656,p1@OSCP1,127700,29971,Q8WVF1,OSCP1,"organic solute carrier partner 1","gene with protein product"
142,T121092,1130,0.5614,p3@PPP1R7,5510,9295,Q15435,PPP1R7,"protein phosphatase 1 regulatory subunit 7","gene with protein product"
143,T081295,1124,0.5600,p3@UBE2J2,118424,19268,,UBE2J2,"ubiquitin conjugating enzyme E2 J2","gene with protein product"
144,T121718,1119,0.5575,p4@FNDC4,64838,20239,,FNDC4,"fibronectin type III domain containing 4","gene with protein product"
145,T074235,1111,0.5525,p3@ZNF546,339327,28671,"Q86UE3,B3KVL3",ZNF546,"zinc finger protein 546","gene with protein product"
146,T025053,1109,0.5517,p4@TWF1,5756,9620,,TWF1,"twinfilin actin binding protein 1","gene with protein product"
147,T081185,1101,0.5489,p2@SPAG17,200162,26620,Q6Q759,SPAG17,"sperm associated antigen 17","gene with protein product"
148,T017136,1090,0.5431,p14@DRAP1,10589,3019,Q14919,DRAP1,"DR1 associated protein 1","gene with protein product"
149,T119111,1083,0.5404,p2@ABCB6,10058,47,,ABCB6,"ATP binding cassette subfamily B member 6 (Langereis blood group)","gene with protein product"
150,T039272,1079,0.5374,p27@PRKCH,5583,9403,,PRKCH,"protein kinase C eta","gene with protein product"
151,T007882,1077,0.5361,p1@ACTA2,59,130,"P62736,B4DUI8",ACTA2,"actin, alpha 2, smooth muscle, aorta","gene with protein product"
152,T076982,1075,0.5354,p3@VRK3,51231,18996,Q8IV63,VRK3,"vaccinia related kinase 3","gene with protein product"
153,T133649,1052,0.5231,p7@IQCG,84223,25251,,IQCG,"IQ motif containing G","gene with protein product"
154,T033679,1039,0.5182,p3@SPRYD7,57213,14297,,SPRYD7,"SPRY domain containing 7","gene with protein product"
155,T025225,1020,0.5077,p81@SLC38A2,54407,13448,,SLC38A2,"solute carrier family 38 member 2","gene with protein product"
156,T055944,1019,0.5072,p12@PEMT,10400,8830,Q9UBM1,PEMT,"phosphatidylethanolamine N-methyltransferase","gene with protein product"
157,T003621,1018,0.5070,p16@KIAA1217,56243,25428,Q5T5P2,KIAA1217,KIAA1217,"gene with protein product"
158,T094257,1017,0.5062,p2@HEYL,26508,4882,Q9NQ87,HEYL,"hes related family bHLH transcription factor with YRPW motif-like","gene with protein product"
159,T072038,998,0.4980,p4@IZUMO4,113177,26950,Q1ZYL8,IZUMO4,"IZUMO family member 4","gene with protein product"
160,T055946,997,0.4968,p15@PEMT,10400,8830,Q9UBM1,PEMT,"phosphatidylethanolamine N-methyltransferase","gene with protein product"
161,T032809,993,0.4943,p4@FAM48A,55578,20596,,SUPT20H,"SPT20 homolog, SAGA complex component","gene with protein product"
162,T048771,982,0.4890,p13@GSPT1,2935,4621,"P15170,E7EQZ3,Q96GF2,Q7KZX8",GSPT1,"G1 to S phase transition 1","gene with protein product"
163,T002588,976,0.4844,p3@STK32C,282974,21332,,STK32C,"serine/threonine kinase 32C","gene with protein product"
164,T025693,969,0.4811,p16@TMBIM6,7009,11723,,TMBIM6,"transmembrane BAX inhibitor motif containing 6","gene with protein product"
165,T198013,959,0.4778,p3@MAMLD1,10046,2568,F6WVG1,MAMLD1,"mastermind like domain containing 1","gene with protein product"
166,T000762,956,0.4756,p3@GSTO2,119391,23064,"Q9H4Y5,B4DJW6",GSTO2,"glutathione S-transferase omega 2","gene with protein product"
167,T114675,953,0.4744,p16@GORASP2,26003,17500,,GORASP2,"golgi reassembly stacking protein 2","gene with protein product"
168,T151080,948,0.4714,p4@SPARC,6678,11219,,SPARC,"secreted protein acidic and cysteine rich","gene with protein product"
169,T123716,934,0.4642,p4@C2orf63,130162,26453,,CLHC1,"clathrin heavy chain linker domain containing 1","gene with protein product"
170,T100411,930,0.4638,p2@C20orf132,140699,16125,"Q9H579,Q0P682,Q6PF12",MROH8,"maestro heat like repeat family member 8","gene with protein product"
171,T031874,928,0.4617,p3@IFT88,8100,20606,F6SRW8,IFT88,"intraflagellar transport 88","gene with protein product"
172,T149260,916,0.4564,p5@CDC25C,995,1727,"D6RD20,G3V1P6",CDC25C,"cell division cycle 25C","gene with protein product"
173,T031178,909,0.4536,p5@ARGLU1,55082,25482,,ARGLU1,"arginine and glutamate rich 1","gene with protein product"
174,T058737,909,0.4536,p1@CYB5D2,124936,28471,,CYB5D2,"cytochrome b5 domain containing 2","gene with protein product"
175,T027187,906,0.4523,p13@BAZ2A,11176,962,,BAZ2A,"bromodomain adjacent to zinc finger domain 2A","gene with protein product"
176,T002017,905,0.4507,p4@BUB3,9184,1151,O43684,BUB3,"BUB3, mitotic checkpoint protein","gene with protein product"
177,T020250,901,0.4487,p9@GABARAPL1,23710,4068,,GABARAPL1,"GABA type A receptor associated protein like 1","gene with protein product"
178,T008102,896,0.4458,p6@RPP30,10556,17688,"E9PB02,P78346",RPP30,"ribonuclease P/MRP subunit p30","gene with protein product"
179,T115284,893,0.4436,p3@DFNB59,494513,29502,Q0ZLH3,DFNB59,"deafness, autosomal recessive 59","gene with protein product"
180,T096860,888,0.4427,p7@FUBP1,8880,4004,C9JSZ1,FUBP1,"far upstream element binding protein 1","gene with protein product"
181,T023720,886,0.4408,p9@CACNA2D4,93589,20202,,CACNA2D4,"calcium voltage-gated channel auxiliary subunit alpha2delta 4","gene with protein product"
182,T033223,873,0.4345,p17@TSC22D1,8848,16826,"Q15714,B3KRL7",TSC22D1,"TSC22 domain family member 1","gene with protein product"
183,T107900,872,0.4343,p2@EIF4ENIF1,56478,16687,Q9NRA8,EIF4ENIF1,"eukaryotic translation initiation factor 4E nuclear import factor 1","gene with protein product"
184,T194297,867,0.4318,p3@TLE1,7088,11837,Q04724,TLE1,"transducin like enhancer of split 1","gene with protein product"
185,T109510,866,0.4302,p3@EFCAB6,64800,24204,B4DKR4,EFCAB6,"EF-hand calcium binding domain 6","gene with protein product"
186,T055819,862,0.4289,p3@FAM211A,388341,32403,Q8NAA5,LRRC75A,"leucine rich repeat containing 75A","gene with protein product"
187,T054521,845,0.4219,p6@WFDC1,58189,15466,,WFDC1,"WAP four-disulfide core domain 1","gene with protein product"
188,T119727,832,0.4143,p15@MFF,56947,24858,,MFF,"mitochondrial fission factor","gene with protein product"
189,T016228,832,0.4141,p4@PRKCDBP,112464,9400,,PRKCDBP,"protein kinase C delta binding protein","gene with protein product"
190,T078476,823,0.4107,p1@TMEM146,257062,28598,"F5GZE9,Q86XM0,B7WNK5",CATSPERD,"cation channel sperm associated auxiliary subunit delta","gene with protein product"
191,T050963,817,0.4065,p16@FBRS,64319,20442,,FBRS,fibrosin,"gene with protein product"
192,T128157,813,0.4041,p2@TIMP4,7079,11823,,TIMP4,"TIMP metallopeptidase inhibitor 4","gene with protein product"
193,T096058,808,0.4014,p11@ACOT7,11332,24157,O00154,ACOT7,"acyl-CoA thioesterase 7","gene with protein product"
194,T018085,803,0.4001,p2@LRTOMT,220074,25033,F5H6F7,LRTOMT,"leucine rich transmembrane and O-methyltransferase domain containing","gene with protein product"
195,T106507,804,0.3986,p3@TUBA8,51807,12410,Q9NY65,TUBA8,"tubulin alpha 8","gene with protein product"
196,T188681,800,0.3978,p4@WDR31,114987,21421,C9JWF1,WDR31,"WD repeat domain 31","gene with protein product"
197,T123374,795,0.3959,p7@STON1-GTF2A1L,286749,30651,"Q53S48,Q3MIM1",STON1-GTF2A1L,"STON1-GTF2A1L readthrough",readthrough
198,T041419,778,0.3875,p17@FBLN5,10516,3602,,FBLN5,"fibulin 5","gene with protein product"
199,T047927,778,0.3871,p27@MAN2A2,4122,6825,,MAN2A2,"mannosidase alpha class 2A member 2","gene with protein product"
200,T059444,770,0.3831,p4@HEXIM2,124790,28591,,HEXIM2,"hexamethylene bisacetamide inducible 2","gene with protein product"
201,T043648,763,0.3796,p13@CAPN3,825,1480,,CAPN3,"calpain 3","gene with protein product"
202,T175936,754,0.3764,p3@FOXK1,221937,23480,O43299,FOXK1,"forkhead box K1","gene with protein product"
203,T097929,750,0.3739,p7@TMED5,50999,24251,,TMED5,"transmembrane p24 trafficking protein 5","gene with protein product"
204,T037010,747,0.3715,p6@SLC7A8,23428,11066,"B4DTV6,E9PS92",SLC7A8,"solute carrier family 7 member 8","gene with protein product"
205,T182555,745,0.3710,p3@ZNF7,7553,13139,,ZNF7,"zinc finger protein 7","gene with protein product"
206,T074164,743,0.3686,p2@PIAS4,51588,17002,Q8N2W9,PIAS4,"protein inhibitor of activated STAT 4","gene with protein product"
207,T192934,736,0.3669,p19@RUSC2,9853,23625,Q8N2Y8,RUSC2,"RUN and SH3 domain containing 2","gene with protein product"
208,T025696,728,0.3627,p17@TMBIM6,7009,11723,,TMBIM6,"transmembrane BAX inhibitor motif containing 6","gene with protein product"
209,T055899,718,0.3574,p2@PLD6,201164,30447,"Q8N2A8,B4DHV4",PLD6,"phospholipase D family member 6","gene with protein product"
210,T093922,704,0.3515,p9@MAP7D1,55700,25514,,MAP7D1,"MAP7 domain containing 1","gene with protein product"
211,T098484,703,0.3503,p1@RAD21L1,642636,16271,Q9H4I0,RAD21L1,"RAD21 cohesin complex component like 1","gene with protein product"
212,T111052,697,0.3478,p7@CHCHD5,84269,17840,,CHCHD5,"coiled-coil-helix-coiled-coil-helix domain containing 5","gene with protein product"
213,T097514,688,0.3426,p5@ENO1,2023,3350,,ENO1,"enolase 1","gene with protein product"
214,T124847,685,0.3406,p4@C2orf42,54980,26056,C9J4L7,C2orf42,"chromosome 2 open reading frame 42","gene with protein product"
215,T006340,683,0.3393,p5@AIFM2,84883,21411,C9JI05,AIFM2,"apoptosis inducing factor, mitochondria associated 2","gene with protein product"
216,T018963,668,0.3333,p20@PNPLA2,57104,30802,,PNPLA2,"patatin like phospholipase domain containing 2","gene with protein product"
217,T119725,652,0.3252,p4@MFF,56947,24858,C9J846,MFF,"mitochondrial fission factor","gene with protein product"
218,T060495,641,0.3186,p6@PFN1,5216,8881,,PFN1,"profilin 1","gene with protein product"
219,T186048,640,0.3181,p1@C8orf45,157777,26368,"F8WCM6,G3XAN3",MCMDC2,"minichromosome maintenance domain containing 2","gene with protein product"
220,T119724,617,0.3080,p5@MFF,56947,24858,C9J846,MFF,"mitochondrial fission factor","gene with protein product"
221,T166241,604,0.3006,p1@TCTE1,202500,11693,Q5JU00,TCTE1,"t-complex-associated-testis-expressed 1","gene with protein product"
222,T036174,603,0.3006,p3@LINC00221,338005,20169,,LINC00221,"long intergenic non-protein coding RNA 221","RNA, long non-coding"
223,T151686,600,0.2985,p1@MARCH11,441061,33609,A6NNE9,MARCH11,"membrane associated ring-CH-type finger 11","gene with protein product"
224,T086168,592,0.2951,p1@TDRD5,163589,20614,Q8NAT2,TDRD5,"tudor domain containing 5","gene with protein product"
225,T050430,592,0.2950,p4@ATXN2L,11273,31326,"Q8WWM7,C9JXV8,A8K1R6",ATXN2L,"ataxin 2 like","gene with protein product"
226,T047924,581,0.2889,p13@MAN2A2,4122,6825,,MAN2A2,"mannosidase alpha class 2A member 2","gene with protein product"
227,T119100,579,0.2882,p2@FAM134A,79137,28450,"F8WAL5,Q8NC44",FAM134A,"family with sequence similarity 134 member A","gene with protein product"
228,T159219,551,0.2745,p7@TBPL1,9519,11589,Q7Z6U1,TBPL1,"TATA-box binding protein like 1","gene with protein product"
229,T087395,549,0.2733,p10@CAPZB,832,1491,F6USW4,CAPZB,"capping actin protein of muscle Z-line beta subunit","gene with protein product"
230,T038338,547,0.2725,p4@KLHDC2,23588,20231,Q9Y2U9,KLHDC2,"kelch domain containing 2","gene with protein product"
231,T096863,539,0.2682,p4@GIPC2,54810,18177,,GIPC2,"GIPC PDZ domain containing family member 2","gene with protein product"
232,T033204,538,0.2681,p10@TSC22D1,8848,16826,,TSC22D1,"TSC22 domain family member 1","gene with protein product"
233,T006448,539,0.2678,p4@PCBD1,5092,8646,,PCBD1,"pterin-4 alpha-carbinolamine dehydratase 1","gene with protein product"
234,T135326,534,0.2657,p4@SMARCC1,6599,11104,,SMARCC1,"SWI/SNF related, matrix associated, actin dependent regulator of chromatin subfamily c member 1","gene with protein product"
235,T069708,511,0.2550,p1@GPX4,2879,4556,P36969,GPX4,"glutathione peroxidase 4","gene with protein product"
236,T050713,505,0.2509,p3@HIRIP3,8479,4917,Q9BW71,HIRIP3,"HIRA interacting protein 3","gene with protein product"
237,T018973,501,0.2494,p5@PNPLA2,57104,30802,,PNPLA2,"patatin like phospholipase domain containing 2","gene with protein product"
238,T063724,491,0.2440,p3@SHBG,6462,10839,B4DYU0,SHBG,"sex hormone binding globulin","gene with protein product"
239,T079741,488,0.2429,p5@CDC14A,8556,1718,C9JSP6,CDC14A,"cell division cycle 14A","gene with protein product"
240,T016648,473,0.2354,p12@EHD1,10938,3242,"Q9H4M9,C9JC03",EHD1,"EH domain containing 1","gene with protein product"
241,T046094,472,0.2354,p1@CT62,196993,27286,P0C5K7,CT62,"cancer/testis antigen 62","gene with protein product"
242,T018204,471,0.2349,p5@ARAP1,116985,16925,,ARAP1,"ArfGAP with RhoGAP domain, ankyrin repeat and PH domain 1","gene with protein product"
243,T117692,468,0.2324,p1@MDH1B,130752,17836,B4DY40,MDH1B,"malate dehydrogenase 1B","gene with protein product"
244,T143689,463,0.2310,p7@KLB,152831,15527,B4DYH5,KLB,"klotho beta","gene with protein product"
245,T121946,459,0.2284,p19@CLIP4,79745,26108,"B5MCH3,G3XAK3",CLIP4,"CAP-Gly domain containing linker protein family member 4","gene with protein product"
246,T070777,458,0.2281,p2@REEP6,92840,30078,"Q96HR9,A8MWX0,A8MXN1",REEP6,"receptor accessory protein 6","gene with protein product"
247,T044080,457,0.2271,p10@SEMA6D,80031,16770,Q8NFY4,SEMA6D,"semaphorin 6D","gene with protein product"
248,T155726,450,0.2241,p6@POLK,51426,9183,"D6RAI7,D6RDX9",POLK,"DNA polymerase kappa","gene with protein product"
249,T172246,440,0.2195,p10@FAM115A,"100294033,9747",22201,,TCAF1,"TRPM8 channel associated factor 1","gene with protein product"
250,T138700,435,0.2165,p15@DKK2,27123,2892,,DKK2,"dickkopf WNT signaling pathway inhibitor 2","gene with protein product"
251,T018562,429,0.2135,p4@DGAT2,84649,16940,,DGAT2,"diacylglycerol O-acyltransferase 2","gene with protein product"
252,T089328,428,0.2133,p1@LINC00467,,28227,,LINC00467,"long intergenic non-protein coding RNA 467","RNA, long non-coding"
253,T041453,425,0.2111,p21@FBLN5,10516,3602,G3V3Y2,FBLN5,"fibulin 5","gene with protein product"
254,T143690,423,0.2103,p6@KLB,152831,15527,B4DYH5,KLB,"klotho beta","gene with protein product"
255,T182349,419,0.2085,p1@SPATC1,375686,30510,"Q76KD6,B4DWW9",SPATC1,"spermatogenesis and centriole associated 1","gene with protein product"
256,T117334,418,0.2082,p1@ALS2CR11,151254,14438,"Q53TS8,E9PGG4,C9IZH7",ALS2CR11,"amyotrophic lateral sclerosis 2 chromosome region candidate 11","gene with protein product"
257,T127417,415,0.2068,p6@SLC35A5,55032,20792,,SLC35A5,"solute carrier family 35 member A5","gene with protein product"
258,T049901,415,0.2066,p1@RNPS1,10921,10080,,RNPS1,"RNA binding protein with serine rich domain 1","gene with protein product"
259,T122437,411,0.2048,p2@C2orf56,55471,28816,C9JS27,NDUFAF7,"NADH:ubiquinone oxidoreductase complex assembly factor 7","gene with protein product"
260,T016208,403,0.2011,p11@PLA2G16,11145,17825,,PLA2G16,"phospholipase A2 group XVI","gene with protein product"
261,T089344,399,0.1987,p7@SLC30A1,7779,11012,Q9Y6M5,SLC30A1,"solute carrier family 30 member 1","gene with protein product"
262,T004428,398,0.1980,p2@CCNY,219771,23354,,CCNY,"cyclin Y","gene with protein product"
263,T091179,392,0.1953,p9@LINC00184,100302691,37192,,LINC00184,"long intergenic non-protein coding RNA 184","RNA, long non-coding"
264,T201642,392,0.1952,p3@DDX3Y,8653,2699,C9J081,DDX3Y,"DEAD-box helicase 3, Y-linked","gene with protein product"
265,T192711,385,0.1920,p6@UBE2R2,54926,19907,Q712K3,UBE2R2,"ubiquitin conjugating enzyme E2 R2","gene with protein product"
266,T062687,375,0.1871,p6@SDK2,54549,19308,Q58EX2,SDK2,"sidekick cell adhesion molecule 2","gene with protein product"
267,T007622,375,0.1868,p16@FAM190B,54462,29197,,CCSER2,"coiled-coil serine rich protein 2","gene with protein product"
268,T073758,373,0.1856,p1@PPP1R14A,94274,14871,Q96A00,PPP1R14A,"protein phosphatase 1 regulatory inhibitor subunit 14A","gene with protein product"
269,T121599,373,0.1856,p1@ABHD1,84696,17553,"Q96SE0,C9J8C2,F8WBB3,E9PDR9",ABHD1,"abhydrolase domain containing 1","gene with protein product"
270,T007484,367,0.1832,p7@FAM213A,84293,28651,Q9BRX8,FAM213A,"family with sequence similarity 213 member A","gene with protein product"
271,T181791,360,0.1790,p3@KHDRBS3,10656,18117,O75525,KHDRBS3,"KH RNA binding domain containing, signal transduction associated 3","gene with protein product"
272,T047187,358,0.1785,p9@CPEB1,64506,21744,Q9BZB8,CPEB1,"cytoplasmic polyadenylation element binding protein 1","gene with protein product"
273,T035869,352,0.1753,p2@CRIP2,1397,2361,P52943,CRIP2,"cysteine rich protein 2","gene with protein product"
274,T172334,349,0.1737,p3@CUL1,8454,2551,"Q13616,B3KTW0",CUL1,"cullin 1","gene with protein product"
275,T058808,345,0.1716,p3@TUBG1,7283,12417,P23258,TUBG1,"tubulin gamma 1","gene with protein product"
276,T022552,344,0.1712,p7@CCDC92,80212,29563,F5GXK2,CCDC92,"coiled-coil domain containing 92","gene with protein product"
277,T095003,342,0.1706,p1@KNCN,148930,26488,,KNCN,kinocilin,"gene with protein product"
278,T176421,337,0.1681,p23@ACTB,60,132,,ACTB,"actin beta","gene with protein product"
279,T046257,335,0.1672,p2@BBS4,585,969,"Q96RK4,B4E178",BBS4,"Bardet-Biedl syndrome 4","gene with protein product"
280,T191500,332,0.1657,p8@PTGDS,5730,9592,,PTGDS,"prostaglandin D2 synthase","gene with protein product"
281,T056482,328,0.1634,p1@C17orf97,400566,33800,Q6ZQX7,C17orf97,"chromosome 17 open reading frame 97","gene with protein product"
282,T110685,326,0.1624,p15@ODC1,4953,8109,"P11926,C9JG30",ODC1,"ornithine decarboxylase 1","gene with protein product"
283,T094777,321,0.1601,p1@TMEM53,79639,26186,"Q5TDE2,Q5TDE5,Q5TDE6,Q5TDE4,Q6P2H8",TMEM53,"transmembrane protein 53","gene with protein product"
284,T004261,321,0.1601,p1@CCDC7,221016,26533,"Q96M83,E9PAP6,E9PM55",CCDC7,"coiled-coil domain containing 7","gene with protein product"
285,T065827,320,0.1591,p2@CIDEA,1149,1976,"O60543,Q8N5P9",CIDEA,"cell death-inducing DFFA-like effector a","gene with protein product"
286,T048588,319,0.1584,p4@CLEC16A,23274,29013,"Q2KHT3,F5H4D0",CLEC16A,"C-type lectin domain family 16 member A","gene with protein product"
287,T110209,315,0.1567,p6@CHKB,1120,1938,,CHKB,"choline kinase beta","gene with protein product"
288,T093148,311,0.1551,p2@TAF12,6883,11545,Q16514,TAF12,"TATA-box binding protein associated factor 12","gene with protein product"
289,T053169,310,0.1544,p5@ACD,65057,25070,,ACD,"ACD, shelterin complex subunit and telomerase recruitment factor","gene with protein product"
290,T182333,305,0.1520,p6@GRINA,2907,4589,,GRINA,"glutamate ionotropic receptor NMDA type subunit associated protein 1","gene with protein product"
291,T128511,302,0.1505,p3@ALDH1L1,10840,3978,"E9PBX3,B4DGC8,F8WC34",ALDH1L1,"aldehyde dehydrogenase 1 family member L1","gene with protein product"
292,T027633,298,0.1485,p1@XRCC6BP1,91419,29452,,ATP23,"ATP23 metallopeptidase and ATP synthase assembly factor homolog","gene with protein product"
293,T015626,294,0.1465,p2@PPP1R32,220004,28869,"Q7Z5V6,G3F4G3",PPP1R32,"protein phosphatase 1 regulatory subunit 32","gene with protein product"
294,T047672,291,0.1450,p2@PEX11A,8800,8852,,PEX11A,"peroxisomal biogenesis factor 11 alpha","gene with protein product"
295,T101018,288,0.1436,p4@YWHAB,7529,12849,P31946,YWHAB,"tyrosine 3-monooxygenase/tryptophan 5-monooxygenase activation protein beta","gene with protein product"
296,T094514,282,0.1406,p1@ZMYND12,84217,21192,,ZMYND12,"zinc finger MYND-type containing 12","gene with protein product"
297,T016362,282,0.1403,p5@VEGFB,7423,12681,P49765,VEGFB,"vascular endothelial growth factor B","gene with protein product"
298,T127609,280,0.1394,p3@ZDHHC23,254887,28654,B3KXV3,ZDHHC23,"zinc finger DHHC-type containing 23","gene with protein product"
299,T172954,278,0.1385,p20@DPP6,1804,3010,E9PF59,DPP6,"dipeptidyl peptidase like 6","gene with protein product"
300,T128510,276,0.1376,p1@ALDH1L1,10840,3978,"Q8TBP8,E9PBX3,B4DGC8,F8WC34",ALDH1L1,"aldehyde dehydrogenase 1 family member L1","gene with protein product"
301,T016161,274,0.1366,p1@HRASLS5,117245,24978,,HRASLS5,"HRAS like suppressor family member 5","gene with protein product"
302,T033194,271,0.1351,p3@SERP2,387923,20607,F2Z2S5,SERP2,"stress associated endoplasmic reticulum protein family member 2","gene with protein product"
303,T038327,271,0.1348,p7@DNAAF2,55172,20188,Q9NVR5,DNAAF2,"dynein axonemal assembly factor 2","gene with protein product"
304,T128149,267,0.1326,p6@SYN2,6854,11495,,SYN2,"synapsin II","gene with protein product"
305,T123751,262,0.1303,p6@SMEK2,57223,29267,Q5MIZ7,PPP4R3B,"protein phosphatase 4 regulatory subunit 3B","gene with protein product"
306,T040500,261,0.1301,p2@FAM164C,79696,20354,"Q53FD0,E9PJQ0",ZC2HC1C,"zinc finger C2HC-type containing 1C","gene with protein product"
307,T020274,255,0.1270,p10@C12orf42,374470,24729,"Q96LP6,F8VX61",C12orf42,"chromosome 12 open reading frame 42","gene with protein product"
308,T081512,244,0.1213,p3@C1orf158,93190,28567,Q8N1D5,C1orf158,"chromosome 1 open reading frame 158","gene with protein product"
309,T133630,240,0.1195,p5@KIAA0226,9711,28991,Q92622,RUBCN,"RUN and cysteine rich domain containing beclin 1 interacting protein","gene with protein product"
310,T098461,240,0.1194,p5@PSMF1,9491,9571,,PSMF1,"proteasome inhibitor subunit 1","gene with protein product"
311,T125317,239,0.1191,p21@LOXL3,84695,13869,,LOXL3,"lysyl oxidase like 3","gene with protein product"
312,T041448,238,0.1186,p5@FBLN5,10516,3602,G3V329,FBLN5,"fibulin 5","gene with protein product"
313,T137946,233,0.1164,p7@CLDND1,56650,1322,Q9NY35,CLDND1,"claudin domain containing 1","gene with protein product"
314,T020450,232,0.1157,p3@APPL2,55198,18242,F8W1P5,APPL2,"adaptor protein, phosphotyrosine interacting with PH domain and leucine zipper 2","gene with protein product"
315,T099310,231,0.1153,p3@C20orf3,57136,13238,Q9HDC9,APMAP,"adipocyte plasma membrane associated protein","gene with protein product"
316,T160996,231,0.1152,p24@TIAM2,26230,11806,,TIAM2,"T-cell lymphoma invasion and metastasis 2","gene with protein product"
317,T016230,229,0.1141,p6@PRKCDBP,112464,9400,,PRKCDBP,"protein kinase C delta binding protein","gene with protein product"
318,T018968,229,0.1141,p9@PNPLA2,57104,30802,,PNPLA2,"patatin like phospholipase domain containing 2","gene with protein product"
319,T101574,222,0.1104,p5@EYA2,2139,3520,F2Z2F5,EYA2,"EYA transcriptional coactivator and phosphatase 2","gene with protein product"
320,T192131,219,0.1092,p10@SMARCA2,6595,11098,,SMARCA2,"SWI/SNF related, matrix associated, actin dependent regulator of chromatin, subfamily a, member 2","gene with protein product"
321,T099941,219,0.1090,p5@NRSN2,80023,16229,,NRSN2,"neurensin 2","gene with protein product"
322,T009954,218,0.1086,p6@C11orf71,54494,25937,,C11orf71,"chromosome 11 open reading frame 71","gene with protein product"
323,T141690,218,0.1083,p17@PALLD,23022,17068,Q8WX93,PALLD,"palladin, cytoskeletal associated protein","gene with protein product"
324,T016578,217,0.1081,p18@SF1,7536,12950,"C9JJE2,B7Z1Q1,Q15637",SF1,"splicing factor 1","gene with protein product"
325,T201641,213,0.1059,p4@DDX3Y,8653,2699,B4DXX7,DDX3Y,"DEAD-box helicase 3, Y-linked","gene with protein product"
326,T124117,210,0.1044,p5@FAM161A,84140,25808,Q3B820,FAM161A,"family with sequence similarity 161 member A","gene with protein product"
327,T061582,204,0.1015,p3@MARCH10,162333,26655,"Q8NA82,B3KVK0",MARCH10,"membrane associated ring-CH-type finger 10","gene with protein product"
328,T070040,202,0.1006,p4@ZNF709,163051,20629,,ZNF709,"zinc finger protein 709","gene with protein product"
329,T031629,199,0.0989,p1@GRTP1-AS1,,39917,,GRTP1-AS1,"GRTP1 antisense RNA 1","RNA, long non-coding"
330,T080673,196,0.0976,p13@ST7L,54879,18441,"Q8TDW4,C9JXL0,F8WAI5",ST7L,"suppression of tumorigenicity 7 like","gene with protein product"
331,T187241,195,0.0971,p10@PDP1,54704,9279,Q9P0J1,PDP1,"pyruvate dehyrogenase phosphatase catalytic subunit 1","gene with protein product"
332,T091171,194,0.0967,p8@LINC00184,100302691,37192,,LINC00184,"long intergenic non-protein coding RNA 184","RNA, long non-coding"
333,T128837,193,0.0961,p4@KIAA1257,57501,29231,Q9ULG3,KIAA1257,KIAA1257,"gene with protein product"
334,T031035,189,0.0942,p10@ITGBL1,9358,6164,B4DQ02,ITGBL1,"integrin subunit beta like 1","gene with protein product"
335,T195972,188,0.0934,p1@RAB40A,142684,18283,Q8WXH6,RAB40A,"RAB40A, member RAS oncogene family","gene with protein product"
336,T194363,188,0.0934,p9@C9orf64,84267,28144,Q5T6V5,C9orf64,"chromosome 9 open reading frame 64","gene with protein product"
337,T166409,187,0.0932,p3@ENPP5,59084,13717,Q9UJA9,ENPP5,"ectonucleotide pyrophosphatase/phosphodiesterase 5 (putative)","gene with protein product"
338,T091172,187,0.0929,p3@LINC00184,100302691,37192,,LINC00184,"long intergenic non-protein coding RNA 184","RNA, long non-coding"
339,T149955,186,0.0927,p34@ARHGAP26,23092,17073,,ARHGAP26,"Rho GTPase activating protein 26","gene with protein product"
340,T041946,181,0.0901,p4@ATG2B,55102,20187,Q96BY7,ATG2B,"autophagy related 2B","gene with protein product"
341,T032433,179,0.0893,p9@UBL3,5412,12504,O95164,UBL3,"ubiquitin like 3","gene with protein product"
342,T018559,177,0.0883,p3@DGAT2,84649,16940,Q96PD7,DGAT2,"diacylglycerol O-acyltransferase 2","gene with protein product"
343,T191492,177,0.0879,p2@PTGDS,5730,9592,,PTGDS,"prostaglandin D2 synthase","gene with protein product"
344,T100885,172,0.0857,p1@GTSF1L,149699,16198,Q9H1H1,GTSF1L,"gametocyte specific factor 1 like","gene with protein product"
345,T095903,170,0.0846,p10@RPL22,6146,10315,,RPL22,"ribosomal protein L22","gene with protein product"
346,T185777,162,0.0807,p5@GGH,8836,4248,Q92820,GGH,"gamma-glutamyl hydrolase","gene with protein product"
347,T108677,158,0.0785,p9@ANKRD54,129138,25185,"B5MCX7,C9JX82",ANKRD54,"ankyrin repeat domain 54","gene with protein product"
348,T174855,157,0.0781,p3@CCDC129,223075,27363,,CCDC129,"coiled-coil domain containing 129","gene with protein product"
349,T160552,154,0.0767,p4@LRP11,84918,16936,"B4DS68,Q86VZ4,Q5VYB9",LRP11,"LDL receptor related protein 11","gene with protein product"
350,T009682,154,0.0765,p3@C11orf1,64776,1163,Q9H5F2,C11orf1,"chromosome 11 open reading frame 1","gene with protein product"
351,T197648,153,0.0763,p3@CSF2RA,1438,2435,"P15509,B4DW68",CSF2RA,"colony stimulating factor 2 receptor alpha subunit","gene with protein product"
352,T191493,150,0.0747,p3@PTGDS,5730,9592,,PTGDS,"prostaglandin D2 synthase","gene with protein product"
353,T016207,149,0.0742,p9@PLA2G16,11145,17825,,PLA2G16,"phospholipase A2 group XVI","gene with protein product"
354,T054878,149,0.0741,p8@SLC7A5,8140,11063,,SLC7A5,"solute carrier family 7 member 5","gene with protein product"
355,T033680,148,0.0737,p4@SPRYD7,57213,14297,Q5W111,SPRYD7,"SPRY domain containing 7","gene with protein product"
356,T109979,148,0.0737,p3@BRD1,23774,1102,,BRD1,"bromodomain containing 1","gene with protein product"
357,T139174,145,0.0721,p5@SPON2,10417,11253,,SPON2,"spondin 2","gene with protein product"
358,T034868,143,0.0712,p2@IPO5,3843,6402,E7ETV3,IPO5,"importin 5","gene with protein product"
359,T142884,143,0.0711,p4@NAT8L,339983,26742,Q8N9F0,NAT8L,"N-acetyltransferase 8 like","gene with protein product"
360,T059122,142,0.0708,p25@UBTF,7343,12511,,UBTF,"upstream binding transcription factor, RNA polymerase I","gene with protein product"
361,T179053,138,0.0686,p1@RGS22,26166,24499,,RGS22,"regulator of G-protein signaling 22","gene with protein product"
362,T099158,135,0.0671,p3@GZF1,64412,15808,F5H2R0,GZF1,"GDNF inducible zinc finger protein 1","gene with protein product"
363,T109685,133,0.0662,p29@FBLN1,2192,3600,,FBLN1,"fibulin 1","gene with protein product"
364,T073483,132,0.0659,p4@POLR2I,5438,9196,,POLR2I,"RNA polymerase II subunit I","gene with protein product"
365,T182815,130,0.0646,p26@PSD3,23362,19093,E5RFG7,PSD3,"pleckstrin and Sec7 domain containing 3","gene with protein product"
366,T031080,130,0.0645,p3@FGF14-IT1,283480,42774,,FGF14-IT1,"FGF14 intronic transcript 1","RNA, long non-coding"
367,T104049,128,0.0636,p1@CHODL,140578,17807,Q9H9P2,CHODL,chondrolectin,"gene with protein product"
368,T099558,126,0.0628,p2@DUSP15,128853,16236,"Q9H1R2,E9PCT6,A8MVC8",DUSP15,"dual specificity phosphatase 15","gene with protein product"
369,T193990,125,0.0623,p9@ALDH1A1,216,402,P00352,ALDH1A1,"aldehyde dehydrogenase 1 family member A1","gene with protein product"
370,T058949,123,0.0614,p2@NBR1,4077,6746,Q14596,NBR1,"NBR1, autophagy cargo receptor","gene with protein product"
371,T078846,123,0.0613,p11@GTF2F1,2962,4652,P35269,GTF2F1,"general transcription factor IIF subunit 1","gene with protein product"
372,T166049,123,0.0612,p1@LRRC73,221424,21375,Q5JTD7,LRRC73,"leucine rich repeat containing 73","gene with protein product"
373,T096650,122,0.0608,p11@C1orf173,127254,25346,Q5RHP9,ERICH3,"glutamate rich 3","gene with protein product"
374,T032554,121,0.0602,p6@HSPH1,10808,16969,E7EUG1,HSPH1,"heat shock protein family H (Hsp110) member 1","gene with protein product"
375,T028689,119,0.0594,p21@ATN1,1822,3033,"P54259,Q86V38",ATN1,"atrophin 1","gene with protein product"
376,T129602,119,0.0593,p2@NMNAT3,349565,20989,"Q49AL4,D6R975",NMNAT3,"nicotinamide nucleotide adenylyltransferase 3","gene with protein product"
377,T028054,118,0.0589,p3@MRPL51,51258,14044,Q4U2R6,MRPL51,"mitochondrial ribosomal protein L51","gene with protein product"
378,T197345,117,0.0583,p2@CXorf69,644538,41913,Q96HG1,SMIM10,"small integral membrane protein 10","gene with protein product"
379,T133157,117,0.0583,p7@HRASLS,57110,14922,"D2KX19,Q6X7C0,Q86WS9,Q9HDD0",HRASLS,"HRAS like suppressor","gene with protein product"
380,T120933,116,0.0578,p20@GPC1,2817,4449,,GPC1,"glypican 1","gene with protein product"
381,T109226,115,0.0572,p2@POLR3H,171568,30349,F8WD14,POLR3H,"RNA polymerase III subunit H","gene with protein product"
382,T102863,114,0.0567,p4@TUBB1,81027,16257,,TUBB1,"tubulin beta 1 class VI","gene with protein product"
383,T046674,114,0.0566,p2@NRG4,145957,29862,F8W729,NRG4,"neuregulin 4","gene with protein product"
384,T174660,111,0.0553,p16@WIPF3,644150,22004,A6NGB9,WIPF3,"WAS/WASL interacting protein family member 3","gene with protein product"
385,T009397,111,0.0553,p1@C11orf65,160140,28519,"Q8NCR3,B4DZU4",C11orf65,"chromosome 11 open reading frame 65","gene with protein product"
386,T025686,110,0.0548,p23@TMBIM6,7009,11723,"F8VY06,F8VQW0",TMBIM6,"transmembrane BAX inhibitor motif containing 6","gene with protein product"
387,T107993,109,0.0544,p2@RFPL3-AS1,,9981,A2A280,RFPL3S,"RFPL3 antisense",unknown
388,T010553,108,0.0538,p4@HYOU1,10525,16931,,HYOU1,"hypoxia up-regulated 1","gene with protein product"
389,T047186,105,0.0523,p12@CPEB1,64506,21744,Q9BZB8,CPEB1,"cytoplasmic polyadenylation element binding protein 1","gene with protein product"
390,T134526,105,0.0523,p1@TTC21A,199223,30761,"F5H6V8,Q8NDW8",TTC21A,"tetratricopeptide repeat domain 21A","gene with protein product"
391,T027646,104,0.0518,p8@LRIG3,121227,30991,Q6UXM1,LRIG3,"leucine rich repeats and immunoglobulin like domains 3","gene with protein product"
392,T005459,101,0.0501,p7@IL15RA,3601,5978,,IL15RA,"interleukin 15 receptor subunit alpha","gene with protein product"
393,T053172,98,0.0490,p2@PARD6A,50855,15943,Q9NPB6,PARD6A,"par-6 family cell polarity regulator alpha","gene with protein product"
394,T188629,98,0.0488,p1@C9orf147,,31438,,C9orf147,"chromosome 9 open reading frame 147",unknown
395,T056212,95,0.0472,p2@ULK2,9706,13480,Q8IYT8,ULK2,"unc-51 like autophagy activating kinase 2","gene with protein product"
396,T033299,93,0.0464,p1@SPERT,220082,30720,"Q8NA61,E9PLB4",SPERT,"spermatid associated","gene with protein product"
397,T094925,93,0.0463,p6@GPBP1L1,60313,28843,,GPBP1L1,"GC-rich promoter binding protein 1 like 1","gene with protein product"
398,T000306,92,0.0458,p3@BTRC,8945,1144,Q9Y297,BTRC,"beta-transducin repeat containing E3 ubiquitin protein ligase","gene with protein product"
399,T165167,88,0.0439,p2@SLC26A8,116369,14468,Q96RN1,SLC26A8,"solute carrier family 26 member 8","gene with protein product"
400,T089253,87,0.0432,p7@KIF17,57576,19167,Q9P2E2,KIF17,"kinesin family member 17","gene with protein product"
401,T016006,84,0.0419,p13@BSCL2,26580,15832,F8WER0,BSCL2,"BSCL2, seipin lipid droplet biogenesis associated","gene with protein product"
402,T157117,84,0.0419,p4@FAM174A,345757,24943,Q8TBP5,FAM174A,"family with sequence similarity 174 member A","gene with protein product"
403,T100553,84,0.0419,p4@TGM2,7052,11778,,TGM2,"transglutaminase 2","gene with protein product"
404,T166054,84,0.0418,p4@YIPF3,25844,21023,D6RBQ1,YIPF3,"Yip1 domain family member 3","gene with protein product"
405,T016691,83,0.0414,p8@CDCA5,113130,14626,,CDCA5,"cell division cycle associated 5","gene with protein product"
406,T101419,82,0.0409,p8@ZNF335,63925,15807,"Q8IW09,Q9H4Z2",ZNF335,"zinc finger protein 335","gene with protein product"
407,T185123,81,0.0404,p10@SNTG1,54212,13740,,SNTG1,"syntrophin gamma 1","gene with protein product"
408,T083752,81,0.0403,p2@MRPL24,79590,14037,Q96A35,MRPL24,"mitochondrial ribosomal protein L24","gene with protein product"
409,T195262,81,0.0403,p2@HABP4,22927,17062,Q5JVS0,HABP4,"hyaluronan binding protein 4","gene with protein product"
410,T040502,80,0.0399,p1@FAM164C,79696,20354,"Q53FD0,E9PJ43,E9PNG2,G3V3E3",ZC2HC1C,"zinc finger C2HC-type containing 1C","gene with protein product"
411,T025500,80,0.0398,p4@CCDC65,85478,29937,Q8IXS2,CCDC65,"coiled-coil domain containing 65","gene with protein product"
412,T155393,79,0.0392,p2@CARTPT,9607,24323,,CARTPT,"CART prepropeptide","gene with protein product"
413,T163612,78,0.0388,p3@DHX16,8449,2739,O60231,DHX16,"DEAH-box helicase 16","gene with protein product"
414,T055839,77,0.0384,p2@SERPINF1,5176,8824,"F1T092,P36955",SERPINF1,"serpin family F member 1","gene with protein product"
415,T075442,75,0.0373,p3@CLPTM1,1209,2087,,CLPTM1,"CLPTM1, transmembrane protein","gene with protein product"
416,T191494,74,0.0369,p9@PTGDS,5730,9592,,PTGDS,"prostaglandin D2 synthase","gene with protein product"
417,T000216,73,0.0364,p2@SEC31B,25956,23197,"Q9NQW1,F6TTE0,A8KAL6",SEC31B,"SEC31 homolog B, COPII coat complex component","gene with protein product"
418,T174978,70,0.0349,p3@NPSR1,387129,23631,,NPSR1,"neuropeptide S receptor 1","gene with protein product"
419,T029113,69,0.0343,p1@GLIPR1L2,144321,28592,Q4G1C9,GLIPR1L2,"GLI pathogenesis related 1 like 2","gene with protein product"
420,T021940,67,0.0334,p3@COX6A1,1337,2277,P12074,COX6A1,"cytochrome c oxidase subunit 6A1","gene with protein product"
421,T122277,67,0.0334,p4@FAM98A,25940,24520,Q8NCA5,FAM98A,"family with sequence similarity 98 member A","gene with protein product"
422,T061180,67,0.0334,p1@HSF5,124535,26862,Q4G112,HSF5,"heat shock transcription factor 5","gene with protein product"
423,T016227,66,0.0328,p2@PRKCDBP,112464,9400,,PRKCDBP,"protein kinase C delta binding protein","gene with protein product"
424,T002589,63,0.0314,p1@LRRC27,80313,29346,"B4DJ72,Q9C0I9",LRRC27,"leucine rich repeat containing 27","gene with protein product"
425,T008351,63,0.0313,p3@TBC1D12,23232,29082,O60347,TBC1D12,"TBC1 domain family member 12","gene with protein product"
426,T019286,61,0.0304,p4@STK33,65975,14568,C9J8B1,STK33,"serine/threonine kinase 33","gene with protein product"
427,T089038,61,0.0303,p6@PINK1,65018,14581,Q9BXM7,PINK1,"PTEN induced putative kinase 1","gene with protein product"
428,T010618,60,0.0299,p10@USP2,9099,12618,O75604,USP2,"ubiquitin specific peptidase 2","gene with protein product"
429,T119749,60,0.0299,p4@AGFG1,3267,5175,B8ZZY2,AGFG1,"ArfGAP with FG repeats 1","gene with protein product"
430,T097421,59,0.0294,p9@HS2ST1,9653,5193,,HS2ST1,"heparan sulfate 2-O-sulfotransferase 1","gene with protein product"
431,T094694,58,0.0289,p2@IPO13,9670,16853,O94829,IPO13,"importin 13","gene with protein product"
432,T071424,58,0.0289,p3@MPV17L2,84769,28177,,MPV17L2,"MPV17 mitochondrial inner membrane protein like 2","gene with protein product"
433,T072037,58,0.0289,p1@IZUMO4,113177,26950,,IZUMO4,"IZUMO family member 4","gene with protein product"
434,T191487,57,0.0284,p1@PTGDS,5730,9592,"F8W7I2,P41222,Q5SQ11",PTGDS,"prostaglandin D2 synthase","gene with protein product"
435,T108515,56,0.0279,p10@SSTR3,6753,11332,"P32745,Q86YF2",SSTR3,"somatostatin receptor 3","gene with protein product"
436,T175170,56,0.0278,p30@ELMO1,9844,16286,"Q92556,A4D1X5",ELMO1,"engulfment and cell motility 1","gene with protein product"
437,T201572,55,0.0274,p1@TNMD,64102,17757,Q9H2S6,TNMD,tenomodulin,"gene with protein product"
438,T055157,55,0.0274,p7@RPL13,6137,10303,,RPL13,"ribosomal protein L13","gene with protein product"
439,T039636,52,0.0259,"p2@CHURC1-FNTB,p3@FNTB","100529261,2342","42960,3785",B3KSC2,CHURC1-FNTB,"CHURC1-FNTB readthrough",readthrough
440,T032379,52,0.0259,p8@SLC46A3,283537,27501,Q7Z3Q1,SLC46A3,"solute carrier family 46 member 3","gene with protein product"
441,T029782,52,0.0258,p3@MGAT4C,25834,30871,F8VWY2,MGAT4C,"MGAT4 family member C","gene with protein product"
442,T144050,51,0.0254,p2@STX18,53407,15942,Q9P2W9,STX18,"syntaxin 18","gene with protein product"
443,T157317,51,0.0254,p1@C6orf112,154442,21223,Q5T3Y7,BVES-AS1,"BVES antisense RNA 1","RNA, long non-coding"
444,T009728,50,0.0249,p12@CRYAB,1410,2389,,CRYAB,"crystallin alpha B","gene with protein product"
445,T078835,50,0.0249,p3@ALKBH7,84266,21306,Q9BT30,ALKBH7,"alkB homolog 7","gene with protein product"
446,T016426,50,0.0249,p2@GPR137,56834,24300,"F5H1T3,Q96N19",GPR137,"G protein-coupled receptor 137","gene with protein product"
447,T035838,50,0.0249,p3@PACS2,23241,23794,Q86VP3,PACS2,"phosphofurin acidic cluster sorting protein 2","gene with protein product"
448,T106506,49,0.0244,p8@TUBA8,51807,12410,"B3KPW9,Q9NY65",TUBA8,"tubulin alpha 8","gene with protein product"
449,T118798,49,0.0244,p9@TNS1,7145,11973,C9JFT7,TNS1,"tensin 1","gene with protein product"
450,T032528,48,0.0239,p1@C13orf26,122046,28622,Q8N6G2,TEX26,"testis expressed 26","gene with protein product"
451,T018431,47,0.0234,p2@XRRA1,143570,18868,Q6P2D8,XRRA1,"X-ray radiation resistance associated 1","gene with protein product"
452,T129415,46,0.0230,p2@PCCB,5096,8654,,PCCB,"propionyl-CoA carboxylase beta subunit","gene with protein product"
453,T031768,46,0.0229,p6@CDC16,8881,1720,"Q5T8C6,Q7Z651",CDC16,"cell division cycle 16","gene with protein product"
454,T159218,46,0.0229,p10@TBPL1,9519,11589,Q7Z6U1,TBPL1,"TATA-box binding protein like 1","gene with protein product"
455,T022550,46,0.0229,p12@CCDC92,80212,29563,F5GXK2,CCDC92,"coiled-coil domain containing 92","gene with protein product"
456,T142883,45,0.0224,p1@NAT8L,339983,26742,Q8N9F0,NAT8L,"N-acetyltransferase 8 like","gene with protein product"
457,T063147,44,0.0219,p4@KIAA0195,9772,28983,Q12767,TMEM94,"transmembrane protein 94","gene with protein product"
458,T057391,44,0.0219,p3@LYZL6,57151,29614,O75951,LYZL6,"lysozyme like 6","gene with protein product"
459,T062162,44,0.0219,p17@AMZ2,51321,28041,Q86W34,AMZ2,"archaelysin family metallopeptidase 2","gene with protein product"
460,T147577,43,0.0214,p6@SLC25A46,91137,25198,,SLC25A46,"solute carrier family 25 member 46","gene with protein product"
461,T028665,43,0.0214,p1@LRRC23,10233,19138,F2Z299,LRRC23,"leucine rich repeat containing 23","gene with protein product"
462,T066245,43,0.0213,p2@CABYR,26256,15569,O75952,CABYR,"calcium binding tyrosine phosphorylation regulated","gene with protein product"
463,T018728,42,0.0209,p2@AQP11,282679,19940,Q8NBQ7,AQP11,"aquaporin 11","gene with protein product"
464,T168133,41,0.0205,p2@SNAP91,9892,14986,"E5RGP8,E5RI02",SNAP91,"synaptosome associated protein 91","gene with protein product"
465,T091981,41,0.0204,p4@ADSS,159,292,,ADSS,"adenylosuccinate synthase","gene with protein product"
466,T035460,41,0.0204,p1@ZNF839,55778,20345,"B5MDX1,A8K0R7",ZNF839,"zinc finger protein 839","gene with protein product"
467,T044901,40,0.0200,p10@ALDH1A2,8854,15472,"B4DZR2,F5H2Y9,O94788",ALDH1A2,"aldehyde dehydrogenase 1 family member A2","gene with protein product"
468,T041550,40,0.0200,p4@GOLGA5,9950,4428,Q8TBA6,GOLGA5,"golgin A5","gene with protein product"
469,T085451,40,0.0199,p1@MST1,4485,7380,Q49A61,MST1,"macrophage stimulating 1","gene with protein product"
470,T055963,40,0.0199,p14@PEMT,10400,8830,A8MZ66,PEMT,"phosphatidylethanolamine N-methyltransferase","gene with protein product"
471,T094588,39,0.0195,p2@WDR65,149465,26485,Q96MR6,CFAP57,"cilia and flagella associated protein 57","gene with protein product"
472,T135554,39,0.0194,p6@NDUFAF3,25915,29918,,NDUFAF3,"NADH:ubiquinone oxidoreductase complex assembly factor 3","gene with protein product"
473,T165986,39,0.0194,p8@SRF,6722,11291,F5H6V4,SRF,"serum response factor","gene with protein product"
474,T192847,39,0.0194,p13@KIAA1045,23349,29180,Q9UPV7,PHF24,"PHD finger protein 24","gene with protein product"
475,T002930,38,0.0189,p1@MEIG1,644890,23429,Q5JSS6,MEIG1,"meiosis/spermiogenesis associated 1","gene with protein product"
476,T044018,38,0.0189,p4@SLC30A4,7782,11015,O14863,SLC30A4,"solute carrier family 30 member 4","gene with protein product"
477,T001090,38,0.0189,p2@BBIP1,92482,28093,"E9PM41,A8MTZ0,E9PRI7,E9PIY9",BBIP1,"BBSome interacting protein 1","gene with protein product"
478,T107106,38,0.0189,p2@SPECC1L,23384,29022,Q69YQ0,SPECC1L,"sperm antigen with calponin homology and coiled-coil domains 1 like","gene with protein product"
479,T047336,38,0.0189,p6@PDE8A,5151,8793,O60658,PDE8A,"phosphodiesterase 8A","gene with protein product"
480,T055941,37,0.0184,p22@PEMT,10400,8830,Q9UBM1,PEMT,"phosphatidylethanolamine N-methyltransferase","gene with protein product"
481,T056671,37,0.0184,p2@PROCA1,147011,28600,G5E9R8,PROCA1,"protein interacting with cyclin A1","gene with protein product"
482,T098579,36,0.0180,p1@SIRPD,128646,16248,"Q5TFQ5,Q9H106",SIRPD,"signal regulatory protein delta","gene with protein product"
483,T174309,36,0.0180,p9@SKAP2,8935,15687,"A4D173,O75563",SKAP2,"src kinase associated phosphoprotein 2","gene with protein product"
484,T022549,36,0.0180,p11@CCDC92,80212,29563,F5GXK2,CCDC92,"coiled-coil domain containing 92","gene with protein product"
485,T027682,36,0.0179,p9@SLC16A7,9194,10928,"F8VYZ2,F8VVU7",SLC16A7,"solute carrier family 16 member 7","gene with protein product"
486,T183919,34,0.0169,p3@CCDC25,55246,25591,,CCDC25,"coiled-coil domain containing 25","gene with protein product"
487,T156447,34,0.0169,p6@CCNH,902,1594,P51946,CCNH,"cyclin H","gene with protein product"
488,T052424,33,0.0165,p7@FAM192A,80011,29856,,FAM192A,"family with sequence similarity 192 member A","gene with protein product"
489,T106448,33,0.0165,p4@BCL2L13,23786,17164,,BCL2L13,"BCL2 like 13","gene with protein product"
490,T071199,33,0.0164,p3@ABHD8,79575,23759,B4DPA4,ABHD8,"abhydrolase domain containing 8","gene with protein product"
491,T009871,32,0.0160,p7@TTC12,54970,23700,,TTC12,"tetratricopeptide repeat domain 12","gene with protein product"
492,T009391,32,0.0159,p65@EIF4G2,1982,3297,,EIF4G2,"eukaryotic translation initiation factor 4 gamma 2","gene with protein product"
493,T005896,32,0.0159,p1@ADO,84890,23506,"Q96SZ5,B3KXN9",ADO,"2-aminoethanethiol dioxygenase","gene with protein product"
494,T053972,31,0.0154,p20@BCAR1,9564,971,"F5GXV6,B7Z7X7,P56945",BCAR1,"BCAR1, Cas family scaffolding protein","gene with protein product"
495,T024424,31,0.0154,p3@FKBP4,2288,3720,F5H120,FKBP4,"FK506 binding protein 4","gene with protein product"
496,T198976,31,0.0154,p4@PTCHD1,139411,26392,Q96NR3,PTCHD1,"patched domain containing 1","gene with protein product"
497,T046242,31,0.0154,p1@TMEM202,338949,33733,A6NGA9,TMEM202,"transmembrane protein 202","gene with protein product"
498,T050133,30,0.0150,p4@PDPK1,5170,8816,E9PER6,PDPK1,"3-phosphoinositide dependent protein kinase 1","gene with protein product"
499,T022333,28,0.0140,p8@CCDC62,84660,30723,F5H0F1,CCDC62,"coiled-coil domain containing 62","gene with protein product"
500,T198076,28,0.0140,p2@FATE1,89885,24683,Q969F0,FATE1,"fetal and adult testis expressed 1","gene with protein product"
501,T047925,28,0.0140,p14@MAN2A2,4122,6825,,MAN2A2,"mannosidase alpha class 2A member 2","gene with protein product"
502,T140289,28,0.0139,p4@OTUD4,54726,24949,G3V0I6,OTUD4,"OTU deubiquitinase 4","gene with protein product"
503,T163193,27,0.0135,p1@NKAPL,222698,21584,Q5M9Q1,NKAPL,"NFKB activating protein like","gene with protein product"
504,T071858,27,0.0134,p1@CSNK1G2-AS1,255193,28604,,CSNK1G2-AS1,"CSNK1G2 antisense RNA 1","RNA, long non-coding"
505,T188322,26,0.0129,p4@EPB41L4B,54566,19818,Q9H329,EPB41L4B,"erythrocyte membrane protein band 4.1 like 4B","gene with protein product"
506,T077045,26,0.0129,p1@FAM71E1,112703,25107,,FAM71E1,"family with sequence similarity 71 member E1","gene with protein product"
507,T194102,25,0.0125,p2@PCSK5,5125,8747,"E9PC72,Q92824",PCSK5,"proprotein convertase subtilisin/kexin type 5","gene with protein product"
508,T138627,25,0.0125,p4@PPA2,27068,28883,D6RGI1,PPA2,"pyrophosphatase (inorganic) 2","gene with protein product"
509,T153726,25,0.0125,p6@PRLR,5618,9446,D6RD41,PRLR,"prolactin receptor","gene with protein product"
510,T199841,25,0.0124,p2@PHF16,9767,22982,Q92613,JADE3,"jade family PHD finger 3","gene with protein product"
511,T015628,24,0.0120,p1@PPP1R32,220004,28869,Q7Z5V6,PPP1R32,"protein phosphatase 1 regulatory subunit 32","gene with protein product"
512,T072747,24,0.0120,p2@CEBPA,1050,1833,P49715,CEBPA,"CCAAT/enhancer binding protein alpha","gene with protein product"
513,T097389,24,0.0120,p8@SH3GLB1,51100,10833,,SH3GLB1,"SH3 domain containing GRB2 like endophilin B1","gene with protein product"
514,T129654,24,0.0120,p2@SPSB4,92369,30630,,SPSB4,"splA/ryanodine receptor domain and SOCS box containing 4","gene with protein product"
515,T036344,24,0.0120,p1@RNASE1,6035,10044,"P07998,G3V357",RNASE1,"ribonuclease A family member 1, pancreatic","gene with protein product"
516,T059492,23,0.0115,p22@FMNL1,752,1212,,FMNL1,"formin like 1","gene with protein product"
517,T129719,23,0.0115,p44@ZBTB38,253461,26636,D6R9I1,ZBTB38,"zinc finger and BTB domain containing 38","gene with protein product"
518,T091174,23,0.0114,p4@LINC00184,100302691,37192,,LINC00184,"long intergenic non-protein coding RNA 184","RNA, long non-coding"
519,T168699,22,0.0110,p5@MOSPD3,64598,25078,C9J3M4,MOSPD3,"motile sperm domain containing 3","gene with protein product"
520,T057937,22,0.0110,p16@ORMDL3,94103,16038,Q8N138,ORMDL3,"ORMDL sphingolipid biosynthesis regulator 3","gene with protein product"
521,T035459,22,0.0109,p5@MOK,5891,9833,E7ERR8,MOK,"MOK protein kinase","gene with protein product"
522,T034145,21,0.0105,p26@KLF5,688,6349,A2TJX0,KLF5,"Kruppel like factor 5","gene with protein product"
523,T059493,21,0.0105,p30@FMNL1,752,1212,,FMNL1,"formin like 1","gene with protein product"
524,T098441,21,0.0105,p9@PSMF1,9491,9571,"Q92530,F5H4Z3,Q5QPM9",PSMF1,"proteasome inhibitor subunit 1","gene with protein product"
525,T200730,21,0.0105,p3@AR,367,644,"F5H341,P10275",AR,"androgen receptor","gene with protein product"
526,T059786,21,0.0104,p12@CBX1,10951,1551,C9JWS9,CBX1,"chromobox 1","gene with protein product"
527,T041250,21,0.0104,p4@TDP1,55775,18884,G3V4W8,TDP1,"tyrosyl-DNA phosphodiesterase 1","gene with protein product"
528,T192957,21,0.0104,p1@TESK1,7016,11731,"Q15569,Q8NFJ4",TESK1,"testis-specific kinase 1","gene with protein product"
529,T032083,20,0.0100,p18@SPATA13,221178,23222,,SPATA13,"spermatogenesis associated 13","gene with protein product"
530,T132968,20,0.0099,p7@TP63,8626,15979,,TP63,"tumor protein p63","gene with protein product"
531,T009953,19,0.0095,p1@C11orf71,54494,25937,,C11orf71,"chromosome 11 open reading frame 71","gene with protein product"
532,T033193,19,0.0095,p2@SERP2,387923,20607,F2Z2S5,SERP2,"stress associated endoplasmic reticulum protein family member 2","gene with protein product"
533,T025430,19,0.0095,p7@PFKM,5213,8877,F8VW30,PFKM,"phosphofructokinase, muscle","gene with protein product"
534,T123562,18,0.0090,p1@C2orf73,129852,26861,"F8WD05,Q8N5S3,B5MBY8",C2orf73,"chromosome 2 open reading frame 73","gene with protein product"
535,T108473,18,0.0090,p2@KCTD17,79734,25705,"Q8N5Z5,B0QYB1",KCTD17,"potassium channel tetramerization domain containing 17","gene with protein product"
536,T017333,18,0.0090,p3@CTSF,8722,2531,Q9UBX1,CTSF,"cathepsin F","gene with protein product"
537,T032774,18,0.0090,p2@CCNA1,8900,1577,P78396,CCNA1,"cyclin A1","gene with protein product"
538,T080891,18,0.0090,p1@SYCP1,6847,11487,Q5VXJ5,SYCP1,"synaptonemal complex protein 1","gene with protein product"
539,T039637,18,0.0089,"p4@CHURC1-FNTB,p7@FNTB","100529261,2342","42960,3785",B3KSC2,CHURC1-FNTB,"CHURC1-FNTB readthrough",readthrough
540,T164284,16,0.0080,p2@RDBP,7936,13974,,NELFE,"negative elongation factor complex member E","gene with protein product"
541,T094589,16,0.0080,p4@WDR65,149465,26485,E9PP89,CFAP57,"cilia and flagella associated protein 57","gene with protein product"
542,T071203,16,0.0080,p1@MRPL34,64981,14488,Q9BQ48,MRPL34,"mitochondrial ribosomal protein L34","gene with protein product"
543,T192387,15,0.0075,p3@C9orf82,79886,25834,,CAAP1,"caspase activity and apoptosis inhibitor 1","gene with protein product"
544,T030378,15,0.0075,p4@UBE2N,7334,12492,P61088,UBE2N,"ubiquitin conjugating enzyme E2 N","gene with protein product"
545,T022553,15,0.0075,p8@CCDC92,80212,29563,F5GXK2,CCDC92,"coiled-coil domain containing 92","gene with protein product"
546,T174661,15,0.0075,p15@WIPF3,644150,22004,A6NGB9,WIPF3,"WAS/WASL interacting protein family member 3","gene with protein product"
547,T098681,15,0.0075,p3@BANF2,140836,16172,Q9H503,BANF2,"barrier to autointegration factor 2","gene with protein product"
548,T041449,15,0.0075,p6@FBLN5,10516,3602,G3V329,FBLN5,"fibulin 5","gene with protein product"
549,T069684,15,0.0075,p14@CARM1,10498,23393,Q86X55,CARM1,"coactivator associated arginine methyltransferase 1","gene with protein product"
550,T193712,15,0.0075,p5@TJP2,9414,11828,"F5H301,B7Z2R8",TJP2,"tight junction protein 2","gene with protein product"
551,T193116,15,0.0075,p2@CCIN,881,1568,"Q13939,Q8WWB2,Q8WX35",CCIN,calicin,"gene with protein product"
552,T158987,15,0.0075,p16@EPB41L2,2037,3379,"E9PII3,E9PK52",EPB41L2,"erythrocyte membrane protein band 4.1 like 2","gene with protein product"
553,T143697,15,0.0075,p3@LIAS,11019,16429,O43766,LIAS,"lipoic acid synthetase","gene with protein product"
554,T065976,15,0.0075,p11@C18orf1,753,1224,,LDLRAD4,"low density lipoprotein receptor class A domain containing 4","gene with protein product"
555,T120881,15,0.0075,p2@HDAC4,9759,14063,,HDAC4,"histone deacetylase 4","gene with protein product"
556,T164291,15,0.0075,p13@DOM3Z,1797,2992,,DXO,"decapping exoribonuclease","gene with protein product"
557,T126386,15,0.0075,p6@ITPRIPL1,150771,29371,F5H1L8,ITPRIPL1,"inositol 1,4,5-trisphosphate receptor interacting protein-like 1","gene with protein product"
558,T197992,14,0.0070,p2@TMEM185A,84548,17125,"F5H5U0,B7Z4G6,Q8NFB2",TMEM185A,"transmembrane protein 185A","gene with protein product"
559,T178679,13,0.0065,p5@ASNS,440,753,E9PCX6,ASNS,"asparagine synthetase (glutamine-hydrolyzing)","gene with protein product"
560,T076400,13,0.0065,p1@SPACA4,171169,16441,Q8TDM5,SPACA4,"sperm acrosome associated 4","gene with protein product"
561,T088411,13,0.0065,p1@UBXN10,127733,26354,Q96LJ8,UBXN10,"UBX domain protein 10","gene with protein product"
562,T072742,13,0.0065,p1@SLC7A10,56301,11058,Q9NS82,SLC7A10,"solute carrier family 7 member 10","gene with protein product"
563,T127833,12,0.0060,p2@C3orf30,152405,26553,"Q96M34,E9PFE5",C3orf30,"chromosome 3 open reading frame 30","gene with protein product"
564,T156838,12,0.0060,p1@SPATA9,83890,22988,Q9BWV2,SPATA9,"spermatogenesis associated 9","gene with protein product"
565,T011677,12,0.0060,p3@BARX2,8538,956,Q9UMQ3,BARX2,"BARX homeobox 2","gene with protein product"
566,T096699,12,0.0060,p6@SLC44A5,204962,28524,Q8NCS7,SLC44A5,"solute carrier family 44 member 5","gene with protein product"
567,T069803,12,0.0060,p7@TMEM205,374882,29631,Q6UW68,TMEM205,"transmembrane protein 205","gene with protein product"
568,T157541,12,0.0060,p3@OSTM1,28962,21652,,OSTM1,"osteopetrosis associated transmembrane protein 1","gene with protein product"
569,T092745,12,0.0060,p3@ZNF683,257101,28495,,ZNF683,"zinc finger protein 683","gene with protein product"
570,T093462,12,0.0060,p2@CCDC28B,79140,28163,,CCDC28B,"coiled-coil domain containing 28B","gene with protein product"
571,T119723,12,0.0060,p1@MFF,56947,24858,"Q9GZY8,C9JHF5,E9PPW6,E9PPR7,E9PK16,E9PQX8,E9PKS0",MFF,"mitochondrial fission factor","gene with protein product"
572,T095018,12,0.0060,p2@ATPAF1-AS1,,29589,,TEX38,"testis expressed 38","gene with protein product"
573,T029862,12,0.0060,p2@C12orf50,160419,26665,G3V208,C12orf50,"chromosome 12 open reading frame 50","gene with protein product"
574,T037228,12,0.0060,p1@THTPA,79178,18987,"G3V4J3,G3V5Q5",THTPA,"thiamine triphosphatase","gene with protein product"
575,T119001,12,0.0060,p2@TTLL4,9654,28976,"C9JB60,E7EX20",TTLL4,"tubulin tyrosine ligase like 4","gene with protein product"
576,T182343,12,0.0060,p31@GRINA,2907,4589,,GRINA,"glutamate ionotropic receptor NMDA type subunit associated protein 1","gene with protein product"
577,T178732,12,0.0060,p2@NPTX2,4885,7953,P47972,NPTX2,"neuronal pentraxin 2","gene with protein product"
578,T126588,12,0.0060,p6@VWA3B,200403,28385,,VWA3B,"von Willebrand factor A domain containing 3B","gene with protein product"
579,T170427,12,0.0060,p2@TMEM229A,730130,37279,B2RXF0,TMEM229A,"transmembrane protein 229A","gene with protein product"
580,T094947,12,0.0059,p9@PIK3R3,8503,8981,"Q8N381,Q92569",PIK3R3,"phosphoinositide-3-kinase regulatory subunit 3","gene with protein product"
581,T102380,10,0.0050,p1@TSHZ2,128553,13010,Q9NRE2,TSHZ2,"teashirt zinc finger homeobox 2","gene with protein product"
582,T198073,10,0.0050,p5@SLC25A6,293,10992,P12236,SLC25A6,"solute carrier family 25 member 6","gene with protein product"
583,T097244,10,0.0050,p46@DDAH1,23576,2715,,DDAH1,"dimethylarginine dimethylaminohydrolase 1","gene with protein product"
584,T131943,10,0.0050,p8@PIK3CA,5290,8975,C9J951,PIK3CA,"phosphatidylinositol-4,5-bisphosphate 3-kinase catalytic subunit alpha","gene with protein product"
585,T004971,10,0.0050,p3@AKR1E2,83592,23437,,AKR1E2,"aldo-keto reductase family 1 member E2","gene with protein product"
586,T084697,9,0.0045,p1@KLHDC9,126823,28489,,KLHDC9,"kelch domain containing 9","gene with protein product"
587,T183001,9,0.0045,p2@MYOM2,9172,7614,,MYOM2,"myomesin 2","gene with protein product"
588,T148379,9,0.0045,p14@FBN2,2201,3604,D6REJ2,FBN2,"fibrillin 2","gene with protein product"
589,T051654,9,0.0045,p3@C16orf87,388272,33754,Q6PH81,C16orf87,"chromosome 16 open reading frame 87","gene with protein product"
590,T071788,9,0.0045,p2@SUGP2,10147,18641,,SUGP2,"SURP and G-patch domain containing 2","gene with protein product"
591,T016235,9,0.0045,p11@PRKCDBP,112464,9400,,PRKCDBP,"protein kinase C delta binding protein","gene with protein product"
592,T128298,9,0.0045,p4@MYLK,4638,7590,"Q15746,Q6P2N0,Q9UBY6",MYLK,"myosin light chain kinase","gene with protein product"
593,T055965,9,0.0045,p11@PEMT,10400,8830,A8MZ66,PEMT,"phosphatidylethanolamine N-methyltransferase","gene with protein product"
594,T060019,9,0.0045,p3@TTLL6,284076,26664,Q8N841,TTLL6,"tubulin tyrosine ligase like 6","gene with protein product"
595,T177007,9,0.0045,p3@MLXIPL,51085,12744,C9JDF5,MLXIPL,"MLX interacting protein like","gene with protein product"
596,T179458,9,0.0045,p5@SLC25A32,81034,29683,Q9H2D1,SLC25A32,"solute carrier family 25 member 32","gene with protein product"
597,T166682,9,0.0045,p6@PAQR8,85315,15708,,PAQR8,"progestin and adipoQ receptor family member 8","gene with protein product"
598,T039638,9,0.0045,"p3@CHURC1-FNTB,p4@FNTB","100529261,2342","42960,3785",B3KSC2,CHURC1-FNTB,"CHURC1-FNTB readthrough",readthrough
599,T001494,9,0.0045,p2@C10orf82,143379,28500,Q8WW14,C10orf82,"chromosome 10 open reading frame 82","gene with protein product"
600,T183237,9,0.0045,p45@SORBS3,10174,30907,E5RHS8,SORBS3,"sorbin and SH3 domain containing 3","gene with protein product"
601,T148509,9,0.0045,p14@ACSL6,23305,16496,G3V1S9,ACSL6,"acyl-CoA synthetase long-chain family member 6","gene with protein product"
602,T192852,9,0.0045,p3@KIAA1045,23349,29180,Q9UPV7,PHF24,"PHD finger protein 24","gene with protein product"
603,T113979,9,0.0045,p3@ITGB6,3694,6161,,ITGB6,"integrin subunit beta 6","gene with protein product"
604,T191498,9,0.0045,p4@PTGDS,5730,9592,,PTGDS,"prostaglandin D2 synthase","gene with protein product"
605,T024511,9,0.0045,p4@IPO8,10526,9853,"O15397,B7Z7M3",IPO8,"importin 8","gene with protein product"
606,T004415,9,0.0045,p14@CREM,1390,2352,"C9J785,C9J2J0,C9J5A7,Q03060",CREM,"cAMP responsive element modulator","gene with protein product"
607,T046095,9,0.0045,p2@CT62,196993,27286,P0C5K7,CT62,"cancer/testis antigen 62","gene with protein product"
608,T146038,9,0.0045,p3@GK2,2712,4291,Q14410,GK2,"glycerol kinase 2","gene with protein product"
609,T116525,9,0.0045,p6@C2orf88,84281,28191,Q9BSF0,C2orf88,"chromosome 2 open reading frame 88","gene with protein product"
610,T020696,9,0.0045,p2@ISCU,23479,29882,Q9H1K1,ISCU,"iron-sulfur cluster assembly enzyme","gene with protein product"
611,T020078,9,0.0045,p4@CHPT1,56994,17852,,CHPT1,"choline phosphotransferase 1","gene with protein product"
612,T185571,9,0.0045,p5@TOX,9760,18988,"O94900,B4DYA1",TOX,"thymocyte selection associated high mobility group box","gene with protein product"
613,T096864,9,0.0045,p3@GIPC2,54810,18177,,GIPC2,"GIPC PDZ domain containing family member 2","gene with protein product"
614,T170672,9,0.0045,p3@ATP6V1F,9296,16832,"C9J2K4,Q16864,A4D1K0",ATP6V1F,"ATPase H+ transporting V1 subunit F","gene with protein product"
615,T006344,9,0.0045,p1@TYSND1,219743,28531,,TYSND1,"trypsin domain containing 1","gene with protein product"
616,T018084,9,0.0045,p4@LRTOMT,220074,25033,F5H6F7,LRTOMT,"leucine rich transmembrane and O-methyltransferase domain containing","gene with protein product"
617,T185143,9,0.0045,p3@PXDNL,137902,26359,,PXDNL,"peroxidasin like","gene with protein product"
618,T119984,9,0.0045,p1@SPATA3,130560,17884,Q8NHX4,SPATA3,"spermatogenesis associated 3","gene with protein product"
619,T177534,9,0.0045,p4@GLCCI1,113263,18713,,GLCCI1,"glucocorticoid induced 1","gene with protein product"
620,T111678,7,0.0035,p5@DBI,1622,2690,,DBI,"diazepam binding inhibitor, acyl-CoA binding protein","gene with protein product"
621,T004970,7,0.0035,p5@AKR1E2,83592,23437,Q96JD6,AKR1E2,"aldo-keto reductase family 1 member E2","gene with protein product"
622,T070807,7,0.0035,p6@SLC1A6,6511,10944,Q8N753,SLC1A6,"solute carrier family 1 member 6","gene with protein product"
623,T110620,7,0.0035,p8@HPCAL1,3241,5145,,HPCAL1,"hippocalcin like 1","gene with protein product"
624,T016785,7,0.0035,p1@DNHD1,144132,26532,"Q96M86,B0I1S4",DNHD1,"dynein heavy chain domain 1","gene with protein product"
625,T098898,7,0.0035,p1@C20orf26,26074,15872,"Q8NHU2,C9JHE8,F8W6K4,F8WDF5,Q5JXV0",CFAP61,"cilia and flagella associated protein 61","gene with protein product"
626,T134527,7,0.0035,p3@TTC21A,199223,30761,F8WDN4,TTC21A,"tetratricopeptide repeat domain 21A","gene with protein product"
627,T168245,7,0.0035,p1@C6orf163,206412,21403,Q5TEZ5,C6orf163,"chromosome 6 open reading frame 163","gene with protein product"
628,T151764,7,0.0035,p7@FAM134B,54463,25964,,FAM134B,"family with sequence similarity 134 member B","gene with protein product"
629,T017134,6,0.0030,p2@C11orf68,83638,28801,Q9H3H3,C11orf68,"chromosome 11 open reading frame 68","gene with protein product"
630,T088542,6,0.0030,p8@SLC41A1,254428,19429,"B2RMP2,B3KWH2,Q8IVJ1",SLC41A1,"solute carrier family 41 member 1","gene with protein product"
631,T090336,6,0.0030,p36@WDR26,80232,21208,C9JCS7,WDR26,"WD repeat domain 26","gene with protein product"
632,T049708,6,0.0030,p8@LYRM1,57149,25074,O43325,LYRM1,"LYR motif containing 1","gene with protein product"
633,T004424,6,0.0030,p5@CCNY,219771,23354,Q8ND76,CCNY,"cyclin Y","gene with protein product"
634,T161684,6,0.0030,p1@PACRG,135138,19152,Q96M98,PACRG,"PARK2 coregulated","gene with protein product"
635,T083288,6,0.0030,p8@FAM189B,10712,1233,Q96AD8,FAM189B,"family with sequence similarity 189 member B","gene with protein product"
636,T034888,6,0.0030,p1@RNF113B,140432,17267,Q8IZP6,RNF113B,"ring finger protein 113B","gene with protein product"
637,T166542,6,0.0030,p1@OPN5,221391,19992,,OPN5,"opsin 5","gene with protein product"
638,T119783,6,0.0030,p3@WDR69,164781,26383,Q8N136,DAW1,"dynein assembly factor with WD repeats 1","gene with protein product"
639,T128485,6,0.0030,p5@OSBPL11,114885,16397,Q9BXB4,OSBPL11,"oxysterol binding protein like 11","gene with protein product"
640,T135909,6,0.0030,p1@ZMYND10,51364,19412,"F2Z3M9,C9JUQ8,B3KU54,O75800",ZMYND10,"zinc finger MYND-type containing 10","gene with protein product"
641,T058870,6,0.0030,p6@AOC3,8639,550,Q16853,AOC3,"amine oxidase, copper containing 3","gene with protein product"
642,T062378,6,0.0030,p2@KCNJ16,3773,6262,"Q9NPI9,Q8N538",KCNJ16,"potassium voltage-gated channel subfamily J member 16","gene with protein product"
643,T007487,6,0.0030,p4@FAM213A,84293,28651,Q9BRX8,FAM213A,"family with sequence similarity 213 member A","gene with protein product"
644,T101843,6,0.0030,p6@STAU1,6780,11370,"Q5JW30,Q5JW29,O95793,Q5JW28,B3KRE0,Q6PJX3",STAU1,"staufen double-stranded RNA binding protein 1","gene with protein product"
645,T041634,6,0.0030,p2@FAM181A,90050,20491,Q8N9Y4,FAM181A,"family with sequence similarity 181 member A","gene with protein product"
646,T100357,6,0.0030,p6@NDRG3,57446,14462,Q5TH29,NDRG3,"NDRG family member 3","gene with protein product"
647,T050153,6,0.0030,p2@C16orf82,162083,30755,Q7Z2V1,C16orf82,"chromosome 16 open reading frame 82",unknown
648,T073086,6,0.0030,p1@FAM187B,148109,26366,Q17R55,FAM187B,"family with sequence similarity 187 member B","gene with protein product"
649,T067593,6,0.0030,p1@CCDC11,220136,26530,Q96M91,CFAP53,"cilia and flagella associated protein 53","gene with protein product"
650,T090228,6,0.0030,p1@C1orf65,164127,26654,Q8N715,CCDC185,"coiled-coil domain containing 185","gene with protein product"
651,T145175,6,0.0030,p10@RUFY3,22902,30285,,RUFY3,"RUN and FYVE domain containing 3","gene with protein product"
652,T071984,6,0.0030,p20@MKNK2,2872,7111,Q9NT28,MKNK2,"MAP kinase interacting serine/threonine kinase 2","gene with protein product"
653,T048645,6,0.0030,p1@PRM2,5620,9448,"P04554,Q6ZMM0,Q1LZN1",PRM2,"protamine 2","gene with protein product"
654,T060639,6,0.0030,p2@INCA1,388324,32224,Q0VD86,INCA1,"inhibitor of CDK, cyclin A1 interacting protein 1","gene with protein product"
655,T080152,6,0.0030,p2@C1orf194,127003,32331,"E9PLX1,Q5T5A4",C1orf194,"chromosome 1 open reading frame 194","gene with protein product"
656,T172953,6,0.0030,p21@DPP6,1804,3010,E9PF59,DPP6,"dipeptidyl peptidase like 6","gene with protein product"
657,T172886,6,0.0030,p1@GALNTL5,168391,21725,D3DX14,GALNTL5,"polypeptide N-acetylgalactosaminyltransferase-like 5","gene with protein product"
658,T148508,6,0.0030,p6@ACSL6,23305,16496,,ACSL6,"acyl-CoA synthetase long-chain family member 6","gene with protein product"
659,T079229,6,0.0030,p3@PCP2,126006,30209,Q8IVA1,PCP2,"Purkinje cell protein 2","gene with protein product"
660,T042876,6,0.0030,p4@SLC12A6,9990,10914,"Q9UHW9,Q6NSI7",SLC12A6,"solute carrier family 12 member 6","gene with protein product"
661,T200434,6,0.0030,p7@PHF8,23133,20672,"B7Z911,Q9UPP1",PHF8,"PHD finger protein 8","gene with protein product"
662,T078534,6,0.0030,p1@PRR22,163154,28354,"E9PB31,Q8IZ63",PRR22,"proline rich 22","gene with protein product"
663,T187797,6,0.0030,p10@COL15A1,1306,2192,P39059,COL15A1,"collagen type XV alpha 1 chain","gene with protein product"
664,T080604,6,0.0030,p6@ADORA3,140,268,"E9PER0,Q5QNY7,Q6P2N6",ADORA3,"adenosine A3 receptor","gene with protein product"
665,T094957,6,0.0030,p17@TSPAN1,10103,20657,,TSPAN1,"tetraspanin 1","gene with protein product"
666,T126010,6,0.0030,p2@MT-ATP8,,7415,,MT-ATP8,"mitochondrially encoded ATP synthase 8","gene with protein product"
667,T194627,6,0.0030,p1@CDK20,23552,21420,A2A390,CDK20,"cyclin dependent kinase 20","gene with protein product"
668,T059082,6,0.0030,p2@G6PC3,92579,24861,Q9BUM1,G6PC3,"glucose-6-phosphatase catalytic subunit 3","gene with protein product"
669,T018718,6,0.0030,p7@PAK1,5058,8590,Q13153,PAK1,"p21 (RAC1) activated kinase 1","gene with protein product"
670,T147729,6,0.0030,p1@TSSK1B,83942,14968,"Q9BXA7,A0ZT98",TSSK1B,"testis specific serine kinase 1B","gene with protein product"
671,T135690,6,0.0030,p7@APEH,327,586,P13798,APEH,"acylaminoacyl-peptide hydrolase","gene with protein product"
672,T076709,6,0.0030,p6@DKKL1,27120,16528,Q9UK85,DKKL1,"dickkopf like acrosomal protein 1","gene with protein product"
673,T022551,6,0.0030,p6@CCDC92,80212,29563,F5GXK2,CCDC92,"coiled-coil domain containing 92","gene with protein product"
674,T195196,6,0.0030,p1@PTCH1,5727,9585,F8VQS6,PTCH1,"patched 1","gene with protein product"
675,T097732,6,0.0030,p9@SLC2A5,6518,11010,,SLC2A5,"solute carrier family 2 member 5","gene with protein product"
676,T165821,6,0.0030,p1@GUCA1A,2978,4678,"A6NIT3,A6PVH5,P43080",GUCA1A,"guanylate cyclase activator 1A","gene with protein product"
677,T050692,6,0.0030,p1@KCTD13,253980,22234,Q8WZ19,KCTD13,"potassium channel tetramerization domain containing 13","gene with protein product"
678,T023126,6,0.0030,p2@GSG1,83445,19716,F5H134,GSG1,"germ cell associated 1","gene with protein product"
679,T191568,6,0.0030,p8@NPDC1,56654,7899,Q9NQX5,NPDC1,"neural proliferation, differentiation and control 1","gene with protein product"
680,T100886,6,0.0030,p2@GTSF1L,149699,16198,"Q9H1H1,Q5JWH5",GTSF1L,"gametocyte specific factor 1 like","gene with protein product"
681,T193668,6,0.0030,p4@PIP5K1B,8395,8995,B4DIG7,PIP5K1B,"phosphatidylinositol-4-phosphate 5-kinase type 1 beta","gene with protein product"
682,T041633,6,0.0030,p4@FAM181A,90050,20491,Q8N9Y4,FAM181A,"family with sequence similarity 181 member A","gene with protein product"
683,T159397,6,0.0030,p5@AHI1,54806,21575,E9PML3,AHI1,"Abelson helper integration site 1","gene with protein product"
684,T080347,4,0.0020,p2@UBL4B,164153,32309,Q8N7F7,UBL4B,"ubiquitin like 4B","gene with protein product"
685,T100765,4,0.0020,p11@ZHX3,23051,15935,"Q9H4I2,F6UQN6,E9PG50,F6YD28,F6S7L4",ZHX3,"zinc fingers and homeoboxes 3","gene with protein product"
686,T188288,4,0.0020,p2@ACTL7A,10881,161,Q9Y615,ACTL7A,"actin like 7A","gene with protein product"
687,T128923,4,0.0020,p1@IFT122,55764,13556,"Q9HBG6,Q9BTY4,E9PDG2,B4DPW7,E7ERZ5,B4DEY9,E7EQF4,D6RAF7",IFT122,"intraflagellar transport 122","gene with protein product"
688,T147728,4,0.0020,p2@TSSK1B,83942,14968,"Q9BXA7,A0ZT98",TSSK1B,"testis specific serine kinase 1B","gene with protein product"
689,T168651,3,0.0015,p12@AGFG2,3268,5177,,AGFG2,"ArfGAP with FG repeats 2","gene with protein product"
690,T022546,3,0.0015,p2@CCDC92,80212,29563,B3KNQ0,CCDC92,"coiled-coil domain containing 92","gene with protein product"
691,T015440,3,0.0015,p1@LINC00301,283197,28603,,LINC00301,"long intergenic non-protein coding RNA 301","RNA, long non-coding"
692,T192769,3,0.0015,p10@C9orf24,84688,19919,Q8NCR6,C9orf24,"chromosome 9 open reading frame 24","gene with protein product"
693,T089039,3,0.0015,p1@PINK1,65018,14581,Q9BXM7,PINK1,"PTEN induced putative kinase 1","gene with protein product"
694,T107499,3,0.0015,p1@GAS2L1,10634,16955,"Q99501,E7EQM6,B5MCR7,A0A5E8",GAS2L1,"growth arrest specific 2 like 1","gene with protein product"
695,T099436,3,0.0015,p2@TMEM239,100288797,40044,Q8WW34,TMEM239,"transmembrane protein 239","gene with protein product"
696,T152950,3,0.0015,p10@CANX,821,1473,D6RB85,CANX,calnexin,"gene with protein product"
697,T191236,3,0.0015,p2@NACC2,138151,23846,Q96BF6,NACC2,"NACC family member 2","gene with protein product"
698,T006631,3,0.0015,p8@SPOCK2,9806,13564,"Q92563,C9J767",SPOCK2,"SPARC/osteonectin, cwcv and kazal like domains proteoglycan 2","gene with protein product"
699,T186950,3,0.0015,p1@CNBD1,168975,26663,,CNBD1,"cyclic nucleotide binding domain containing 1","gene with protein product"
700,T101390,3,0.0015,p10@PLTP,5360,9093,"B4DDD5,P55058",PLTP,"phospholipid transfer protein","gene with protein product"
701,T100890,3,0.0015,p2@TOX2,84969,16095,,TOX2,"TOX high mobility group box family member 2","gene with protein product"
702,T100766,3,0.0015,p20@ZHX3,23051,15935,,ZHX3,"zinc fingers and homeoboxes 3","gene with protein product"
703,T006630,3,0.0015,p4@SPOCK2,9806,13564,"Q92563,C9J767",SPOCK2,"SPARC/osteonectin, cwcv and kazal like domains proteoglycan 2","gene with protein product"
704,T142302,3,0.0015,p2@RWDD4,201965,23750,"D6RCM5,D6RDH6",RWDD4,"RWD domain containing 4","gene with protein product"
705,T043808,3,0.0015,p6@SERINC4,619189,32237,,SERINC4,"serine incorporator 4","gene with protein product"
706,T073625,3,0.0015,p5@THEG,51298,13706,,THEG,"theg spermatid protein","gene with protein product"
707,T104200,3,0.0015,p3@JAM2,58494,14686,B4DGT9,JAM2,"junctional adhesion molecule 2","gene with protein product"
708,T194515,3,0.0015,p1@C9orf153,389766,31456,,C9orf153,"chromosome 9 open reading frame 153","gene with protein product"
709,T086377,3,0.0015,p5@GLUL,2752,4341,P15104,GLUL,"glutamate-ammonia ligase","gene with protein product"
710,T093191,3,0.0015,p2@ACTRT2,140625,24026,"Q8TDY3,Q96LK1",ACTRT2,"actin related protein T2","gene with protein product"
711,T179526,3,0.0015,p1@C8orf74,203076,32296,E5RJ53,C8orf74,"chromosome 8 open reading frame 74","gene with protein product"
712,T081069,3,0.0015,p9@MAD2L2,10459,6764,,MAD2L2,"MAD2 mitotic arrest deficient-like 2 (yeast)","gene with protein product"
713,T106889,3,0.0015,p3@ZNF280B,140883,23022,Q86YH2,ZNF280B,"zinc finger protein 280B","gene with protein product"
714,T111996,3,0.0015,p7@LIMS2,55679,16084,Q9H058,LIMS2,"LIM zinc finger domain containing 2","gene with protein product"
715,T029264,3,0.0015,p4@NINJ2,4815,7825,Q9NZG7,NINJ2,"ninjurin 2","gene with protein product"
716,T122642,3,0.0015,p6@DHX57,90957,20086,F8WAZ3,DHX57,"DExH-box helicase 57","gene with protein product"
717,T015629,3,0.0015,p4@PPP1R32,220004,28869,Q7Z5V6,PPP1R32,"protein phosphatase 1 regulatory subunit 32","gene with protein product"
718,T166604,3,0.0015,p1@PGK2,5232,8898,,PGK2,"phosphoglycerate kinase 2","gene with protein product"
719,T181952,3,0.0015,p14@DENND3,22898,29134,,DENND3,"DENN domain containing 3","gene with protein product"
720,T014562,3,0.0015,p2@ATG13,9776,29091,"O75143,A8K0S6,E9PQZ8,Q53EN6,B4DFI4",ATG13,"autophagy related 13","gene with protein product"
721,T034396,3,0.0015,p2@FBXL3,26224,13599,"C9J0Y7,Q9UKT7",FBXL3,"F-box and leucine rich repeat protein 3","gene with protein product"
722,T098453,3,0.0015,p7@PSMF1,9491,9571,,PSMF1,"proteasome inhibitor subunit 1","gene with protein product"
723,T042663,3,0.0015,p3@OTUD7A,161725,20718,,OTUD7A,"OTU deubiquitinase 7A","gene with protein product"
724,T039727,3,0.0015,p1@FAM71D,161142,20101,"E9PM27,Q8N9W8",FAM71D,"family with sequence similarity 71 member D","gene with protein product"
725,T142557,3,0.0015,p6@CCDC110,256309,28504,D6RB18,CCDC110,"coiled-coil domain containing 110","gene with protein product"
726,T148064,3,0.0015,p4@FTMT,94033,17345,Q8N4E7,FTMT,"ferritin mitochondrial","gene with protein product"
727,T026253,3,0.0015,p3@KRT72,140807,28932,B4DXK4,KRT72,"keratin 72","gene with protein product"
728,T154608,3,0.0015,p4@PPAP2A,8611,9228,"O14494,G3XA95",PLPP1,"phospholipid phosphatase 1","gene with protein product"
729,T073278,3,0.0015,p1@ZBTB32,27033,16763,,ZBTB32,"zinc finger and BTB domain containing 32","gene with protein product"
730,T078339,3,0.0015,p6@CCDC106,29903,30181,,CCDC106,"coiled-coil domain containing 106","gene with protein product"
731,T076416,3,0.0015,p2@SPHK2,56848,18859,,SPHK2,"sphingosine kinase 2","gene with protein product"
732,T043969,3,0.0015,p6@GATM,2628,4175,,GATM,"glycine amidinotransferase","gene with protein product"
733,T058617,3,0.0015,p1@TTC25,83538,25280,"C9JGW6,Q96NG3",TTC25,"tetratricopeptide repeat domain 25","gene with protein product"
734,T121361,3,0.0015,p2@DNAJC27,51277,30290,,DNAJC27,"DnaJ heat shock protein family (Hsp40) member C27","gene with protein product"
735,T029574,3,0.0015,p5@LIN7A,8825,17787,,LIN7A,"lin-7 homolog A, crumbs cell polarity complex component","gene with protein product"
736,T105266,3,0.0015,p1@LCA5L,150082,1255,"O95447,C9J293,C9JIJ8,C9JFB6,C9JRD7,C9J9Z3,C9JYR0",LCA5L,"LCA5L, lebercilin like","gene with protein product"
737,T033172,3,0.0015,p1@C13orf44-AS1,,42674,,SMIM2-AS1,"SMIM2 antisense RNA 1","RNA, long non-coding"
738,T083029,3,0.0015,p6@ATP8B2,57198,13534,Q5VZ21,ATP8B2,"ATPase phospholipid transporting 8B2","gene with protein product"
739,T040712,3,0.0015,p11@ANGEL1,23357,19961,,ANGEL1,"angel homolog 1","gene with protein product"
740,T015472,3,0.0015,p1@ZP1,22917,13187,Q6NVU7,ZP1,"zona pellucida glycoprotein 1","gene with protein product"
741,T014588,3,0.0015,p10@CKAP5,9793,28959,,CKAP5,"cytoskeleton associated protein 5","gene with protein product"
742,T074234,3,0.0015,p1@ZNF546,339327,28671,"Q86UE3,B3KVL3",ZNF546,"zinc finger protein 546","gene with protein product"
743,T172951,3,0.0015,p19@DPP6,1804,3010,E9PF59,DPP6,"dipeptidyl peptidase like 6","gene with protein product"
744,T184132,3,0.0015,p8@LEPROTL1,23484,6555,E5RJS9,LEPROTL1,"leptin receptor overlapping transcript-like 1","gene with protein product"
745,T194352,3,0.0015,p5@UBQLN1,29979,12508,Q9UMX0,UBQLN1,"ubiquilin 1","gene with protein product"
746,T018133,3,0.0015,p2@CLPB,81570,30664,,CLPB,"ClpB homolog, mitochondrial AAA ATPase chaperonin","gene with protein product"
747,T062090,3,0.0015,p3@DBIL5P,100131454,38519,,DBIL5P,"diazepam binding inhibitor-like 5, pseudogene",pseudogene
748,T075268,3,0.0015,p1@ZNF233,353355,30946,A6NK53,ZNF233,"zinc finger protein 233","gene with protein product"
749,T119726,3,0.0015,p14@MFF,56947,24858,,MFF,"mitochondrial fission factor","gene with protein product"
750,T016437,3,0.0015,p1@C11orf20,25858,19231,Q9NTU4,TEX40,"testis expressed 40","gene with protein product"
751,T148507,3,0.0015,p8@ACSL6,23305,16496,,ACSL6,"acyl-CoA synthetase long-chain family member 6","gene with protein product"
752,T058948,3,0.0015,p4@NBR1,4077,6746,Q14596,NBR1,"NBR1, autophagy cargo receptor","gene with protein product"
753,T020136,3,0.0015,p5@CCDC53,51019,24256,Q9Y3C0,WASHC3,"WASH complex subunit 3","gene with protein product"
754,T094429,3,0.0015,p1@SLFNL1,200172,26313,Q499Z3,SLFNL1,"schlafen like 1","gene with protein product"
755,T032054,3,0.0015,"p19@SPATA13,p4@C1QTNF9","221178,338872","23222,28732",,SPATA13,"spermatogenesis associated 13","gene with protein product"
756,T087878,3,0.0015,p6@PTPN7,5778,9659,,PTPN7,"protein tyrosine phosphatase, non-receptor type 7","gene with protein product"
757,T136378,3,0.0015,p3@CACNA2D3,55799,15460,,CACNA2D3,"calcium voltage-gated channel auxiliary subunit alpha2delta 3","gene with protein product"
758,T194285,3,0.0015,p3@DMRT1,1761,2934,"Q9Y5R6,F5GW87,Q6T1H9",DMRT1,"doublesex and mab-3 related transcription factor 1","gene with protein product"
759,T037542,3,0.0015,p2@NOVA1,4857,7886,"P51513,D3DS81",NOVA1,"NOVA alternative splicing regulator 1","gene with protein product"
760,T033301,3,0.0015,p3@SPERT,220082,30720,Q8NA61,SPERT,"spermatid associated","gene with protein product"
761,T121638,3,0.0015,p2@SLC30A3,7781,11014,Q99726,SLC30A3,"solute carrier family 30 member 3","gene with protein product"
762,T073792,3,0.0015,p4@PSMD8,5714,9566,,PSMD8,"proteasome 26S subunit, non-ATPase 8","gene with protein product"
763,T147213,3,0.0015,p2@SLCO6A1,133482,23613,"C9J020,Q86UG4",SLCO6A1,"solute carrier organic anion transporter family member 6A1","gene with protein product"
764,T077844,3,0.0015,p1@ZNRF4,148066,17726,Q8WWF5,ZNRF4,"zinc and ring finger 4","gene with protein product"
765,T011875,3,0.0015,p2@TOLLIP,54472,16476,E9PP67,TOLLIP,"toll interacting protein","gene with protein product"
766,T000761,3,0.0015,p1@MIR4482-1,100616323,41792,,MIR4482,"microRNA 4482","RNA, micro"
767,T116542,3,0.0015,p1@INPP1,3628,6071,P49441,INPP1,"inositol polyphosphate-1-phosphatase","gene with protein product"
768,T157328,3,0.0015,p3@PREP,5550,9358,"B2RAH7,P48147",PREP,"prolyl endopeptidase","gene with protein product"
769,T106508,3,0.0015,p1@TUBA8,51807,12410,Q9NY65,TUBA8,"tubulin alpha 8","gene with protein product"
770,T091177,3,0.0015,p7@LINC00184,100302691,37192,,LINC00184,"long intergenic non-protein coding RNA 184","RNA, long non-coding"
771,T063078,3,0.0015,p4@HN1,51155,14569,,HN1,"hematological and neurological expressed 1","gene with protein product"
772,T072150,3,0.0015,p8@PLEKHJ1,55111,18211,Q9NW61,PLEKHJ1,"pleckstrin homology domain containing J1","gene with protein product"
773,T124643,3,0.0015,p4@NFU1,27247,16287,Q9UMS0,NFU1,"NFU1 iron-sulfur cluster scaffold","gene with protein product"
774,T056459,3,0.0015,p25@KSR1,8844,6465,"Q8IVT5,A8MY87",KSR1,"kinase suppressor of ras 1","gene with protein product"
775,T166248,3,0.0015,p3@SPATS1,221409,22957,Q496A3,SPATS1,"spermatogenesis associated serine rich 1","gene with protein product"
776,T125010,3,0.0015,p4@CYP26B1,56603,20581,"B7Z2K6,Q9NR63",CYP26B1,"cytochrome P450 family 26 subfamily B member 1","gene with protein product"
777,T041248,3,0.0015,p8@TDP1,55775,18884,G3V4W8,TDP1,"tyrosyl-DNA phosphodiesterase 1","gene with protein product"
778,T051804,3,0.0015,p5@CBLN1,869,1543,,CBLN1,"cerebellin 1 precursor","gene with protein product"
779,T153444,3,0.0015,p1@LSP1P3,,39718,,LSP1P3,"lymphocyte-specific protein 1 pseudogene 3",pseudogene
780,T133686,3,0.0015,p2@PP2D1,,28406,,PP2D1,"protein phosphatase 2C like domain containing 1","gene with protein product"
781,T198620,3,0.0015,p1@CA5B,11238,1378,Q9Y2D0,CA5B,"carbonic anhydrase 5B","gene with protein product"
782,T035832,3,0.0015,p1@BTBD6,90135,19897,"F8VPC8,Q96KE9",BTBD6,"BTB domain containing 6","gene with protein product"
783,T135519,3,0.0015,p1@PRKAR2A-AS1,,40471,,PRKAR2A-AS1,"PRKAR2A antisense RNA 1","RNA, long non-coding"
784,T079129,3,0.0015,p4@PALM,5064,8594,O75781,PALM,paralemmin,"gene with protein product"
785,T020137,3,0.0015,p6@CCDC53,51019,24256,,WASHC3,"WASH complex subunit 3","gene with protein product"
786,T015863,3,0.0015,p1@C11orf42,160298,28541,Q8N5U0,C11orf42,"chromosome 11 open reading frame 42","gene with protein product"
787,T134121,3,0.0015,p16@OSBPL10,114884,16395,,OSBPL10,"oxysterol binding protein like 10","gene with protein product"
788,T192429,3,0.0015,p2@C9orf11,54586,1359,"Q9NQ60,B7ZMK1",EQTN,equatorin,"gene with protein product"
789,T071256,3,0.0015,p4@SLC27A1,376497,10995,Q6PCB7,SLC27A1,"solute carrier family 27 member 1","gene with protein product"
790,T091175,3,0.0015,p6@LINC00184,100302691,37192,,LINC00184,"long intergenic non-protein coding RNA 184","RNA, long non-coding"
791,T165027,3,0.0015,p1@TCP11,6954,11658,"E7EP29,D6RBE4,B7Z7B5,Q8WWU5,D6R8Y5,D6RGY5,D6RAC0,D6R9D8,D6RGC0,D6R9R9,D6RFY8,D6R989",TCP11,"t-complex 11","gene with protein product"
792,T048664,3,0.0015,p3@PRM1,5619,9447,P04553,PRM1,"protamine 1","gene with protein product"
793,T174842,3,0.0015,p8@ADCYAP1R1,117,242,"B8ZZK3,P41586",ADCYAP1R1,"ADCYAP receptor type I","gene with protein product"
794,T165320,3,0.0015,p6@C6orf89,221477,21114,Q5TDC5,C6orf89,"chromosome 6 open reading frame 89","gene with protein product"
795,T110621,3,0.0015,p4@HPCAL1,3241,5145,,HPCAL1,"hippocalcin like 1","gene with protein product"
796,T120562,3,0.0015,p2@CXCR7,57007,23692,C9J5U9,ACKR3,"atypical chemokine receptor 3","gene with protein product"
797,T107680,3,0.0015,p1@CCDC157,550631,33854,"E7ETG3,E7EWT0",CCDC157,"coiled-coil domain containing 157","gene with protein product"
798,T011386,3,0.0015,p1@DDX25,29118,18698,,DDX25,"DEAD-box helicase 25","gene with protein product"
799,T059862,3,0.0015,p10@ZMYND15,84225,20997,Q9H091,ZMYND15,"zinc finger MYND-type containing 15","gene with protein product"
800,T094793,3,0.0015,p8@KIF2C,11004,6393,B7Z7M6,KIF2C,"kinesin family member 2C","gene with protein product"
801,T157920,3,0.0015,p1@C6orf225,619208,33858,Q4G0N7,FAM229B,"family with sequence similarity 229 member B","gene with protein product"
802,T019939,3,0.0015,p2@ACTR6,64431,24025,F8VSD1,ACTR6,"ARP6 actin-related protein 6 homolog","gene with protein product"
803,T001277,3,0.0015,p12@CASP7,840,1508,,CASP7,"caspase 7","gene with protein product"
804,T179052,3,0.0015,p2@RGS22,26166,24499,A8K944,RGS22,"regulator of G-protein signaling 22","gene with protein product"
805,T059716,3,0.0015,p1@LRRC46,90506,25047,"Q96FV0,A8K9Q0",LRRC46,"leucine rich repeat containing 46","gene with protein product"
806,T064101,3,0.0015,p4@DNAH17,8632,2946,"E7EUM8,Q9UFH2",DNAH17,"dynein axonemal heavy chain 17","gene with protein product"
807,T128297,3,0.0015,p1@MYLK,4638,7590,"Q15746,Q6P2N0,Q9UBY6",MYLK,"myosin light chain kinase","gene with protein product"
808,T006198,3,0.0015,p2@KIAA1279,26128,23419,Q96EK5,KIF1BP,"KIF1 binding protein","gene with protein product"
809,T197007,3,0.0015,p6@OCRL,4952,8108,,OCRL,"OCRL, inositol polyphosphate-5-phosphatase","gene with protein product"
810,T074722,3,0.0015,p3@LYPD4,147719,28659,Q6UWN0,LYPD4,"LY6/PLAUR domain containing 4","gene with protein product"
811,T148625,3,0.0015,p2@IL13,3596,5973,,IL13,"interleukin 13","gene with protein product"
