Hs-REEP6,2000,1000,T070778-REEP6,"p3@REEP6"
rank,ID,Fabs,Frel,association_with_transcript,entrezgene_id,hgnc_id,uniprot_id,gene_name,description,type
1,T172334,2004,0.9995,p3@CUL1,e:8454,h:2551,"Q13616,B3KTW0",CUL1,"cullin 1","gene with protein product"
2,T020134,2008,0.9990,p2@CCDC53,e:51019,h:24256,"F5GXZ7,F5GZ97",WASHC3,"WASH complex subunit 3","gene with protein product"
3,T192053,2007,0.9990,p4@HAUS6,e:54801,h:25948,Q7Z4H7,HAUS6,"HAUS augmin like complex subunit 6","gene with protein product"
4,T048086,2006,0.9990,p1@ASB9P1,e:728619,h:20972,,ASB9P1,"ankyrin repeat and SOCS box containing 9 pseudogene 1",pseudogene
5,T190716,2004,0.9990,p2@C9orf9,e:11092,h:1367,Q96E40,SPACA9,"sperm acrosome associated 9","gene with protein product"
6,T186261,2001,0.9985,p2@LACTB2,e:51110,h:18512,Q53H82,LACTB2,"lactamase beta 2","gene with protein product"
7,T057607,2001,0.9975,p6@SOCS7,e:30837,h:29846,O14512,SOCS7,"suppressor of cytokine signaling 7","gene with protein product"
8,T073908,2006,0.9970,p5@SIRT2,e:22933,h:10886,"Q8IXJ6,E7EWX6",SIRT2,"sirtuin 2","gene with protein product"
9,T135616,2000,0.9965,p3@C3orf62,e:375341,h:24771,Q6ZUJ4,C3orf62,"chromosome 3 open reading frame 62","gene with protein product"
10,T090317,1995,0.9916,p2@DEGS1,e:8560,h:13709,,DEGS1,"delta 4-desaturase, sphingolipid 1","gene with protein product"
11,T075442,1988,0.9895,p3@CLPTM1,e:1209,h:2087,,CLPTM1,"CLPTM1, transmembrane protein","gene with protein product"
12,T092220,1978,0.9880,p8@C1orf201,e:90529,h:28070,Q5TH74,STPG1,"sperm tail PG-rich repeat containing 1","gene with protein product"
13,T082221,1985,0.9866,p1@HORMAD1,e:84072,h:25245,"Q86X24,F5H788",HORMAD1,"HORMA domain containing 1","gene with protein product"
14,T130841,1982,0.9866,p3@HACL1,e:26061,h:17856,"C9J306,B4DXI5",HACL1,"2-hydroxyacyl-CoA lyase 1","gene with protein product"
15,T089305,1979,0.9860,p6@RCOR3,e:55758,h:25594,,RCOR3,"REST corepressor 3","gene with protein product"
16,T170791,1979,0.9836,p3@C7orf45,e:136263,h:29580,"A4D1L0,Q8WWF3",SSMEM1,"serine rich single-pass membrane protein 1","gene with protein product"
17,T123057,1976,0.9836,p6@CAMKMT,e:79823,h:26276,,CAMKMT,"calmodulin-lysine N-methyltransferase","gene with protein product"
18,T019749,1973,0.9826,p5@SESN3,e:143686,h:23060,,SESN3,"sestrin 3","gene with protein product"
19,T050013,1961,0.9781,p7@RBBP6,e:5930,h:9889,Q7Z6E9,RBBP6,"RB binding protein 6, ubiquitin ligase","gene with protein product"
20,T146411,1959,0.9771,p2@FAM175A,e:84142,h:25829,Q6UWZ7,FAM175A,"family with sequence similarity 175 member A","gene with protein product"
21,T063627,1961,0.9761,p11@MFSD11,e:79157,h:25458,O43934,MFSD11,"major facilitator superfamily domain containing 11","gene with protein product"
22,T149430,1952,0.9750,p13@UBE2D2,e:7322,h:12475,"Q96RP6,P62837",UBE2D2,"ubiquitin conjugating enzyme E2 D2","gene with protein product"
23,T034875,1955,0.9726,p7@IPO5,e:3843,h:6402,,IPO5,"importin 5","gene with protein product"
24,T128571,1939,0.9685,"p1@TXNRD3NB,p1@TXNRD3","e:114112,e:645840","h:20667,h:33870","B4DRZ5,Q86VQ6",TXNRD3,"thioredoxin reductase 3","gene with protein product"
25,T078833,1942,0.9681,p2@ALKBH7,e:84266,h:21306,Q9BT30,ALKBH7,"alkB homolog 7","gene with protein product"
26,T165548,1939,0.9647,p3@SAYSD1,e:55776,h:21025,,SAYSD1,"SAYSVFN motif domain containing 1","gene with protein product"
27,T002913,1935,0.9646,p8@HSPA14,e:51182,h:29526,"Q0VDF9,Q8TAQ0,A6NJU0",HSPA14,"heat shock protein family A (Hsp70) member 14","gene with protein product"
28,T070777,1936,0.9641,p2@REEP6,e:92840,h:30078,"Q96HR9,A8MWX0,A8MXN1",REEP6,"receptor accessory protein 6","gene with protein product"
29,T003103,1938,0.9632,p13@VIM,e:7431,h:12692,,VIM,vimentin,"gene with protein product"
30,T019584,1930,0.9602,p2@CCDC67,e:159989,h:26344,E9PJR5,DEUP1,"deuterosome assembly protein 1","gene with protein product"
31,T055185,1925,0.9577,p8@DPEP1,e:1800,h:3002,,DPEP1,"dipeptidase 1 (renal)","gene with protein product"
32,T017667,1919,0.9566,p6@ACY3,e:91703,h:24104,E9PRA7,ACY3,"aminoacylase 3","gene with protein product"
33,T024842,1923,0.9562,p2@C12orf40,e:283461,h:26846,,C12orf40,"chromosome 12 open reading frame 40","gene with protein product"
34,T119127,1924,0.9539,p4@GLB1L,e:79411,h:28129,Q6UWU2,GLB1L,"galactosidase beta 1 like","gene with protein product"
35,T197007,1917,0.9528,p6@OCRL,e:4952,h:8108,,OCRL,"OCRL, inositol polyphosphate-5-phosphatase","gene with protein product"
36,T196393,1911,0.9517,p2@RGAG1,e:57529,h:29245,E5RKA1,RGAG1,"retrotransposon gag domain containing 1","gene with protein product"
37,T062758,1911,0.9512,p2@YBX2,e:51087,h:17948,Q9Y2T7,YBX2,"Y-box binding protein 2","gene with protein product"
38,T057930,1903,0.9491,p2@ZPBP2,e:124626,h:20678,Q6X784,ZPBP2,"zona pellucida binding protein 2","gene with protein product"
39,T022417,1896,0.9466,p12@PITPNM2,e:57605,h:21044,Q9BZ72,PITPNM2,"phosphatidylinositol transfer protein membrane associated 2","gene with protein product"
40,T116503,1902,0.9453,p7@ANKAR,e:150709,h:26350,,ANKAR,"ankyrin and armadillo repeat containing","gene with protein product"
41,T055181,1891,0.9417,p3@DPEP1,e:1800,h:3002,P16444,DPEP1,"dipeptidase 1 (renal)","gene with protein product"
42,T046604,1892,0.9413,p15@NEIL1,e:79661,h:18448,,NEIL1,"nei like DNA glycosylase 1","gene with protein product"
43,T096635,1883,0.9377,p2@LRRIQ3,e:127255,h:28318,A6NIU3,LRRIQ3,"leucine rich repeats and IQ motif containing 3","gene with protein product"
44,T088257,1883,0.9354,p1@ETNK2,e:55224,h:25575,Q9NVF9,ETNK2,"ethanolamine kinase 2","gene with protein product"
45,T161940,1857,0.9262,p7@FGFR1OP,e:11116,h:17012,,FGFR1OP,"FGFR1 oncogene partner","gene with protein product"
46,T017048,1850,0.9218,p4@OVOL1,e:5017,h:8525,Q86XL8,OVOL1,"ovo like transcriptional repressor 1","gene with protein product"
47,T018685,1847,0.9203,p8@CYB5R2,e:51700,h:24376,Q6BCY4,CYB5R2,"cytochrome b5 reductase 2","gene with protein product"
48,T197449,1846,0.9198,p2@MAP7D3,e:79649,h:25742,"Q8IWC1,B4DWD2",MAP7D3,"MAP7 domain containing 3","gene with protein product"
49,T053013,1847,0.9175,p7@KIAA0895L,e:653319,h:34408,Q68EN5,KIAA0895L,"KIAA0895 like","gene with protein product"
50,T006616,1836,0.9157,p26@SPOCK2,e:9806,h:13564,,SPOCK2,"SPARC/osteonectin, cwcv and kazal like domains proteoglycan 2","gene with protein product"
51,T135869,1825,0.9089,p1@NAT6,e:24142,h:30252,Q93015,NAT6,"N-acetyltransferase 6","gene with protein product"
52,T138556,1824,0.9084,p15@SLC9B2,e:133308,h:25143,,SLC9B2,"solute carrier family 9 member B2","gene with protein product"
53,T152669,1819,0.9063,p7@UIMC1,e:51720,h:30298,D6RDZ5,UIMC1,"ubiquitin interaction motif containing 1","gene with protein product"
54,T084406,1813,0.9029,p2@PLEKHM2,e:23207,h:29131,Q5VVD7,PLEKHM2,"pleckstrin homology and RUN domain containing M2","gene with protein product"
55,T192138,1808,0.9004,p4@MLLT3,e:4300,h:7136,"B1APT5,B1APT6",MLLT3,"MLLT3, super elongation complex subunit","gene with protein product"
56,T027876,1801,0.8983,p4@C12orf56,e:115749,h:26967,Q8IXR9,C12orf56,"chromosome 12 open reading frame 56","gene with protein product"
57,T039557,1801,0.8956,p2@PPP1R36,e:145376,h:20097,"E9PLB5,G3V4N3",PPP1R36,"protein phosphatase 1 regulatory subunit 36","gene with protein product"
58,T049070,1798,0.8932,p8@NDE1,e:54820,h:17619,Q9NXR1,NDE1,"nudE neurodevelopment protein 1","gene with protein product"
59,T046741,1786,0.8886,p6@HMG20A,e:10363,h:5001,,HMG20A,"high mobility group 20A","gene with protein product"
60,T055180,1784,0.8884,p7@DPEP1,e:1800,h:3002,P16444,DPEP1,"dipeptidase 1 (renal)","gene with protein product"
61,T009954,1776,0.8845,p6@C11orf71,e:54494,h:25937,,C11orf71,"chromosome 11 open reading frame 71","gene with protein product"
62,T135865,1765,0.8803,p10@IFRD2,e:7866,h:5457,Q12894,IFRD2,"interferon related developmental regulator 2","gene with protein product"
63,T055913,1750,0.8702,p2@NT5M,e:56953,h:15769,,NT5M,"5',3'-nucleotidase, mitochondrial","gene with protein product"
64,T021106,1743,0.8680,p2@BRAP,e:8315,h:1099,"Q59H81,Q7Z569",BRAP,"BRCA1 associated protein","gene with protein product"
65,T155846,1742,0.8671,p3@CRHBP,e:1393,h:2356,D6RHH7,CRHBP,"corticotropin releasing hormone binding protein","gene with protein product"
66,T015737,1739,0.8665,p9@RAB3IL1,e:5866,h:9780,,RAB3IL1,"RAB3A interacting protein like 1","gene with protein product"
67,T095155,1736,0.8641,p13@ELAVL4,e:1996,h:3315,,ELAVL4,"ELAV like RNA binding protein 4","gene with protein product"
68,T152849,1733,0.8630,p6@AGXT2L2,e:85007,h:28249,Q8IUZ5,PHYKPL,"5-phosphohydroxy-L-lysine phospho-lyase","gene with protein product"
69,T195934,1731,0.8612,p1@NXF3,e:56000,h:8073,"Q9H4D5,E9PE86",NXF3,"nuclear RNA export factor 3","gene with protein product"
70,T060528,1724,0.8611,p1@MYCBPAP,e:84073,h:19677,C9JZX1,MYCBPAP,"MYCBP associated protein","gene with protein product"
71,T055179,1729,0.8598,p5@DPEP1,e:1800,h:3002,P16444,DPEP1,"dipeptidase 1 (renal)","gene with protein product"
72,T130158,1723,0.8585,p5@CPA3,e:1359,h:2298,,CPA3,"carboxypeptidase A3","gene with protein product"
73,T071832,1716,0.8550,p3@CSNK1G2,e:1455,h:2455,P78368,CSNK1G2,"casein kinase 1 gamma 2","gene with protein product"
74,T076320,1719,0.8535,p3@SYNGR4,e:23546,h:11502,O95473,SYNGR4,"synaptogyrin 4","gene with protein product"
75,T125290,1709,0.8519,p24@AUP1,e:550,h:891,,AUP1,"ancient ubiquitous protein 1","gene with protein product"
76,T155845,1703,0.8473,p5@CRHBP,e:1393,h:2356,P24387,CRHBP,"corticotropin releasing hormone binding protein","gene with protein product"
77,T042846,1698,0.8448,p4@C15orf29,e:79768,h:26199,,KATNBL1,"katanin regulatory subunit B1 like 1","gene with protein product"
78,T141339,1696,0.8442,p3@PROM1,e:8842,h:9454,,PROM1,"prominin 1","gene with protein product"
79,T080665,1677,0.8364,p8@ST7L,e:54879,h:18441,"Q5TEH7,B7Z7D4",ST7L,"suppression of tumorigenicity 7 like","gene with protein product"
80,T155335,1677,0.8347,p8@CDK7,e:1022,h:1778,P50613,CDK7,"cyclin dependent kinase 7","gene with protein product"
81,T011284,1673,0.8340,p3@CCDC15,e:80071,h:25798,"Q0P6D6,E9PKB1",CCDC15,"coiled-coil domain containing 15","gene with protein product"
82,T155847,1676,0.8338,p9@CRHBP,e:1393,h:2356,D6RHH7,CRHBP,"corticotropin releasing hormone binding protein","gene with protein product"
83,T131458,1674,0.8337,p14@MECOM,e:2122,h:3498,Q03112,MECOM,"MDS1 and EVI1 complex locus","gene with protein product"
84,T072839,1673,0.8332,p5@C19orf77,e:284422,h:37244,O75264,SMIM24,"small integral membrane protein 24","gene with protein product"
85,T025337,1674,0.8328,p5@FAM113B,e:91523,h:28255,F8VYL8,PCED1B,"PC-esterase domain containing 1B","gene with protein product"
86,T110689,1675,0.8321,p3@ODC1,e:4953,h:8109,"F5H574,P11926,Q53TU3",ODC1,"ornithine decarboxylase 1","gene with protein product"
87,T075635,1652,0.8231,p33@FOSB,e:2354,h:3797,,FOSB,"FosB proto-oncogene, AP-1 transcription factor subunit","gene with protein product"
88,T015236,1642,0.8185,p2@GLYATL2,e:219970,h:24178,"A5LGC7,Q8WU03",GLYATL2,"glycine-N-acyltransferase like 2","gene with protein product"
89,T104042,1644,0.8183,p2@C21orf91,e:54149,h:16459,"Q9NYK6,Q68DA1",C21orf91,"chromosome 21 open reading frame 91","gene with protein product"
90,T069384,1623,0.8079,p1@ANGPTL6,e:83854,h:23140,Q8NI99,ANGPTL6,"angiopoietin like 6","gene with protein product"
91,T104996,1618,0.8062,p6@PIGP,e:51227,h:3046,,PIGP,"phosphatidylinositol glycan anchor biosynthesis class P","gene with protein product"
92,T001370,1613,0.8041,p2@USP6NL,e:9712,h:16858,Q92738,USP6NL,"USP6 N-terminal like","gene with protein product"
93,T184322,1611,0.8035,p2@FUT10,e:84750,h:19234,"E7EU36,Q6P4F1",FUT10,"fucosyltransferase 10","gene with protein product"
94,T116787,1609,0.8013,p7@SLC39A10,e:57181,h:20861,Q9ULF5,SLC39A10,"solute carrier family 39 member 10","gene with protein product"
95,T010113,1606,0.8002,p2@SIK3,e:23387,h:29165,,SIK3,"SIK family kinase 3","gene with protein product"
96,T098457,1596,0.7948,p3@PSMF1,e:9491,h:9571,,PSMF1,"proteasome inhibitor subunit 1","gene with protein product"
97,T134169,1568,0.7805,p3@CNOT10,e:25904,h:23817,Q9H9A5,CNOT10,"CCR4-NOT transcription complex subunit 10","gene with protein product"
98,T111982,1566,0.7803,p9@IWS1,e:55677,h:25467,,IWS1,"IWS1, SUPT6H interacting protein","gene with protein product"
99,T164690,1560,0.7792,p4@HSD17B8,e:7923,h:3554,Q92506,HSD17B8,"hydroxysteroid 17-beta dehydrogenase 8","gene with protein product"
100,T081841,1560,0.7761,p4@POLR3C,e:10623,h:30076,,POLR3C,"RNA polymerase III subunit C","gene with protein product"
101,T027063,1549,0.7706,p5@ESYT1,e:23344,h:29534,,ESYT1,"extended synaptotagmin 1","gene with protein product"
102,T182481,1543,0.7692,p2@VPS28,e:51160,h:18178,"E9PLM9,E9PJY2,E9PI55",VPS28,"VPS28, ESCRT-I subunit","gene with protein product"
103,T093148,1535,0.7633,p2@TAF12,e:6883,h:11545,Q16514,TAF12,"TATA-box binding protein associated factor 12","gene with protein product"
104,T125288,1529,0.7622,p9@AUP1,e:550,h:891,,AUP1,"ancient ubiquitous protein 1","gene with protein product"
105,T034241,1516,0.7546,p15@TBC1D4,e:9882,h:19165,,TBC1D4,"TBC1 domain family member 4","gene with protein product"
106,T060962,1517,0.7540,p7@MSI2,e:124540,h:18585,Q96DH6,MSI2,"musashi RNA binding protein 2","gene with protein product"
107,T177756,1511,0.7517,p13@ICA1,e:3382,h:5343,Q6LCR0,ICA1,"islet cell autoantigen 1","gene with protein product"
108,T160259,1506,0.7489,p8@SHPRH,e:257218,h:19336,"F8WEL0,Q149N8",SHPRH,"SNF2 histone linker PHD RING helicase","gene with protein product"
109,T168967,1502,0.7488,p3@CLDN15,e:24146,h:2036,C9J3Z2,CLDN15,"claudin 15","gene with protein product"
110,T050821,1481,0.7372,p7@CORO1A,e:11151,h:2252,P31146,CORO1A,"coronin 1A","gene with protein product"
111,T168669,1463,0.7293,p5@LRCH4,e:4034,h:6691,O75427,LRCH4,"leucine rich repeats and calponin homology domain containing 4","gene with protein product"
112,T016579,1438,0.7183,p14@SF1,e:7536,h:12950,"C9J792,C9JJE2,B7Z1Q1,Q15637",SF1,"splicing factor 1","gene with protein product"
113,T074164,1442,0.7174,p2@PIAS4,e:51588,h:17002,Q8N2W9,PIAS4,"protein inhibitor of activated STAT 4","gene with protein product"
114,T105454,1444,0.7156,p1@C21orf128,e:150147,h:23821,Q8N2C9,UMODL1-AS1,"UMODL1 antisense RNA 1","RNA, long non-coding"
115,T121161,1437,0.7149,p7@STK25,e:10494,h:11404,O00506,STK25,"serine/threonine kinase 25","gene with protein product"
116,T182436,1434,0.7134,p4@DGAT1,e:8694,h:2843,"O75907,E9PS80",DGAT1,"diacylglycerol O-acyltransferase 1","gene with protein product"
117,T027092,1432,0.7114,p2@OBFC2B,e:79035,h:28412,"C9JMP5,C9JT95",NABP2,"nucleic acid binding protein 2","gene with protein product"
118,T140188,1422,0.7068,p12@INPP4B,e:8821,h:6075,O15327,INPP4B,"inositol polyphosphate-4-phosphatase type II B","gene with protein product"
119,T006615,1383,0.6887,p16@SPOCK2,e:9806,h:13564,,SPOCK2,"SPARC/osteonectin, cwcv and kazal like domains proteoglycan 2","gene with protein product"
120,T078952,1375,0.6837,p3@RNF126,e:55658,h:21151,Q9BV68,RNF126,"ring finger protein 126","gene with protein product"
121,T074831,1375,0.6837,p3@DEDD2,e:162989,h:24450,Q8WXF8,DEDD2,"death effector domain containing 2","gene with protein product"
122,T187565,1359,0.6765,p3@RPL30,e:6156,h:10333,E5RI99,RPL30,"ribosomal protein L30","gene with protein product"
123,T019059,1348,0.6730,p8@CCDC90B,e:60492,h:28108,,CCDC90B,"coiled-coil domain containing 90B","gene with protein product"
124,T011412,1351,0.6721,p4@TIRAP,e:114609,h:17192,P58753,TIRAP,"TIR domain containing adaptor protein","gene with protein product"
125,T181794,1345,0.6708,p8@KHDRBS3,e:10656,h:18117,O75525,KHDRBS3,"KH RNA binding domain containing, signal transduction associated 3","gene with protein product"
126,T088256,1346,0.6707,p3@ETNK2,e:55224,h:25575,Q9NVF9,ETNK2,"ethanolamine kinase 2","gene with protein product"
127,T096469,1344,0.6697,p5@CAMTA1,e:23261,h:18806,,CAMTA1,"calmodulin binding transcription activator 1","gene with protein product"
128,T125871,1332,0.6620,p3@PTCD3,e:55037,h:24717,Q96EY7,PTCD3,"pentatricopeptide repeat domain 3","gene with protein product"
129,T127588,1304,0.6497,p2@ATP6V1A,e:523,h:851,B7Z2V6,ATP6V1A,"ATPase H+ transporting V1 subunit A","gene with protein product"
130,T144506,1300,0.6468,p13@HOPX,e:84525,h:24961,Q9BPY8,HOPX,"HOP homeobox","gene with protein product"
131,T149215,1296,0.6454,p2@PKD2L2,e:27039,h:9012,,PKD2L2,"polycystin 2 like 2, transient receptor potential cation channel","gene with protein product"
132,T002930,1281,0.6370,p1@MEIG1,e:644890,h:23429,Q5JSS6,MEIG1,"meiosis/spermiogenesis associated 1","gene with protein product"
133,T035599,1272,0.6344,p7@CKB,e:1152,h:1991,,CKB,"creatine kinase B","gene with protein product"
134,T048520,1253,0.6231,p2@ATF7IP2,e:80063,h:20397,,ATF7IP2,"activating transcription factor 7 interacting protein 2","gene with protein product"
135,T139469,1233,0.6128,p3@KIAA1109,e:84162,h:26953,Q2LD37,KIAA1109,KIAA1109,"gene with protein product"
136,T016589,1224,0.6099,p5@MAP4K2,e:5871,h:6864,,MAP4K2,"mitogen-activated protein kinase kinase kinase kinase 2","gene with protein product"
137,T176011,1224,0.6090,p10@TNS3,e:64759,h:21616,C9JUW5,TNS3,"tensin 3","gene with protein product"
138,T070716,1216,0.6065,p4@DNAJB1,e:3337,h:5270,B4DX52,DNAJB1,"DnaJ heat shock protein family (Hsp40) member B1","gene with protein product"
139,T064971,1213,0.6047,p5@PCYT2,e:5833,h:8756,,PCYT2,"phosphate cytidylyltransferase 2, ethanolamine","gene with protein product"
140,T120134,1210,0.6014,p2@PDE6D,e:5147,h:8788,"O43924,Q6IB24",PDE6D,"phosphodiesterase 6D","gene with protein product"
141,T174065,1204,0.5996,p3@MPP6,e:51678,h:18167,C9JGI8,MPP6,"membrane palmitoylated protein 6","gene with protein product"
142,T094876,1204,0.5993,p3@TESK2,e:10420,h:11732,B4DYL6,TESK2,"testis-specific kinase 2","gene with protein product"
143,T022622,1200,0.5970,p6@MANSC1,e:54682,h:25505,"Q9H8J5,Q9NW60",MANSC1,"MANSC domain containing 1","gene with protein product"
144,T133356,1192,0.5945,p6@ACAP2,e:23527,h:16469,Q15057,ACAP2,"ArfGAP with coiled-coil, ankyrin repeat and PH domains 2","gene with protein product"
145,T002238,1188,0.5902,p2@FANK1,e:92565,h:23527,"Q8TC84,A6NH44",FANK1,"fibronectin type III and ankyrin repeat domains 1","gene with protein product"
146,T077286,1187,0.5879,p11@KLK11,e:11012,h:6359,"Q8IXD7,Q9UBX7,Q0WXX5",KLK11,"kallikrein related peptidase 11","gene with protein product"
147,T174005,1175,0.5855,p9@IGF2BP3,e:10643,h:28868,,IGF2BP3,"insulin like growth factor 2 mRNA binding protein 3","gene with protein product"
148,T019908,1170,0.5824,p6@CLEC2B,e:9976,h:2053,,CLEC2B,"C-type lectin domain family 2 member B","gene with protein product"
149,T052296,1167,0.5820,p4@AMFR,e:267,h:463,Q9UKV5,AMFR,"autocrine motility factor receptor","gene with protein product"
150,T124353,1144,0.5703,p7@SLC1A4,e:6509,h:10942,,SLC1A4,"solute carrier family 1 member 4","gene with protein product"
151,T086167,1140,0.5674,p2@TDRD5,e:163589,h:20614,Q8NAT2,TDRD5,"tudor domain containing 5","gene with protein product"
152,T064574,1133,0.5642,p1@CNTROB,e:116840,h:29616,,CNTROB,"centrobin, centriole duplication and spindle assembly protein","gene with protein product"
153,T017767,1130,0.5630,p1@MTL5,e:9633,h:7446,Q9Y4I5,TESMIN,"testis expressed metallothionein like protein","gene with protein product"
154,T009151,1132,0.5629,p21@AMPD3,e:272,h:470,E9PIR5,AMPD3,"adenosine monophosphate deaminase 3","gene with protein product"
155,T120136,1123,0.5604,p3@PDE6D,e:5147,h:8788,O43924,PDE6D,"phosphodiesterase 6D","gene with protein product"
156,T163205,1126,0.5599,p2@ZNF323,e:64288,h:14097,"Q96LW9,C9JUE1,Q6P178,Q96QL1",ZSCAN31,"zinc finger and SCAN domain containing 31","gene with protein product"
157,T153591,1124,0.5592,p4@NPR3,e:4883,h:7945,,NPR3,"natriuretic peptide receptor 3","gene with protein product"
158,T056031,1114,0.5556,p21@ALKBH5,e:54890,h:25996,Q6P6C2,ALKBH5,"alkB homolog 5, RNA demethylase","gene with protein product"
159,T051235,1096,0.5464,p1@ITGAD,e:3681,h:6146,"Q13349,Q59H14",ITGAD,"integrin subunit alpha D","gene with protein product"
160,T095003,1094,0.5440,p1@KNCN,e:148930,h:26488,,KNCN,kinocilin,"gene with protein product"
161,T019267,1093,0.5427,p9@EED,e:8726,h:3188,,EED,"embryonic ectoderm development","gene with protein product"
162,T003175,1087,0.5413,p3@ST8SIA6,e:338596,h:23317,B0YJ96,ST8SIA6,"ST8 alpha-N-acetyl-neuraminide alpha-2,8-sialyltransferase 6","gene with protein product"
163,T196737,1085,0.5403,p8@SEPT6,e:23157,h:15848,B4E049,SEPT6,"septin 6","gene with protein product"
164,T011317,1078,0.5379,p17@FEZ1,e:9638,h:3659,,FEZ1,"fasciculation and elongation protein zeta 1","gene with protein product"
165,T147352,1076,0.5351,p2@ROPN1L-AS1,,h:39984,,ROPN1L-AS1,"ROPN1L antisense RNA 1","RNA, long non-coding"
166,T171530,1058,0.5256,p3@KIAA1549,e:57670,h:22219,"Q9HCM3,P15056",KIAA1549,KIAA1549,"gene with protein product"
167,T139980,1048,0.5217,p6@SETD7,e:80854,h:30412,Q8WTS6,SETD7,"SET domain containing lysine methyltransferase 7","gene with protein product"
168,T094609,1034,0.5157,p1@MPL,e:4352,h:7217,"F2Z2G9,P40238,Q5JUY5",MPL,"MPL proto-oncogene, thrombopoietin receptor","gene with protein product"
169,T118991,1032,0.5147,p2@STK36,e:27148,h:17209,"Q9NRP7,A8MU99,C9J1B8",STK36,"serine/threonine kinase 36","gene with protein product"
170,T129401,1015,0.5057,p7@MSL2,e:55167,h:25544,Q9HCI7,MSL2,"male-specific lethal 2 homolog (Drosophila)","gene with protein product"
171,T149431,1015,0.5057,p9@UBE2D2,e:7322,h:12475,"Q96RP6,P62837,D6RFM0",UBE2D2,"ubiquitin conjugating enzyme E2 D2","gene with protein product"
172,T100843,1010,0.5030,p3@L3MBTL1,e:26013,h:15905,Q9Y468,L3MBTL1,"l(3)mbt-like 1 (Drosophila)","gene with protein product"
173,T066937,1011,0.5030,p10@TPGS2,e:25941,h:24561,Q68CL5,TPGS2,"tubulin polyglutamylase complex subunit 2","gene with protein product"
174,T142975,986,0.4913,p7@MXD4,e:10608,h:13906,Q9BUD5,MXD4,"MAX dimerization protein 4","gene with protein product"
175,T013697,966,0.4804,p5@LMO2,e:4005,h:6642,P25791,LMO2,"LIM domain only 2","gene with protein product"
176,T043350,959,0.4783,p2@EIF2AK4,e:440275,h:19687,Q9P2K8,EIF2AK4,"eukaryotic translation initiation factor 2 alpha kinase 4","gene with protein product"
177,T182387,942,0.4687,p3@SHARPIN,e:81858,h:25321,"Q9H0F6,Q6PJD5",SHARPIN,"SHANK associated RH domain interactor","gene with protein product"
178,T086248,943,0.4682,p6@ACBD6,e:84320,h:23339,"B2RAA8,Q9BR61",ACBD6,"acyl-CoA binding domain containing 6","gene with protein product"
179,T177125,907,0.4524,p4@LAT2,e:7462,h:12749,Q9GZY6,LAT2,"linker for activation of T-cells family member 2","gene with protein product"
180,T182533,908,0.4517,p2@ZNF251,e:90987,h:13045,Q9BRH9,ZNF251,"zinc finger protein 251","gene with protein product"
181,T137746,889,0.4429,p8@C3orf38,e:285237,h:28384,Q5JPI3,C3orf38,"chromosome 3 open reading frame 38","gene with protein product"
182,T156596,880,0.4387,p2@LYSMD3,e:116068,h:26969,"G5E9N8,A8K613,Q7Z3D4",LYSMD3,"LysM domain containing 3","gene with protein product"
183,T048770,880,0.4380,p3@GSPT1,e:2935,h:4621,"P15170,E7EQZ3,Q96GF2,Q7KZX8",GSPT1,"G1 to S phase transition 1","gene with protein product"
184,T084711,869,0.4319,p1@DEDD,e:9191,h:2755,B4DKM1,DEDD,"death effector domain containing","gene with protein product"
185,T096371,867,0.4311,p8@TCTEX1D1,e:200132,h:26882,Q8N7M0,TCTEX1D1,"Tctex1 domain containing 1","gene with protein product"
186,T117790,856,0.4269,p14@CREB1,e:1385,h:2345,,CREB1,"cAMP responsive element binding protein 1","gene with protein product"
187,T002948,857,0.4268,p5@RPP38,e:10557,h:30329,Q5VUC3,RPP38,"ribonuclease P/MRP subunit p38","gene with protein product"
188,T082437,854,0.4257,p2@TDRKH,e:11022,h:11713,"B4DJ68,B7ZAG4,E9PQX4",TDRKH,"tudor and KH domain containing","gene with protein product"
189,T189296,853,0.4244,p3@MRRF,e:92399,h:7234,Q96E11,MRRF,"mitochondrial ribosome recycling factor","gene with protein product"
190,T096714,839,0.4176,p3@RABGGTB,e:5876,h:9796,Q5T4U8,RABGGTB,"Rab geranylgeranyltransferase beta subunit","gene with protein product"
191,T200337,829,0.4126,"p2@FAM156A,p2@FAM156B","e:29057,e:727866","h:30114,h:31962",,FAM156A,"family with sequence similarity 156 member A","gene with protein product"
192,T018217,828,0.4124,p18@EPS8L2,e:64787,h:21296,,EPS8L2,"EPS8 like 2","gene with protein product"
193,T196739,826,0.4118,p2@SEPT6,e:23157,h:15848,,SEPT6,"septin 6","gene with protein product"
194,T100020,826,0.4114,p3@NCOA6,e:23054,h:15936,Q14686,NCOA6,"nuclear receptor coactivator 6","gene with protein product"
195,T097938,823,0.4109,p6@DR1,e:1810,h:3017,Q01658,DR1,"down-regulator of transcription 1","gene with protein product"
196,T189536,820,0.4086,p8@ARPC5L,e:81873,h:23366,Q9BPX5,ARPC5L,"actin related protein 2/3 complex subunit 5 like","gene with protein product"
197,T097136,801,0.3987,p4@SAMD13,e:148418,h:24582,Q5VXD3,SAMD13,"sterile alpha motif domain containing 13","gene with protein product"
198,T111052,793,0.3953,p7@CHCHD5,e:84269,h:17840,,CHCHD5,"coiled-coil-helix-coiled-coil-helix domain containing 5","gene with protein product"
199,T083303,794,0.3952,p17@SCAMP3,e:10067,h:10565,,SCAMP3,"secretory carrier membrane protein 3","gene with protein product"
200,T192428,788,0.3924,p1@C9orf11,e:54586,h:1359,,EQTN,equatorin,"gene with protein product"
201,T161064,777,0.3875,p12@ARID1B,e:57492,h:18040,Q8NFD5,ARID1B,"AT-rich interaction domain 1B","gene with protein product"
202,T061805,775,0.3871,p6@ERN1,e:2081,h:3449,O75460,ERN1,"endoplasmic reticulum to nucleus signaling 1","gene with protein product"
203,T104385,756,0.3750,p5@C21orf7,e:56911,h:16457,,MAP3K7CL,"MAP3K7 C-terminal like","gene with protein product"
204,T118630,747,0.3704,p3@SMARCAL1,e:50485,h:11102,C9JS37,SMARCAL1,"SWI/SNF related, matrix associated, actin dependent regulator of chromatin, subfamily a like 1","gene with protein product"
205,T094711,726,0.3608,p10@CCDC24,e:149473,h:28688,,CCDC24,"coiled-coil domain containing 24","gene with protein product"
206,T201267,722,0.3603,p5@CYSLTR1,e:10800,h:17451,Q9Y271,CYSLTR1,"cysteinyl leukotriene receptor 1","gene with protein product"
207,T002189,722,0.3597,p8@CTBP2,e:1488,h:2495,,CTBP2,"C-terminal binding protein 2","gene with protein product"
208,T155849,710,0.3538,p4@CRHBP,e:1393,h:2356,D6RHH7,CRHBP,"corticotropin releasing hormone binding protein","gene with protein product"
209,T073790,706,0.3514,p2@PSMD8,e:5714,h:9566,P48556,PSMD8,"proteasome 26S subunit, non-ATPase 8","gene with protein product"
210,T068222,705,0.3511,p4@TNFRSF11A,e:8792,h:11908,,TNFRSF11A,"TNF receptor superfamily member 11a","gene with protein product"
211,T061821,700,0.3490,p3@TEX2,e:55852,h:30884,Q8IWB9,TEX2,"testis expressed 2","gene with protein product"
212,T082248,701,0.3486,p2@SETDB1,e:9869,h:10761,,SETDB1,"SET domain bifurcated 1","gene with protein product"
213,T104217,697,0.3468,p2@ATP5J,e:522,h:847,"P18859,Q6IB54,Q6NZ59",ATP5J,"ATP synthase, H+ transporting, mitochondrial Fo complex subunit F6","gene with protein product"
214,T193643,694,0.3463,p10@KANK1,e:23189,h:19309,A2A2W8,KANK1,"KN motif and ankyrin repeat domains 1","gene with protein product"
215,T071291,683,0.3405,p5@FCHO1,e:23149,h:29002,"O14526,B4E120",FCHO1,"FCH domain only 1","gene with protein product"
216,T040062,673,0.3353,p10@SRSF5,e:6430,h:10787,,SRSF5,"serine and arginine rich splicing factor 5","gene with protein product"
217,T144915,671,0.3340,p13@PCGF3,e:10336,h:10066,,PCGF3,"polycomb group ring finger 3","gene with protein product"
218,T123543,668,0.3325,p5@PSME4,e:23198,h:20635,"F8WBH5,Q14997",PSME4,"proteasome activator subunit 4","gene with protein product"
219,T003485,668,0.3325,p1@SPAG6,e:9576,h:11215,"O75602,B4DXZ4",SPAG6,"sperm associated antigen 6","gene with protein product"
220,T124198,667,0.3323,p4@WDPCP,e:51057,h:28027,,WDPCP,"WD repeat containing planar cell polarity effector","gene with protein product"
221,T023397,665,0.3318,p2@H2AFJ,e:55766,h:14456,Q9BTM1,H2AFJ,"H2A histone family member J","gene with protein product"
222,T024093,659,0.3277,p28@BCAT1,e:586,h:976,,BCAT1,"branched chain amino acid transaminase 1","gene with protein product"
223,T039059,657,0.3272,p1@TOMM20L,e:387990,h:33752,"Q6UXN7,G3V4A4",TOMM20L,"translocase of outer mitochondrial membrane 20 like","gene with protein product"
224,T046617,655,0.3265,p1@SIN3A,e:25942,h:19353,Q96ST3,SIN3A,"SIN3 transcription regulator family member A","gene with protein product"
225,T108461,655,0.3259,p12@MPST,e:4357,h:7223,P25325,MPST,"mercaptopyruvate sulfurtransferase","gene with protein product"
226,T073467,652,0.3242,p6@THAP8,e:199745,h:23191,Q8NA92,THAP8,"THAP domain containing 8","gene with protein product"
227,T101846,647,0.3221,p2@DDX27,e:55661,h:15837,Q96GQ7,DDX27,"DEAD-box helicase 27","gene with protein product"
228,T165225,640,0.3190,p5@STK38,e:11329,h:17847,Q15208,STK38,"serine/threonine kinase 38","gene with protein product"
229,T017352,605,0.3016,p1@CCDC87,e:55231,h:25579,Q9NVE4,CCDC87,"coiled-coil domain containing 87","gene with protein product"
230,T171503,597,0.2969,p1@SVOPL,e:136306,h:27034,,SVOPL,"SVOP like","gene with protein product"
231,T000688,594,0.2960,p1@OBFC1,e:79991,h:26200,Q9H668,STN1,"STN1, CST complex subunit","gene with protein product"
232,T088720,593,0.2952,p16@FAIM3,e:9214,h:14315,,FCMR,"Fc fragment of IgM receptor","gene with protein product"
233,T200650,590,0.2932,p5@ZC4H2,e:55906,h:24931,Q9NQZ6,ZC4H2,"zinc finger C4H2-type containing","gene with protein product"
234,T164044,586,0.2920,p2@AIF1,e:199,h:352,Q9UIV4,AIF1,"allograft inflammatory factor 1","gene with protein product"
235,T126749,585,0.2913,p3@TMEM111,e:55831,h:23999,,EMC3,"ER membrane protein complex subunit 3","gene with protein product"
236,T020453,584,0.2907,p4@APPL2,e:55198,h:18242,Q8NEU8,APPL2,"adaptor protein, phosphotyrosine interacting with PH domain and leucine zipper 2","gene with protein product"
237,T189553,578,0.2878,p2@SCAI,e:286205,h:26709,Q8N9R8,SCAI,"suppressor of cancer cell invasion","gene with protein product"
238,T193577,573,0.2859,p15@KDM4C,e:23081,h:17071,,KDM4C,"lysine demethylase 4C","gene with protein product"
239,T072175,573,0.2852,p1@ZNF98,e:148198,h:13174,A6NK75,ZNF98,"zinc finger protein 98","gene with protein product"
240,T062832,571,0.2844,p3@GPRC5C,e:55890,h:13309,,GPRC5C,"G protein-coupled receptor class C group 5 member C","gene with protein product"
241,T149433,571,0.2837,p8@UBE2D2,e:7322,h:12475,D6RFM0,UBE2D2,"ubiquitin conjugating enzyme E2 D2","gene with protein product"
242,T080250,564,0.2805,p9@AMPD2,e:271,h:469,,AMPD2,"adenosine monophosphate deaminase 2","gene with protein product"
243,T198147,560,0.2785,p3@ZNF275,e:10838,h:13069,A6NFS0,ZNF275,"zinc finger protein 275","gene with protein product"
244,T106699,553,0.2757,p2@KLHL22,e:84861,h:25888,,KLHL22,"kelch like family member 22","gene with protein product"
245,T186048,550,0.2740,p1@C8orf45,e:157777,h:26368,"F8WCM6,G3XAN3",MCMDC2,"minichromosome maintenance domain containing 2","gene with protein product"
246,T124845,521,0.2596,p17@C2orf42,e:54980,h:26056,C9JKD5,C2orf42,"chromosome 2 open reading frame 42","gene with protein product"
247,T030008,519,0.2585,p1@POC1B-GALNT4,e:100528030,h:42957,F8VUJ3,POC1B-GALNT4,"POC1B-GALNT4 readthrough",readthrough
248,T094195,513,0.2559,p10@MACF1,e:23499,h:13664,E9PS75,MACF1,"microtubule-actin crosslinking factor 1","gene with protein product"
249,T036070,501,0.2489,p2@IGHJ1,,h:5532,,IGHJ1,"immunoglobulin heavy joining 1","immunoglobulin gene"
250,T027424,495,0.2471,p9@ARHGAP9,e:64333,h:14130,F8VW89,ARHGAP9,"Rho GTPase activating protein 9","gene with protein product"
251,T072174,493,0.2450,p2@ZNF98,e:148198,h:13174,A6NK75,ZNF98,"zinc finger protein 98","gene with protein product"
252,T130889,493,0.2450,p26@CCNL1,e:57018,h:20569,,CCNL1,"cyclin L1","gene with protein product"
253,T113891,491,0.2445,p7@BAZ2B,e:29994,h:963,,BAZ2B,"bromodomain adjacent to zinc finger domain 2B","gene with protein product"
254,T140346,483,0.2404,p3@SLC10A7,e:84068,h:23088,,SLC10A7,"solute carrier family 10 member 7","gene with protein product"
255,T020137,477,0.2368,p6@CCDC53,e:51019,h:24256,,WASHC3,"WASH complex subunit 3","gene with protein product"
256,T175380,470,0.2345,p7@CDK13,e:8621,h:1733,"Q14004,Q9BVE2",CDK13,"cyclin dependent kinase 13","gene with protein product"
257,T020538,471,0.2344,p2@TCP11L2,e:255394,h:28627,"Q8N4U5,G3V1Y9",TCP11L2,"t-complex 11 like 2","gene with protein product"
258,T157616,468,0.2331,p1@SESN1,e:27244,h:21595,Q9Y6P5,SESN1,"sestrin 1","gene with protein product"
259,T156577,468,0.2325,p3@CETN3,e:1070,h:1868,E5RFM2,CETN3,"centrin 3","gene with protein product"
260,T164021,465,0.2316,p7@LST1,e:7940,h:14189,Q5HYT5,LST1,"leukocyte specific transcript 1","gene with protein product"
261,T144530,460,0.2293,p1@SPINK2,e:6691,h:11245,"P20155,D6RC51,D6RI10,Q6FGH2",SPINK2,"serine peptidase inhibitor, Kazal type 2","gene with protein product"
262,T050904,458,0.2280,p8@ZNF768,e:79724,h:26273,B7Z2Y7,ZNF768,"zinc finger protein 768","gene with protein product"
263,T072840,455,0.2265,p4@C19orf77,e:284422,h:37244,O75264,SMIM24,"small integral membrane protein 24","gene with protein product"
264,T147157,454,0.2260,p3@METAP1,e:23173,h:15789,P53582,METAP1,"methionyl aminopeptidase 1","gene with protein product"
265,T164052,449,0.2235,p3@PRRC2A,e:7916,h:13918,"C9JXZ3,C9JTM3,P48634",PRRC2A,"proline rich coiled-coil 2A","gene with protein product"
266,T006344,449,0.2229,p1@TYSND1,e:219743,h:28531,,TYSND1,"trypsin domain containing 1","gene with protein product"
267,T136901,439,0.2191,p11@THOC7,e:80145,h:29874,,THOC7,"THO complex 7","gene with protein product"
268,T108745,439,0.2191,p7@PLA2G6,e:8398,h:9039,,PLA2G6,"phospholipase A2 group VI","gene with protein product"
269,T146344,438,0.2181,p5@SEC31A,e:22872,h:17052,O94979,SEC31A,"SEC31 homolog A, COPII coat complex component","gene with protein product"
270,T157758,435,0.2161,p3@AMD1,e:262,h:457,,AMD1,"adenosylmethionine decarboxylase 1","gene with protein product"
271,T108864,433,0.2160,p13@JOSD1,e:9929,h:28953,B0QY55,JOSD1,"Josephin domain containing 1","gene with protein product"
272,T132483,432,0.2152,p8@SATB1,e:6304,h:10541,,SATB1,"SATB homeobox 1","gene with protein product"
273,T091822,421,0.2098,p3@PNRC2,"e:100505603,e:55629",h:23158,,PNRC2,"proline rich nuclear receptor coactivator 2","gene with protein product"
274,T190715,415,0.2071,p1@C9orf9,e:11092,h:1367,Q96E40,SPACA9,"sperm acrosome associated 9","gene with protein product"
275,T084866,403,0.2013,p6@ATF6,e:22926,h:791,"A8K383,P18850",ATF6,"activating transcription factor 6","gene with protein product"
276,T000094,400,0.1992,p2@ERLIN1,e:10613,h:16947,"D3DR65,O75477",ERLIN1,"ER lipid raft associated 1","gene with protein product"
277,T178838,399,0.1982,p2@ZKSCAN5,e:23660,h:12867,Q9Y2L8,ZKSCAN5,"zinc finger with KRAB and SCAN domains 5","gene with protein product"
278,T173141,395,0.1970,p2@RNF32,e:140545,h:17118,Q9H0A6,RNF32,"ring finger protein 32","gene with protein product"
279,T090138,395,0.1962,p4@AIDA,e:64853,h:25761,,AIDA,"axin interactor, dorsalization associated","gene with protein product"
280,T141192,391,0.1942,p5@C4orf46,e:201725,h:27320,Q504U0,C4orf46,"chromosome 4 open reading frame 46","gene with protein product"
281,T109469,384,0.1912,p2@PACSIN2,e:11252,h:8571,Q9UNF0,PACSIN2,"protein kinase C and casein kinase substrate in neurons 2","gene with protein product"
282,T142162,378,0.1881,p2@NCAPG,e:64151,h:24304,Q9BPX3,NCAPG,"non-SMC condensin I complex subunit G","gene with protein product"
283,T080891,371,0.1849,p1@SYCP1,e:6847,h:11487,Q5VXJ5,SYCP1,"synaptonemal complex protein 1","gene with protein product"
284,T077283,362,0.1798,p2@KLK11,e:11012,h:6359,Q9UBX7,KLK11,"kallikrein related peptidase 11","gene with protein product"
285,T135515,358,0.1784,p5@PRKAR2A,e:5576,h:9391,Q9BUB1,PRKAR2A,"protein kinase cAMP-dependent type II regulatory subunit alpha","gene with protein product"
286,T103289,356,0.1777,p1@TCFL5,e:10732,h:11646,"F8W9A4,Q9UL49,Q86TP4",TCFL5,"transcription factor like 5","gene with protein product"
287,T025910,356,0.1774,p4@POU6F1,e:5463,h:9224,Q14863,POU6F1,"POU class 6 homeobox 1","gene with protein product"
288,T117074,340,0.1692,p4@C2orf69,e:205327,h:26799,,C2orf69,"chromosome 2 open reading frame 69","gene with protein product"
289,T121361,339,0.1687,p2@DNAJC27,e:51277,h:30290,,DNAJC27,"DnaJ heat shock protein family (Hsp40) member C27","gene with protein product"
290,T143688,336,0.1674,p3@KLB,e:152831,h:15527,B4DYH5,KLB,"klotho beta","gene with protein product"
291,T074307,333,0.1664,p3@C19orf47,e:126526,h:26723,Q8N9M1,C19orf47,"chromosome 19 open reading frame 47","gene with protein product"
292,T080090,335,0.1662,p4@HENMT1,e:113802,h:26400,Q5T8I9,HENMT1,"HEN1 methyltransferase homolog 1","gene with protein product"
293,T080672,330,0.1643,p3@CAPZA1,e:829,h:1488,P52907,CAPZA1,"capping actin protein of muscle Z-line alpha subunit 1","gene with protein product"
294,T086548,328,0.1630,p5@SMG7,e:9887,h:16792,"E9PCE5,B4DRB2,E9PCI0,Q92540,Q6TV06,E9PEH2",SMG7,"SMG7, nonsense mediated mRNA decay factor","gene with protein product"
295,T094514,317,0.1580,p1@ZMYND12,e:84217,h:21192,,ZMYND12,"zinc finger MYND-type containing 12","gene with protein product"
296,T004968,310,0.1542,p2@AKR1E2,e:83592,h:23437,G3V1C1,AKR1E2,"aldo-keto reductase family 1 member E2","gene with protein product"
297,T088934,309,0.1540,p2@CD34,e:947,h:1662,P28906,CD34,"CD34 molecule","gene with protein product"
298,T196622,308,0.1535,p3@KLHL13,e:90293,h:22931,,KLHL13,"kelch like family member 13","gene with protein product"
299,T121347,304,0.1512,p3@PTRHD1,e:391356,h:33782,,PTRHD1,"peptidyl-tRNA hydrolase domain containing 1","gene with protein product"
300,T029871,299,0.1486,p10@RIMKLB,e:57494,h:29228,F5H552,RIMKLB,"ribosomal modification protein rimK like family member B","gene with protein product"
301,T036098,296,0.1473,p1@KIAA0125,e:9834,h:19955,Q05DB7,FAM30A,"family with sequence similarity 30, member A","RNA, long non-coding"
302,T071597,289,0.1441,p4@FKBP8,e:23770,h:3724,B7Z6M0,FKBP8,"FK506 binding protein 8","gene with protein product"
303,T003662,289,0.1437,p2@THNSL1,e:79896,h:26160,"Q8IYQ7,Q9H6P9",THNSL1,"threonine synthase like 1","gene with protein product"
304,T035838,287,0.1429,p3@PACS2,e:23241,h:23794,Q86VP3,PACS2,"phosphofurin acidic cluster sorting protein 2","gene with protein product"
305,T018085,286,0.1426,p2@LRTOMT,e:220074,h:25033,F5H6F7,LRTOMT,"leucine rich transmembrane and O-methyltransferase domain containing","gene with protein product"
306,T160724,286,0.1424,p7@ESR1,e:2099,h:3467,"Q5T5H8,P03372",ESR1,"estrogen receptor 1","gene with protein product"
307,T127816,286,0.1423,p2@IGSF11-AS1,,h:40777,,IGSF11-AS1,"IGSF11 antisense RNA 1","RNA, long non-coding"
308,T143689,281,0.1400,p7@KLB,e:152831,h:15527,B4DYH5,KLB,"klotho beta","gene with protein product"
309,T120119,279,0.1391,p12@PTMA,"e:100506248,e:5757,e:728026",h:9623,,PTMA,"prothymosin, alpha","gene with protein product"
310,T036069,279,0.1391,p1@IGHJ1,,h:5532,,IGHJ1,"immunoglobulin heavy joining 1","immunoglobulin gene"
311,T046698,278,0.1386,p3@SCAPER,e:49855,h:13081,"Q9BY12,Q6NSF1",SCAPER,"S-phase cyclin A associated protein in the ER","gene with protein product"
312,T144239,267,0.1328,p2@CYTL1,e:54360,h:24435,Q9NRR1,CYTL1,"cytokine like 1","gene with protein product"
313,T068235,262,0.1307,p3@ZCCHC2,e:54877,h:22916,"Q9C0B9,Q9BRD4",ZCCHC2,"zinc finger CCHC-type containing 2","gene with protein product"
314,T196730,258,0.1284,p5@SEPT6,e:23157,h:15848,,SEPT6,"septin 6","gene with protein product"
315,T070775,256,0.1273,p3@PCSK4,e:54760,h:8746,"Q6UW60,B3KQ28",PCSK4,"proprotein convertase subtilisin/kexin type 4","gene with protein product"
316,T014125,248,0.1237,p2@NUP98,e:4928,h:8068,P52948,NUP98,"nucleoporin 98","gene with protein product"
317,T193139,247,0.1233,p15@RNF38,e:152006,h:18052,Q9H0F5,RNF38,"ring finger protein 38","gene with protein product"
318,T153585,241,0.1200,p8@NPR3,e:4883,h:7945,"P17342,Q60I31,A8K4A5",NPR3,"natriuretic peptide receptor 3","gene with protein product"
319,T001801,227,0.1129,p2@CDC123,e:8872,h:16827,O75794,CDC123,"cell division cycle 123","gene with protein product"
320,T076400,226,0.1125,p1@SPACA4,e:171169,h:16441,Q8TDM5,SPACA4,"sperm acrosome associated 4","gene with protein product"
321,T042056,225,0.1117,p2@SETD3,e:84193,h:20493,Q6NXR6,SETD3,"SET domain containing 3","gene with protein product"
322,T001186,223,0.1112,p5@ZDHHC6,e:64429,h:19160,,ZDHHC6,"zinc finger DHHC-type containing 6","gene with protein product"
323,T199994,215,0.1070,p3@ZNF81,e:347344,h:13156,P51508,ZNF81,"zinc finger protein 81","gene with protein product"
324,T124201,214,0.1068,p8@WDPCP,e:51057,h:28027,F8WBT2,WDPCP,"WD repeat containing planar cell polarity effector","gene with protein product"
325,T166049,214,0.1067,p1@LRRC73,e:221424,h:21375,Q5JTD7,LRRC73,"leucine rich repeat containing 73","gene with protein product"
326,T128565,212,0.1057,p1@C3orf22,e:152065,h:28534,Q8N5N4,C3orf22,"chromosome 3 open reading frame 22","gene with protein product"
327,T140189,212,0.1055,p7@INPP4B,e:8821,h:6075,O15327,INPP4B,"inositol polyphosphate-4-phosphatase type II B","gene with protein product"
328,T080091,205,0.1019,p1@HENMT1,e:113802,h:26400,,HENMT1,"HEN1 methyltransferase homolog 1","gene with protein product"
329,T143511,201,0.1001,p10@ARAP2,e:116984,h:16924,"A7E2A5,Q8WZ64",ARAP2,"ArfGAP with RhoGAP domain, ankyrin repeat and PH domain 2","gene with protein product"
330,T024345,199,0.0990,p1@CACNA1C-AS1,,h:40119,,CACNA1C-AS1,"CACNA1C antisense RNA 1","RNA, long non-coding"
331,T004415,197,0.0982,p14@CREM,e:1390,h:2352,"C9J785,C9J2J0,C9J5A7,Q03060",CREM,"cAMP responsive element modulator","gene with protein product"
332,T165551,195,0.0970,p2@SAYSD1,e:55776,h:21025,Q9NPB0,SAYSD1,"SAYSVFN motif domain containing 1","gene with protein product"
333,T050692,193,0.0961,p1@KCTD13,e:253980,h:22234,Q8WZ19,KCTD13,"potassium channel tetramerization domain containing 13","gene with protein product"
334,T172227,189,0.0943,p3@EPHA1,e:2041,h:3385,,EPHA1,"EPH receptor A1","gene with protein product"
335,T160283,189,0.0942,p5@RAB32,e:10981,h:9772,Q13637,RAB32,"RAB32, member RAS oncogene family","gene with protein product"
336,T133686,186,0.0926,p2@PP2D1,,h:28406,,PP2D1,"protein phosphatase 2C like domain containing 1","gene with protein product"
337,T147728,185,0.0921,p2@TSSK1B,e:83942,h:14968,"Q9BXA7,A0ZT98",TSSK1B,"testis specific serine kinase 1B","gene with protein product"
338,T082295,184,0.0917,p1@C1orf56,e:54964,h:26045,Q9BUN1,C1orf56,"chromosome 1 open reading frame 56","gene with protein product"
339,T056831,182,0.0906,p4@GIT1,e:28964,h:4272,Q9Y2X7,GIT1,"GIT ArfGAP 1","gene with protein product"
340,T036072,182,0.0904,p1@IGHD7-27,,h:5518,,IGHD7-27,"immunoglobulin heavy diversity 7-27","immunoglobulin gene"
341,T040099,181,0.0902,p7@SLC8A3,e:6547,h:11070,"Q96QG2,P57103,Q96QG1",SLC8A3,"solute carrier family 8 member A3","gene with protein product"
342,T154375,181,0.0902,p4@EMB,e:133418,h:30465,D6RDX7,EMB,embigin,"gene with protein product"
343,T166054,180,0.0897,p4@YIPF3,e:25844,h:21023,D6RBQ1,YIPF3,"Yip1 domain family member 3","gene with protein product"
344,T022458,179,0.0892,p4@CDK2AP1,e:8099,h:14002,O14519,CDK2AP1,"cyclin dependent kinase 2 associated protein 1","gene with protein product"
345,T131093,174,0.0867,p29@SCHIP1,e:29970,h:15678,C9JWG6,SCHIP1,"schwannomin interacting protein 1","gene with protein product"
346,T130348,165,0.0821,p11@TSC22D2,e:9819,h:29095,O75157,TSC22D2,"TSC22 domain family member 2","gene with protein product"
347,T080152,162,0.0807,p2@C1orf194,e:127003,h:32331,"E9PLX1,Q5T5A4",C1orf194,"chromosome 1 open reading frame 194","gene with protein product"
348,T164106,160,0.0797,p10@CSNK2B,e:1460,h:2460,P67870,CSNK2B,"casein kinase 2 beta","gene with protein product"
349,T079389,153,0.0762,p10@MIR3187,e:79948,h:38319,Q6T4P5,MIR3187,"microRNA 3187","RNA, micro"
350,T134149,148,0.0738,p4@CMTM7,e:112616,h:19178,Q5VLK1,CMTM7,"CKLF like MARVEL transmembrane domain containing 7","gene with protein product"
351,T122994,147,0.0732,p2@THADA,e:63892,h:19217,"Q6YHU6,Q8IY32",THADA,"THADA, armadillo repeat containing","gene with protein product"
352,T078801,146,0.0727,p1@ACSBG2,e:81616,h:24174,Q5FVE4,ACSBG2,"acyl-CoA synthetase bubblegum family member 2","gene with protein product"
353,T011761,145,0.0722,p2@ZBTB44,e:29068,h:25001,Q8NCP5,ZBTB44,"zinc finger and BTB domain containing 44","gene with protein product"
354,T179043,144,0.0716,p11@COX6C,e:1345,h:2285,,COX6C,"cytochrome c oxidase subunit 6C","gene with protein product"
355,T129654,142,0.0708,p2@SPSB4,e:92369,h:30630,,SPSB4,"splA/ryanodine receptor domain and SOCS box containing 4","gene with protein product"
356,T017353,140,0.0699,p2@CCDC87,e:55231,h:25579,Q9NVE4,CCDC87,"coiled-coil domain containing 87","gene with protein product"
357,T201380,139,0.0691,p5@ZNF711,e:7552,h:13128,"Q9Y462,Q6PK66",ZNF711,"zinc finger protein 711","gene with protein product"
358,T062759,137,0.0683,p3@YBX2,e:51087,h:17948,Q9Y2T7,YBX2,"Y-box binding protein 2","gene with protein product"
359,T094756,136,0.0678,p12@RNF220,e:55182,h:25552,B4DLZ9,RNF220,"ring finger protein 220","gene with protein product"
360,T134440,136,0.0676,p2@ITGA9,e:3680,h:6145,E9PDS3,ITGA9,"integrin subunit alpha 9","gene with protein product"
361,T044793,134,0.0667,p3@TEX9,e:374618,h:29585,,TEX9,"testis expressed 9","gene with protein product"
362,T086377,133,0.0663,p5@GLUL,e:2752,h:4341,P15104,GLUL,"glutamate-ammonia ligase","gene with protein product"
363,T080155,132,0.0659,p6@KIAA1324,e:57535,h:29618,"E9PLY8,B4DWM4,Q6UXG2",KIAA1324,KIAA1324,"gene with protein product"
364,T160523,132,0.0657,p3@C6orf72,e:116254,h:21074,E9PD97,GINM1,"glycoprotein integral membrane 1","gene with protein product"
365,T024047,130,0.0646,p1@LINC00477,e:144360,h:26557,Q96M19,LINC00477,"long intergenic non-protein coding RNA 477","RNA, long non-coding"
366,T126652,125,0.0623,p5@TSGA10,e:80705,h:14927,Q9BZW7,TSGA10,"testis specific 10","gene with protein product"
367,T051727,124,0.0617,p1@C16orf71,e:146562,h:25081,F5H059,C16orf71,"chromosome 16 open reading frame 71","gene with protein product"
368,T107900,123,0.0613,p2@EIF4ENIF1,e:56478,h:16687,Q9NRA8,EIF4ENIF1,"eukaryotic translation initiation factor 4E nuclear import factor 1","gene with protein product"
369,T001907,122,0.0608,p5@CAMK1D,e:57118,h:19341,,CAMK1D,"calcium/calmodulin dependent protein kinase ID","gene with protein product"
370,T100411,122,0.0606,p2@C20orf132,e:140699,h:16125,"Q9H579,Q0P682,Q6PF12",MROH8,"maestro heat like repeat family member 8","gene with protein product"
371,T152596,121,0.0603,p9@RNF44,e:22838,h:19180,,RNF44,"ring finger protein 44","gene with protein product"
372,T032433,120,0.0597,p9@UBL3,e:5412,h:12504,O95164,UBL3,"ubiquitin like 3","gene with protein product"
373,T187574,119,0.0593,p7@MSRA,e:4482,h:7377,E5RIA9,MSRA,"methionine sulfoxide reductase A","gene with protein product"
374,T132251,119,0.0592,p3@MCF2L2,e:23101,h:30319,Q86YR7,MCF2L2,"MCF.2 cell line derived transforming sequence-like 2","gene with protein product"
375,T117425,118,0.0587,p6@BMPR2,e:659,h:1078,Q13873,BMPR2,"bone morphogenetic protein receptor type 2","gene with protein product"
376,T111578,117,0.0584,p6@LPIN1,e:23175,h:13345,"A8MU38,E7ESE7,D6W506",LPIN1,"lipin 1","gene with protein product"
377,T036417,117,0.0581,p6@ARHGEF40,e:55701,h:25516,Q8TER5,ARHGEF40,"Rho guanine nucleotide exchange factor 40","gene with protein product"
378,T094881,115,0.0572,p2@MMACHC,e:25974,h:24525,Q9Y4U1,MMACHC,"methylmalonic aciduria (cobalamin deficiency) cblC type, with homocystinuria","gene with protein product"
379,T088288,114,0.0569,p3@PLEKHA6,e:22874,h:17053,"Q9Y2H5,Q5VTI5,Q96FR0",PLEKHA6,"pleckstrin homology domain containing A6","gene with protein product"
380,T162448,113,0.0564,p4@MBOAT1,e:154141,h:21579,Q6ZNC8,MBOAT1,"membrane bound O-acyltransferase domain containing 1","gene with protein product"
381,T065973,112,0.0559,p6@C18orf1,e:753,h:1224,,LDLRAD4,"low density lipoprotein receptor class A domain containing 4","gene with protein product"
382,T191463,105,0.0524,p1@FBXW5,e:54461,h:13613,"Q969U6,Q5SQ00",FBXW5,"F-box and WD repeat domain containing 5","gene with protein product"
383,T136514,103,0.0514,p6@ARHGEF3,e:50650,h:683,Q9NR81,ARHGEF3,"Rho guanine nucleotide exchange factor 3","gene with protein product"
384,T175190,102,0.0508,p18@ELMO1,e:9844,h:16286,"A4D1X5,Q92556",ELMO1,"engulfment and cell motility 1","gene with protein product"
385,T078475,102,0.0508,p5@TMEM146,e:257062,h:28598,"F5GZE9,Q86XM0,B7WNK5",CATSPERD,"cation channel sperm associated auxiliary subunit delta","gene with protein product"
386,T184486,100,0.0498,p2@LSM1,e:27257,h:20472,O15116,LSM1,"LSM1 homolog, mRNA degradation associated","gene with protein product"
387,T172886,99,0.0494,p1@GALNTL5,e:168391,h:21725,D3DX14,GALNTL5,"polypeptide N-acetylgalactosaminyltransferase-like 5","gene with protein product"
388,T187624,99,0.0494,p1@OSR2,e:116039,h:15830,"Q8N2R0,E5RH04",OSR2,"odd-skipped related transciption factor 2","gene with protein product"
389,T013552,99,0.0493,p10@WT1,e:7490,h:12796,,WT1,"Wilms tumor 1","gene with protein product"
390,T168422,97,0.0483,p5@BACH2,e:60468,h:14078,Q9BYV9,BACH2,"BTB domain and CNC homolog 2","gene with protein product"
391,T016426,97,0.0483,p2@GPR137,e:56834,h:24300,"F5H1T3,Q96N19",GPR137,"G protein-coupled receptor 137","gene with protein product"
392,T008701,96,0.0479,p1@C10orf62,e:414157,h:23294,,C10orf62,"chromosome 10 open reading frame 62","gene with protein product"
393,T112004,93,0.0464,p15@LIMS2,e:55679,h:16084,,LIMS2,"LIM zinc finger domain containing 2","gene with protein product"
394,T041453,92,0.0458,p21@FBLN5,e:10516,h:3602,G3V3Y2,FBLN5,"fibulin 5","gene with protein product"
395,T030413,90,0.0450,p1@CRADD,e:8738,h:2340,"P78560,F8VV49,F8VVY5,Q53XL1",CRADD,"CASP2 and RIPK1 domain containing adaptor with death domain","gene with protein product"
396,T080604,90,0.0449,p6@ADORA3,e:140,h:268,"E9PER0,Q5QNY7,Q6P2N6",ADORA3,"adenosine A3 receptor","gene with protein product"
397,T062760,89,0.0443,p1@YBX2,e:51087,h:17948,Q9Y2T7,YBX2,"Y-box binding protein 2","gene with protein product"
398,T090336,88,0.0438,p36@WDR26,e:80232,h:21208,C9JCS7,WDR26,"WD repeat domain 26","gene with protein product"
399,T040712,88,0.0438,p11@ANGEL1,e:23357,h:19961,,ANGEL1,"angel homolog 1","gene with protein product"
400,T039162,88,0.0438,p4@DHRS7,e:51635,h:21524,F8W9Q4,DHRS7,"dehydrogenase/reductase 7","gene with protein product"
401,T097732,87,0.0434,p9@SLC2A5,e:6518,h:11010,,SLC2A5,"solute carrier family 2 member 5","gene with protein product"
402,T050382,86,0.0429,p2@CCDC101,e:112869,h:25156,Q96ES7,SGF29,"SAGA complex associated factor 29","gene with protein product"
403,T047926,85,0.0424,p11@MAN2A2,e:4122,h:6825,,MAN2A2,"mannosidase alpha class 2A member 2","gene with protein product"
404,T156838,84,0.0419,p1@SPATA9,e:83890,h:22988,Q9BWV2,SPATA9,"spermatogenesis associated 9","gene with protein product"
405,T159539,82,0.0408,p5@RANBP9,e:10048,h:13727,Q96S59,RANBP9,"RAN binding protein 9","gene with protein product"
406,T188837,80,0.0398,p14@DFNB31,e:25861,h:16361,"B9EGE6,Q9P202",WHRN,whirlin,"gene with protein product"
407,T133040,78,0.0388,p4@IL1RAP,e:3556,h:5995,"Q9NPH3,A8K6K4",IL1RAP,"interleukin 1 receptor accessory protein","gene with protein product"
408,T018202,78,0.0388,p7@STARD10,e:10809,h:10666,"F5GWK5,F5H8G1",STARD10,"StAR related lipid transfer domain containing 10","gene with protein product"
409,T161065,76,0.0378,p13@ARID1B,e:57492,h:18040,Q8NFD5,ARID1B,"AT-rich interaction domain 1B","gene with protein product"
410,T058737,74,0.0369,p1@CYB5D2,e:124936,h:28471,,CYB5D2,"cytochrome b5 domain containing 2","gene with protein product"
411,T165489,70,0.0349,p5@ZFAND3,e:60685,h:18019,Q9H8U3,ZFAND3,"zinc finger AN1-type containing 3","gene with protein product"
412,T056284,69,0.0343,p2@DHRS7B,e:25979,h:24547,Q6IAN0,DHRS7B,"dehydrogenase/reductase 7B","gene with protein product"
413,T056290,67,0.0334,p2@TMEM11,e:8834,h:16823,P17152,TMEM11,"transmembrane protein 11","gene with protein product"
414,T062168,67,0.0334,p1@AMZ2,e:51321,h:28041,,AMZ2,"archaelysin family metallopeptidase 2","gene with protein product"
415,T146038,67,0.0334,p3@GK2,e:2712,h:4291,Q14410,GK2,"glycerol kinase 2","gene with protein product"
416,T093007,67,0.0333,p3@FAM76A,e:199870,h:28530,"Q8TAV0,B4DWT3",FAM76A,"family with sequence similarity 76 member A","gene with protein product"
417,T027238,66,0.0329,p5@NACA,e:4666,h:7629,"E9PAV3,B2R4P8,Q13765,F8VU71",NACA,"nascent polypeptide-associated complex alpha subunit","gene with protein product"
418,T070773,66,0.0328,p1@PCSK4,e:54760,h:8746,B3KQ28,PCSK4,"proprotein convertase subtilisin/kexin type 4","gene with protein product"
419,T068584,65,0.0324,p5@RTTN,e:25914,h:18654,"Q86VV8,C9JTR3",RTTN,rotatin,"gene with protein product"
420,T041450,65,0.0324,p8@FBLN5,e:10516,h:3602,G3V2P8,FBLN5,"fibulin 5","gene with protein product"
421,T059082,65,0.0323,p2@G6PC3,e:92579,h:24861,Q9BUM1,G6PC3,"glucose-6-phosphatase catalytic subunit 3","gene with protein product"
422,T095016,64,0.0319,p1@ATPAF1-AS1,e:374973,h:29589,"C9W8M6,Q6PEX7",TEX38,"testis expressed 38","gene with protein product"
423,T061410,64,0.0319,p7@USP32,e:84669,h:19143,Q8NFA0,USP32,"ubiquitin specific peptidase 32","gene with protein product"
424,T133827,63,0.0314,p10@UBE2E1,e:7324,h:12477,C9J8K2,UBE2E1,"ubiquitin conjugating enzyme E2 E1","gene with protein product"
425,T016641,63,0.0313,p3@EHD1,e:10938,h:3242,,EHD1,"EH domain containing 1","gene with protein product"
426,T035460,62,0.0309,p1@ZNF839,e:55778,h:20345,"B5MDX1,A8K0R7",ZNF839,"zinc finger protein 839","gene with protein product"
427,T193576,62,0.0309,p14@KDM4C,e:23081,h:17071,,KDM4C,"lysine demethylase 4C","gene with protein product"
428,T058600,62,0.0309,p2@KLHL11,e:55175,h:19008,Q9NVR0,KLHL11,"kelch like family member 11","gene with protein product"
429,T033980,62,0.0308,p1@OR7E104P,e:81137,h:15343,,OR7E104P,"olfactory receptor family 7 subfamily E member 104 pseudogene",pseudogene
430,T129070,60,0.0299,p8@ATP2C1,e:27032,h:13211,,ATP2C1,"ATPase secretory pathway Ca2+ transporting 1","gene with protein product"
431,T150716,59,0.0294,p7@SYNPO,e:11346,h:30672,Q8N3V7,SYNPO,synaptopodin,"gene with protein product"
432,T197982,59,0.0294,p27@IDS,e:3423,h:5389,E5RHJ1,IDS,"iduronate 2-sulfatase","gene with protein product"
433,T025916,59,0.0294,p4@DAZAP2,e:9802,h:2684,,DAZAP2,"DAZ associated protein 2","gene with protein product"
434,T147113,59,0.0294,p3@RAP1GDS1,e:5910,h:9859,"P52306,Q4QQI8,B3KNU0,Q499L7,Q9BUX6,E9PH06,Q6U7G8",RAP1GDS1,"Rap1 GTPase-GDP dissociation stimulator 1","gene with protein product"
435,T125464,58,0.0289,p2@REG3G,e:130120,h:29595,,REG3G,"regenerating family member 3 gamma","gene with protein product"
436,T164298,58,0.0288,p3@DOM3Z,e:1797,h:2992,F8WC68,DXO,"decapping exoribonuclease","gene with protein product"
437,T164943,56,0.0279,p3@NUDT3,e:11165,h:8050,O95989,NUDT3,"nudix hydrolase 3","gene with protein product"
438,T060191,56,0.0279,p1@KAT7,e:11143,h:17016,"E7ER15,B4DFB4,B4DFE0",KAT7,"lysine acetyltransferase 7","gene with protein product"
439,T177641,56,0.0278,p8@GLCCI1,e:113263,h:18713,,GLCCI1,"glucocorticoid induced 1","gene with protein product"
440,T048311,55,0.0274,p3@SPATA8,e:145946,h:28676,,SPATA8,"spermatogenesis associated 8","gene with protein product"
441,T024424,54,0.0269,p3@FKBP4,e:2288,h:3720,F5H120,FKBP4,"FK506 binding protein 4","gene with protein product"
442,T166718,54,0.0269,p1@FARS2,e:10667,h:21062,"O95363,E9PBH8",FARS2,"phenylalanyl-tRNA synthetase 2, mitochondrial","gene with protein product"
443,T118743,52,0.0259,p1@TNP1,e:7141,h:11951,"P09430,Q4ZG82",TNP1,"transition protein 1","gene with protein product"
444,T060531,52,0.0259,p6@MYCBPAP,e:84073,h:19677,Q8TBZ2,MYCBPAP,"MYCBP associated protein","gene with protein product"
445,T092880,52,0.0259,p3@WDTC1,e:23038,h:29175,,WDTC1,"WD and tetratricopeptide repeats 1","gene with protein product"
446,T072169,52,0.0259,p3@AMH,e:268,h:464,P03971,AMH,"anti-Mullerian hormone","gene with protein product"
447,T037868,52,0.0259,p10@PSMA6,e:5687,h:9535,G3V4S5,PSMA6,"proteasome subunit alpha 6","gene with protein product"
448,T105032,51,0.0255,p10@DYRK1A,e:1859,h:3091,,DYRK1A,"dual specificity tyrosine phosphorylation regulated kinase 1A","gene with protein product"
449,T158166,51,0.0254,p7@DSE,e:29940,h:21144,Q9UL01,DSE,"dermatan sulfate epimerase","gene with protein product"
450,T170417,50,0.0249,p1@SPAM1,e:6677,h:11217,C9J2X5,SPAM1,"sperm adhesion molecule 1","gene with protein product"
451,T104894,49,0.0244,p24@RUNX1,e:861,h:10471,,RUNX1,"runt related transcription factor 1","gene with protein product"
452,T039095,49,0.0244,p1@GPR135,e:64582,h:19991,Q8IZ08,GPR135,"G protein-coupled receptor 135","gene with protein product"
453,T004424,49,0.0244,p5@CCNY,e:219771,h:23354,Q8ND76,CCNY,"cyclin Y","gene with protein product"
454,T176918,48,0.0239,p6@CALN1,e:83698,h:13248,Q9BXU9,CALN1,"calneuron 1","gene with protein product"
455,T195065,47,0.0234,p16@PHF2,e:5253,h:8920,,PHF2,"PHD finger protein 2","gene with protein product"
456,T119016,47,0.0234,p17@TTLL4,e:9654,h:28976,,TTLL4,"tubulin tyrosine ligase like 4","gene with protein product"
457,T149214,47,0.0234,p1@PKD2L2,e:27039,h:9012,E9PDG4,PKD2L2,"polycystin 2 like 2, transient receptor potential cation channel","gene with protein product"
458,T201188,46,0.0229,p1@ZCCHC13,e:389874,h:31749,Q8WW36,ZCCHC13,"zinc finger CCHC-type containing 13","gene with protein product"
459,T191628,46,0.0229,p1@SSNA1,e:8636,h:11321,O43805,SSNA1,"SS nuclear autoantigen 1","gene with protein product"
460,T173909,46,0.0229,p2@NUDT1,e:4521,h:8048,"P36639,Q7Z7N6",NUDT1,"nudix hydrolase 1","gene with protein product"
461,T081468,44,0.0219,p4@GLTPD1,e:80772,h:28116,,CPTP,"ceramide-1-phosphate transfer protein","gene with protein product"
462,T126386,44,0.0219,p6@ITPRIPL1,e:150771,h:29371,F5H1L8,ITPRIPL1,"inositol 1,4,5-trisphosphate receptor interacting protein-like 1","gene with protein product"
463,T168699,43,0.0214,p5@MOSPD3,e:64598,h:25078,C9J3M4,MOSPD3,"motile sperm domain containing 3","gene with protein product"
464,T117201,42,0.0209,p2@ORC2,e:4999,h:8488,Q13416,ORC2,"origin recognition complex subunit 2","gene with protein product"
465,T159219,41,0.0204,p7@TBPL1,e:9519,h:11589,Q7Z6U1,TBPL1,"TATA-box binding protein like 1","gene with protein product"
466,T021139,41,0.0204,p3@TRAFD1,e:10906,h:24808,O14545,TRAFD1,"TRAF-type zinc finger domain containing 1","gene with protein product"
467,T044601,41,0.0204,p2@ONECUT1,e:3175,h:8138,Q9UBC0,ONECUT1,"one cut homeobox 1","gene with protein product"
468,T029862,41,0.0204,p2@C12orf50,e:160419,h:26665,G3V208,C12orf50,"chromosome 12 open reading frame 50","gene with protein product"
469,T098785,40,0.0199,p1@C20orf79,e:140856,h:16211,Q9UJQ7,SCP2D1,"SCP2 sterol binding domain containing 1","gene with protein product"
470,T162818,40,0.0199,p2@CMAHP,,h:2098,,CMAHP,"cytidine monophospho-N-acetylneuraminic acid hydroxylase, pseudogene",pseudogene
471,T166604,40,0.0199,p1@PGK2,e:5232,h:8898,,PGK2,"phosphoglycerate kinase 2","gene with protein product"
472,T043033,39,0.0195,p1@TMCO5A,e:145942,h:28558,Q8N6Q1,TMCO5A,"transmembrane and coiled-coil domains 5A","gene with protein product"
473,T062721,39,0.0195,p2@C17orf81,e:23587,h:30617,"A8K1M5,Q8TE02",ELP5,"elongator acetyltransferase complex subunit 5","gene with protein product"
474,T142113,39,0.0194,p2@SPATA4,e:132851,h:17333,Q8NEY3,SPATA4,"spermatogenesis associated 4","gene with protein product"
475,T132481,38,0.0189,p31@SATB1,e:6304,h:10541,,SATB1,"SATB homeobox 1","gene with protein product"
476,T010786,38,0.0189,p51@MICAL2,e:9645,h:24693,F5H8E8,MICAL2,"microtubule associated monooxygenase, calponin and LIM domain containing 2","gene with protein product"
477,T173142,38,0.0189,p4@RNF32,e:140545,h:17118,G5E940,RNF32,"ring finger protein 32","gene with protein product"
478,T023126,37,0.0184,p2@GSG1,e:83445,h:19716,F5H134,GSG1,"germ cell associated 1","gene with protein product"
479,T171488,37,0.0184,p13@TRIM24,e:8805,h:11812,F8WCX0,TRIM24,"tripartite motif containing 24","gene with protein product"
480,T033844,37,0.0184,p1@NEK5,e:341676,h:7748,Q6P3R8,NEK5,"NIMA related kinase 5","gene with protein product"
481,T189753,37,0.0184,p4@LRSAM1,e:90678,h:25135,Q6UWE0,LRSAM1,"leucine rich repeat and sterile alpha motif containing 1","gene with protein product"
482,T178983,36,0.0179,p1@PMS2P1,e:5379,h:9123,,PMS2P1,"PMS1 homolog 2, mismatch repair system component pseudogene 1",pseudogene
483,T105266,36,0.0179,p1@LCA5L,e:150082,h:1255,"O95447,C9J293,C9JIJ8,C9JFB6,C9JRD7,C9J9Z3,C9JYR0",LCA5L,"LCA5L, lebercilin like","gene with protein product"
484,T069785,36,0.0179,p1@TSPAN16,e:26526,h:30725,Q9UKR8,TSPAN16,"tetraspanin 16","gene with protein product"
485,T062720,36,0.0179,p3@C17orf81,e:23587,h:30617,"A8K1M5,Q8TE02",ELP5,"elongator acetyltransferase complex subunit 5","gene with protein product"
486,T112230,35,0.0174,"p2@TUBA3C,p2@TUBA3D","e:113457,e:7278","h:12408,h:24071",Q13748,TUBA3C,"tubulin alpha 3c","gene with protein product"
487,T099425,34,0.0170,p3@CPXM1,e:56265,h:15771,Q96SM3,CPXM1,"carboxypeptidase X, M14 family member 1","gene with protein product"
488,T126975,33,0.0165,p2@TATDN2,e:9797,h:28988,Q93075,TATDN2,"TatD DNase domain containing 2","gene with protein product"
489,T166050,33,0.0165,p8@LRRC73,e:221424,h:21375,Q5JTD7,LRRC73,"leucine rich repeat containing 73","gene with protein product"
490,T098681,33,0.0164,p3@BANF2,e:140836,h:16172,Q9H503,BANF2,"barrier to autointegration factor 2","gene with protein product"
491,T111950,33,0.0164,p1@ERCC3,e:2071,h:3435,F2Z2V4,ERCC3,"ERCC excision repair 3, TFIIH core complex helicase subunit","gene with protein product"
492,T078345,33,0.0164,p5@U2AF2,e:11338,h:23156,P26368,U2AF2,"U2 small nuclear RNA auxiliary factor 2","gene with protein product"
493,T051708,32,0.0159,p2@PHKB,e:5257,h:8927,Q93100,PHKB,"phosphorylase kinase regulatory subunit beta","gene with protein product"
494,T037357,31,0.0154,p2@TSSK4,e:283629,h:19825,,TSSK4,"testis specific serine kinase 4","gene with protein product"
495,T076321,31,0.0154,p1@SYNGR4,e:23546,h:11502,O95473,SYNGR4,"synaptogyrin 4","gene with protein product"
496,T176257,31,0.0154,p8@TNRC18,e:84629,h:11962,F8W885,TNRC18,"trinucleotide repeat containing 18","gene with protein product"
497,T098579,29,0.0145,p1@SIRPD,e:128646,h:16248,"Q5TFQ5,Q9H106",SIRPD,"signal regulatory protein delta","gene with protein product"
498,T087981,28,0.0140,p2@CYB5R1,e:51706,h:13397,Q9UHQ9,CYB5R1,"cytochrome b5 reductase 1","gene with protein product"
499,T048645,28,0.0139,p1@PRM2,e:5620,h:9448,"P04554,Q6ZMM0,Q1LZN1",PRM2,"protamine 2","gene with protein product"
500,T082301,28,0.0139,p6@CDC42SE1,e:56882,h:17719,Q9NRR8,CDC42SE1,"CDC42 small effector 1","gene with protein product"
501,T148753,27,0.0135,p6@VDAC1,e:7416,h:12669,C9JI87,VDAC1,"voltage dependent anion channel 1","gene with protein product"
502,T126268,27,0.0134,p1@ZNF514,e:84874,h:25894,C9K038,ZNF514,"zinc finger protein 514","gene with protein product"
503,T103556,27,0.0134,p4@PRPF6,e:24148,h:15860,O94906,PRPF6,"pre-mRNA processing factor 6","gene with protein product"
504,T071858,26,0.0129,p1@CSNK1G2-AS1,e:255193,h:28604,,CSNK1G2-AS1,"CSNK1G2 antisense RNA 1","RNA, long non-coding"
505,T056713,26,0.0129,p1@C17orf63,e:55731,h:25563,"Q8WU58,B3KQ88",FAM222B,"family with sequence similarity 222 member B","gene with protein product"
506,T076862,26,0.0129,p2@TSKS,e:60385,h:30719,Q9UJT2,TSKS,"testis specific serine kinase substrate","gene with protein product"
507,T119984,25,0.0125,p1@SPATA3,e:130560,h:17884,Q8NHX4,SPATA3,"spermatogenesis associated 3","gene with protein product"
508,T098940,25,0.0125,p2@STK35,e:140901,h:16254,,STK35,"serine/threonine kinase 35","gene with protein product"
509,T036227,25,0.0125,p2@CCNB1IP1,e:57820,h:19437,,CCNB1IP1,"cyclin B1 interacting protein 1","gene with protein product"
510,T034866,25,0.0125,p3@IPO5,e:3843,h:6402,"O00410,E7EV12,C9JQT6,C9JZD8,E7EX05,F8WF30,C9JXE0,B3KWG6,Q9BVS9",IPO5,"importin 5","gene with protein product"
511,T070995,25,0.0124,p13@TPM4,e:7171,h:12013,P67936,TPM4,"tropomyosin 4","gene with protein product"
512,T126043,24,0.0120,p1@C2orf51,e:200523,h:26341,Q96LM6,TEX37,"testis expressed 37","gene with protein product"
513,T050567,24,0.0120,p5@SPN,e:6693,h:11249,,SPN,sialophorin,"gene with protein product"
514,T029863,24,0.0119,p1@C12orf50,e:160419,h:26665,Q8NA57,C12orf50,"chromosome 12 open reading frame 50","gene with protein product"
515,T148064,24,0.0119,p4@FTMT,e:94033,h:17345,Q8N4E7,FTMT,"ferritin mitochondrial","gene with protein product"
516,T066340,23,0.0115,p3@TAF4B,e:6875,h:11538,"Q92750,F5H0K4",TAF4B,"TATA-box binding protein associated factor 4b","gene with protein product"
517,T179562,23,0.0114,p8@ZFPM2,e:23414,h:16700,E7ET52,ZFPM2,"zinc finger protein, FOG family member 2","gene with protein product"
518,T016348,23,0.0114,p2@DNAJC4,e:3338,h:5271,Q86VG4,DNAJC4,"DnaJ heat shock protein family (Hsp40) member C4","gene with protein product"
519,T191465,23,0.0114,p2@FBXW5,e:54461,h:13613,Q969U6,FBXW5,"F-box and WD repeat domain containing 5","gene with protein product"
520,T057391,22,0.0110,p3@LYZL6,e:57151,h:29614,O75951,LYZL6,"lysozyme like 6","gene with protein product"
521,T188695,22,0.0109,p7@POLE3,e:54107,h:13546,Q9NRF9,POLE3,"DNA polymerase epsilon 3, accessory subunit","gene with protein product"
522,T162992,21,0.0105,p12@HIST1H4H,e:8365,h:4788,,HIST1H4H,"histone cluster 1 H4 family member h","gene with protein product"
523,T021636,21,0.0104,p5@ETV6,e:2120,h:3495,P41212,ETV6,"ETS variant 6","gene with protein product"
524,T095018,21,0.0104,p2@ATPAF1-AS1,,h:29589,,TEX38,"testis expressed 38","gene with protein product"
525,T073625,21,0.0104,p5@THEG,e:51298,h:13706,,THEG,"theg spermatid protein","gene with protein product"
526,T188289,20,0.0100,p1@ACTL7A,e:10881,h:161,Q9Y615,ACTL7A,"actin like 7A","gene with protein product"
527,T050868,20,0.0100,p10@SEPT1,e:1731,h:2879,,SEPT1,"septin 1","gene with protein product"
528,T099183,20,0.0099,p5@CST9L,e:128821,h:16233,Q9H4G1,CST9L,"cystatin 9-like","gene with protein product"
529,T015440,19,0.0095,p1@LINC00301,e:283197,h:28603,,LINC00301,"long intergenic non-protein coding RNA 301","RNA, long non-coding"
530,T018026,19,0.0094,p3@NADSYN1,e:55191,h:29832,Q6IA69,NADSYN1,"NAD synthetase 1","gene with protein product"
531,T017766,18,0.0090,p2@MTL5,e:9633,h:7446,,TESMIN,"testis expressed metallothionein like protein","gene with protein product"
532,T018394,18,0.0090,p5@PPME1,e:51400,h:30178,,PPME1,"protein phosphatase methylesterase 1","gene with protein product"
533,T187515,18,0.0089,p1@TSPYL5,e:85453,h:29367,Q86VY4,TSPYL5,"TSPY like 5","gene with protein product"
534,T178209,17,0.0085,p18@CDK6,e:1021,h:1777,"A4D1G0,Q00534",CDK6,"cyclin dependent kinase 6","gene with protein product"
535,T177758,17,0.0085,p3@ICA1,e:3382,h:5343,E7ENI6,ICA1,"islet cell autoantigen 1","gene with protein product"
536,T182372,17,0.0085,p3@EXOSC4,e:54512,h:18189,E9PPI9,EXOSC4,"exosome component 4","gene with protein product"
537,T053804,16,0.0080,p7@ZFHX3,e:463,h:777,"Q15911,Q8N2Y6",ZFHX3,"zinc finger homeobox 3","gene with protein product"
538,T129637,16,0.0080,p1@TRIM42,e:287015,h:19014,Q8IWZ5,TRIM42,"tripartite motif containing 42","gene with protein product"
539,T050400,16,0.0080,p3@PRSS21,e:10942,h:9485,Q9Y6M0,PRSS21,"protease, serine 21","gene with protein product"
540,T179685,15,0.0075,p2@NUDCD1,e:84955,h:24306,E5RGX7,NUDCD1,"NudC domain containing 1","gene with protein product"
541,T148993,15,0.0075,p20@H2AFY,e:9555,h:4740,O75367,H2AFY,"H2A histone family member Y","gene with protein product"
542,T138660,15,0.0075,p1@CLNK,e:116449,h:17438,Q7Z7G1,CLNK,"cytokine dependent hematopoietic cell linker","gene with protein product"
543,T027416,15,0.0075,p13@ARHGAP9,e:64333,h:14130,,ARHGAP9,"Rho GTPase activating protein 9","gene with protein product"
544,T090228,15,0.0075,p1@C1orf65,e:164127,h:26654,Q8N715,CCDC185,"coiled-coil domain containing 185","gene with protein product"
545,T139478,15,0.0075,p3@ADAD1,e:132612,h:30713,,ADAD1,"adenosine deaminase domain containing 1","gene with protein product"
546,T153916,15,0.0075,p8@EGFLAM,e:133584,h:26810,Q63HQ2,EGFLAM,"EGF like, fibronectin type III and laminin G domains","gene with protein product"
547,T097514,15,0.0075,p5@ENO1,e:2023,h:3350,,ENO1,"enolase 1","gene with protein product"
548,T087949,15,0.0075,p3@KDM5B,e:10765,h:18039,"Q9UFD3,Q9UGL1",KDM5B,"lysine demethylase 5B","gene with protein product"
549,T016164,15,0.0075,p2@HRASLS5,e:117245,h:24978,"Q96KN8,F5GZ87,F5H4Y9",HRASLS5,"HRAS like suppressor family member 5","gene with protein product"
550,T070711,15,0.0074,p2@DNAJB1,e:3337,h:5270,"P25685,Q6FHS4",DNAJB1,"DnaJ heat shock protein family (Hsp40) member B1","gene with protein product"
551,T113155,14,0.0070,p7@KIF5C,e:3800,h:6325,,KIF5C,"kinesin family member 5C","gene with protein product"
552,T030400,14,0.0070,p15@SOCS2,e:8835,h:19382,O14508,SOCS2,"suppressor of cytokine signaling 2","gene with protein product"
553,T015863,13,0.0065,p1@C11orf42,e:160298,h:28541,Q8N5U0,C11orf42,"chromosome 11 open reading frame 42","gene with protein product"
554,T088933,13,0.0065,p3@CD34,e:947,h:1662,B4DUX4,CD34,"CD34 molecule","gene with protein product"
555,T160136,13,0.0065,p1@C6orf94,e:153918,h:21174,"Q5TFG8,B7ZW40",ZC2HC1B,"zinc finger C2HC-type containing 1B","gene with protein product"
556,T083656,13,0.0065,p7@IQGAP3,e:128239,h:20669,Q86VI3,IQGAP3,"IQ motif containing GTPase activating protein 3","gene with protein product"
557,T129067,13,0.0065,p12@ATP2C1,e:27032,h:13211,E7ERC6,ATP2C1,"ATPase secretory pathway Ca2+ transporting 1","gene with protein product"
558,T193538,13,0.0065,p1@TPD52L3,e:89882,h:23382,Q96J77,TPD52L3,"tumor protein D52 like 3","gene with protein product"
559,T127998,13,0.0065,p5@GSK3B,e:2932,h:4617,"P49841,Q6FI27",GSK3B,"glycogen synthase kinase 3 beta","gene with protein product"
560,T079229,13,0.0065,p3@PCP2,e:126006,h:30209,Q8IVA1,PCP2,"Purkinje cell protein 2","gene with protein product"
561,T021644,13,0.0065,p12@ETV6,e:2120,h:3495,,ETV6,"ETS variant 6","gene with protein product"
562,T039727,13,0.0065,p1@FAM71D,e:161142,h:20101,"E9PM27,Q8N9W8",FAM71D,"family with sequence similarity 71 member D","gene with protein product"
563,T074353,13,0.0065,p6@MAP2K2,e:5605,h:6842,,MAP2K2,"mitogen-activated protein kinase kinase 2","gene with protein product"
564,T155841,12,0.0060,p2@S100Z,e:170591,h:30367,Q8WXG8,S100Z,"S100 calcium binding protein Z","gene with protein product"
565,T073093,12,0.0060,p5@HMG20B,e:10362,h:5002,,HMG20B,"high mobility group 20B","gene with protein product"
566,T198074,12,0.0060,p1@FATE1,e:89885,h:24683,Q969F0,FATE1,"fetal and adult testis expressed 1","gene with protein product"
567,T100410,12,0.0060,p1@C20orf132,e:140699,h:16125,,MROH8,"maestro heat like repeat family member 8","gene with protein product"
568,T201077,12,0.0060,p111@XIST,e:7503,h:12810,,XIST,"X inactive specific transcript (non-protein coding)","RNA, long non-coding"
569,T041448,12,0.0060,p5@FBLN5,e:10516,h:3602,G3V329,FBLN5,"fibulin 5","gene with protein product"
570,T108579,12,0.0060,p2@MFNG,e:4242,h:7038,O00587,MFNG,"MFNG O-fucosylpeptide 3-beta-N-acetylglucosaminyltransferase","gene with protein product"
571,T184636,12,0.0060,p2@ADAM32,e:203102,h:15479,E5RJE6,ADAM32,"ADAM metallopeptidase domain 32","gene with protein product"
572,T108781,12,0.0060,p12@CSNK1E,e:1454,h:2453,P49674,CSNK1E,"casein kinase 1 epsilon","gene with protein product"
573,T105252,12,0.0060,p7@HMGN1,e:3150,h:4984,,HMGN1,"high mobility group nucleosome binding domain 1","gene with protein product"
574,T131024,12,0.0060,p14@ANKRD28,e:23243,h:29024,,ANKRD28,"ankyrin repeat domain 28","gene with protein product"
575,T009397,12,0.0060,p1@C11orf65,e:160140,h:28519,"Q8NCR3,B4DZU4",C11orf65,"chromosome 11 open reading frame 65","gene with protein product"
576,T099435,12,0.0060,p4@TMEM239,e:100288797,h:40044,Q8WW34,TMEM239,"transmembrane protein 239","gene with protein product"
577,T120939,12,0.0060,p4@ANKMY1,e:51281,h:20987,"Q9P2S6,B5MBY4",ANKMY1,"ankyrin repeat and MYND domain containing 1","gene with protein product"
578,T060949,12,0.0060,p4@AKAP1,e:8165,h:367,,AKAP1,"A-kinase anchoring protein 1","gene with protein product"
579,T072195,12,0.0060,p1@ZNF492,e:57615,h:23707,Q9P255,ZNF492,"zinc finger protein 492","gene with protein product"
580,T016346,12,0.0060,p7@DNAJC4,e:3338,h:5271,Q9NNZ3,DNAJC4,"DnaJ heat shock protein family (Hsp40) member C4","gene with protein product"
581,T033299,12,0.0060,p1@SPERT,e:220082,h:30720,"Q8NA61,E9PLB4",SPERT,"spermatid associated","gene with protein product"
582,T020586,12,0.0060,p2@CRY1,e:1407,h:2384,,CRY1,"cryptochrome circadian clock 1","gene with protein product"
583,T198542,11,0.0055,p5@MPP1,e:4354,h:7219,,MPP1,"membrane palmitoylated protein 1","gene with protein product"
584,T188030,11,0.0055,p1@CYLC2,e:1539,h:2583,"Q14093,Q6PEJ5",CYLC2,"cylicin 2","gene with protein product"
585,T082220,10,0.0050,p2@HORMAD1,e:84072,h:25245,,HORMAD1,"HORMA domain containing 1","gene with protein product"
586,T164777,10,0.0050,p2@PHF1,e:5252,h:8919,E9PQZ5,PHF1,"PHD finger protein 1","gene with protein product"
587,T055942,10,0.0050,p9@PEMT,e:10400,h:8830,Q9UBM1,PEMT,"phosphatidylethanolamine N-methyltransferase","gene with protein product"
588,T122641,10,0.0050,p4@DHX57,e:90957,h:20086,,DHX57,"DExH-box helicase 57","gene with protein product"
589,T024228,10,0.0050,p25@RASSF8,e:11228,h:13232,"F5H343,F5H0S5",RASSF8,"Ras association domain family member 8","gene with protein product"
590,T166449,9,0.0045,p2@TDRD6,e:221400,h:21339,"F5H5M3,O60522,B3KWU2",TDRD6,"tudor domain containing 6","gene with protein product"
591,T098441,9,0.0045,p9@PSMF1,e:9491,h:9571,"Q92530,F5H4Z3,Q5QPM9",PSMF1,"proteasome inhibitor subunit 1","gene with protein product"
592,T061180,9,0.0045,p1@HSF5,e:124535,h:26862,Q4G112,HSF5,"heat shock transcription factor 5","gene with protein product"
593,T093447,9,0.0045,p4@KPNA6,e:23633,h:6399,F5GYL8,KPNA6,"karyopherin subunit alpha 6","gene with protein product"
594,T152874,9,0.0045,p5@CLK4,e:57396,h:13659,Q4G0Z5,CLK4,"CDC like kinase 4","gene with protein product"
595,T046489,9,0.0045,p8@CSK,e:1445,h:2444,,CSK,"c-src tyrosine kinase","gene with protein product"
596,T023396,9,0.0045,p1@H2AFJ,e:55766,h:14456,Q9BTM1,H2AFJ,"H2A histone family member J","gene with protein product"
597,T193684,9,0.0045,p1@PRKACG,e:5568,h:9382,P22612,PRKACG,"protein kinase cAMP-activated catalytic subunit gamma","gene with protein product"
598,T137527,9,0.0045,p43@ROBO1,e:6091,h:10249,,ROBO1,"roundabout guidance receptor 1","gene with protein product"
599,T019115,9,0.0045,p57@DLG2,e:1740,h:2901,A8MUT9,DLG2,"discs large MAGUK scaffold protein 2","gene with protein product"
600,T021022,9,0.0045,p9@HVCN1,e:84329,h:28240,F8W0B3,HVCN1,"hydrogen voltage gated channel 1","gene with protein product"
601,T025464,9,0.0045,p1@C12orf54,e:121273,h:28553,Q6X4T0,C12orf54,"chromosome 12 open reading frame 54","gene with protein product"
602,T170531,9,0.0045,p1@FSCN3,e:29999,h:3961,F8WDZ8,FSCN3,"fascin actin-bundling protein 3","gene with protein product"
603,T013088,9,0.0045,p2@C11orf21,e:29125,h:13231,"E9PAM5,Q9P2W6",C11orf21,"chromosome 11 open reading frame 21","gene with protein product"
604,T142024,9,0.0045,p6@ADAM29,e:11086,h:207,,ADAM29,"ADAM metallopeptidase domain 29","gene with protein product"
605,T047825,9,0.0045,p2@TTLL13,e:440307,h:32484,A6NNM8,TTLL13P,"tubulin tyrosine ligase like 13, pseudogene",pseudogene
606,T027682,9,0.0045,p9@SLC16A7,e:9194,h:10928,"F8VYZ2,F8VVU7",SLC16A7,"solute carrier family 16 member 7","gene with protein product"
607,T073792,9,0.0045,p4@PSMD8,e:5714,h:9566,,PSMD8,"proteasome 26S subunit, non-ATPase 8","gene with protein product"
608,T191621,9,0.0045,p3@TMEM210,,h:34059,,TMEM210,"transmembrane protein 210","gene with protein product"
609,T047160,9,0.0045,p5@MEX3B,e:84206,h:25297,,MEX3B,"mex-3 RNA binding family member B","gene with protein product"
610,T116114,9,0.0045,p32@SSFA2,e:6744,h:11319,"E7END2,F2Z295",SSFA2,"sperm specific antigen 2","gene with protein product"
611,T183221,9,0.0045,p25@SORBS3,e:10174,h:30907,,SORBS3,"sorbin and SH3 domain containing 3","gene with protein product"
612,T041900,9,0.0045,p2@TCL6,,h:13463,,TCL6,"T-cell leukemia/lymphoma 6 (non-protein coding)","RNA, long non-coding"
613,T095012,9,0.0045,p4@ATPAF1,e:64756,h:18803,Q5TC12,ATPAF1,"ATP synthase mitochondrial F1 complex assembly factor 1","gene with protein product"
614,T092745,9,0.0045,p3@ZNF683,e:257101,h:28495,,ZNF683,"zinc finger protein 683","gene with protein product"
615,T179322,9,0.0045,p9@UBR5,e:51366,h:16806,,UBR5,"ubiquitin protein ligase E3 component n-recognin 5","gene with protein product"
616,T028189,9,0.0045,p7@GRIP1,e:23426,h:18708,,GRIP1,"glutamate receptor interacting protein 1","gene with protein product"
617,T034246,8,0.0040,p12@TBC1D4,e:9882,h:19165,,TBC1D4,"TBC1 domain family member 4","gene with protein product"
618,T191268,7,0.0035,p3@GPSM1,e:26086,h:17858,Q86YR5,GPSM1,"G-protein signaling modulator 1","gene with protein product"
619,T017033,7,0.0035,p1@KAT5,e:10524,h:5275,"B4E3C7,E9PRS1",KAT5,"lysine acetyltransferase 5","gene with protein product"
620,T040713,7,0.0035,p12@ANGEL1,e:23357,h:19961,,ANGEL1,"angel homolog 1","gene with protein product"
621,T165859,7,0.0035,p8@UBR2,e:23304,h:21289,"Q8IWV8,B3KXG6",UBR2,"ubiquitin protein ligase E3 component n-recognin 2","gene with protein product"
622,T168504,7,0.0035,p3@FHL5,e:9457,h:17371,Q5TD97,FHL5,"four and a half LIM domains 5","gene with protein product"
623,T088464,7,0.0035,p4@LEMD1,e:93273,h:18725,Q68G75,LEMD1,"LEM domain containing 1","gene with protein product"
624,T150166,7,0.0035,p21@PPP2R2B,e:5521,h:9305,,PPP2R2B,"protein phosphatase 2 regulatory subunit Bbeta","gene with protein product"
625,T200292,6,0.0030,p4@NUDT11,e:55190,h:18011,Q96G61,NUDT11,"nudix hydrolase 11","gene with protein product"
626,T046242,6,0.0030,p1@TMEM202,e:338949,h:33733,A6NGA9,TMEM202,"transmembrane protein 202","gene with protein product"
627,T151197,6,0.0030,p2@SAP30L,e:79685,h:25663,"Q9HAJ7,E9PAU7,E9PAY2",SAP30L,"SAP30 like","gene with protein product"
628,T053699,6,0.0030,p1@ATXN1L,e:342371,h:33279,P0C7T5,ATXN1L,"ataxin 1 like","gene with protein product"
629,T078132,6,0.0030,p3@C19orf51,e:352909,h:30492,"E9PAX5,Q8N9W5,E9PPP1",DNAAF3,"dynein axonemal assembly factor 3","gene with protein product"
630,T190883,6,0.0030,p2@SURF2,e:6835,h:11475,Q15527,SURF2,"surfeit 2","gene with protein product"
631,T025808,6,0.0030,p3@C12orf62,e:84987,h:28216,Q96I36,COX14,"COX14, cytochrome c oxidase assembly factor","gene with protein product"
632,T100886,6,0.0030,p2@GTSF1L,e:149699,h:16198,"Q9H1H1,Q5JWH5",GTSF1L,"gametocyte specific factor 1 like","gene with protein product"
633,T100602,6,0.0030,p8@BPI,e:671,h:1095,,BPI,"bactericidal/permeability-increasing protein","gene with protein product"
634,T173095,6,0.0030,p3@RBM33,e:155435,h:27223,Q96EV2,RBM33,"RNA binding motif protein 33","gene with protein product"
635,T032626,6,0.0030,p3@N4BP2L1,e:90634,h:25037,"Q5TBK1,Q9UQP6",N4BP2L1,"NEDD4 binding protein 2 like 1","gene with protein product"
636,T199692,6,0.0030,p1@EFHC2,e:80258,h:26233,"Q5JST6,C9JDN0",EFHC2,"EF-hand domain containing 2","gene with protein product"
637,T055945,6,0.0030,p7@PEMT,e:10400,h:8830,Q9UBM1,PEMT,"phosphatidylethanolamine N-methyltransferase","gene with protein product"
638,T073907,6,0.0030,p3@SIRT2,e:22933,h:10886,"B5MCS1,F8WBT6,C9JR33,Q8IXJ6",SIRT2,"sirtuin 2","gene with protein product"
639,T140186,6,0.0030,p11@INPP4B,e:8821,h:6075,O15327,INPP4B,"inositol polyphosphate-4-phosphatase type II B","gene with protein product"
640,T071788,6,0.0030,p2@SUGP2,e:10147,h:18641,,SUGP2,"SURP and G-patch domain containing 2","gene with protein product"
641,T046094,6,0.0030,p1@CT62,e:196993,h:27286,P0C5K7,CT62,"cancer/testis antigen 62","gene with protein product"
642,T128566,6,0.0030,p3@C3orf22,e:152065,h:28534,"Q8N5N4,B3KUS9",C3orf22,"chromosome 3 open reading frame 22","gene with protein product"
643,T105239,6,0.0030,p3@BRWD1,e:54014,h:12760,,BRWD1,"bromodomain and WD repeat domain containing 1","gene with protein product"
644,T126729,6,0.0030,p7@TFG,e:10342,h:11758,Q92734,TFG,"TRK-fused gene","gene with protein product"
645,T086089,6,0.0030,p2@C1orf49,e:84066,h:25366,E5RIH0,TEX35,"testis expressed 35","gene with protein product"
646,T014936,6,0.0030,p3@UBQLNL,e:143630,h:28294,Q8IYU4,UBQLNL,ubiquilin-like,"gene with protein product"
647,T173321,6,0.0030,p4@TMEM184A,e:202915,h:28797,,TMEM184A,"transmembrane protein 184A","gene with protein product"
648,T111525,6,0.0030,p15@GREB1,e:9687,h:24885,Q4ZG55,GREB1,"growth regulation by estrogen in breast cancer 1","gene with protein product"
649,T007622,6,0.0030,p16@FAM190B,e:54462,h:29197,,CCSER2,"coiled-coil serine rich protein 2","gene with protein product"
650,T010461,6,0.0030,p5@DDX6,e:1656,h:2747,P26196,DDX6,"DEAD-box helicase 6","gene with protein product"
651,T162864,6,0.0030,p1@HIST1H2BPS1,,h:18719,,HIST1H2BPS1,"histone cluster 1 H2B pseudogene 1",pseudogene
652,T140358,6,0.0030,p3@TTC29,e:83894,h:29936,"Q8NA56,D6RJF6,E7EQ14,Q8TC83,A8MUB8",TTC29,"tetratricopeptide repeat domain 29","gene with protein product"
653,T080267,6,0.0030,p1@GSTM3,e:2947,h:4635,,GSTM3,"glutathione S-transferase mu 3","gene with protein product"
654,T008525,6,0.0030,p6@ZNF518A,e:9849,h:29009,NA,ZNF518A,"zinc finger protein 518A","gene with protein product"
655,T060959,6,0.0030,p4@MSI2,e:124540,h:18585,Q96DH6,MSI2,"musashi RNA binding protein 2","gene with protein product"
656,T065402,6,0.0030,p3@B3GNTL1,e:146712,h:21727,Q67FW5,B3GNTL1,"UDP-GlcNAc:betaGal beta-1,3-N-acetylglucosaminyltransferase-like 1","gene with protein product"
657,T012477,6,0.0030,p3@LDHAL6A,e:160287,h:28335,Q6ZMR3,LDHAL6A,"lactate dehydrogenase A like 6A","gene with protein product"
658,T046805,6,0.0030,p1@SH2D7,e:646892,h:34549,B8ZZB5,SH2D7,"SH2 domain containing 7","gene with protein product"
659,T192429,6,0.0030,p2@C9orf11,e:54586,h:1359,"Q9NQ60,B7ZMK1",EQTN,equatorin,"gene with protein product"
660,T131817,6,0.0030,p29@NLGN1,e:22871,h:14291,,NLGN1,"neuroligin 1","gene with protein product"
661,T074722,6,0.0030,p3@LYPD4,e:147719,h:28659,Q6UWN0,LYPD4,"LY6/PLAUR domain containing 4","gene with protein product"
662,T045475,6,0.0030,p4@CSNK1G1,e:53944,h:2454,B7Z7D1,CSNK1G1,"casein kinase 1 gamma 1","gene with protein product"
663,T189558,6,0.0030,p3@PPP6C,e:5537,h:9323,Q5T1S7,PPP6C,"protein phosphatase 6 catalytic subunit","gene with protein product"
664,T001926,6,0.0030,p7@BTBD16,e:118663,h:26340,Q32M84,BTBD16,"BTB domain containing 16","gene with protein product"
665,T022333,6,0.0030,p8@CCDC62,e:84660,h:30723,F5H0F1,CCDC62,"coiled-coil domain containing 62","gene with protein product"
666,T055926,6,0.0030,p4@RPA1,e:6117,h:10289,P27694,RPA1,"replication protein A1","gene with protein product"
667,T166512,6,0.0030,p2@TNFRSF21,e:27242,h:13469,"B3KMB6,O75509",TNFRSF21,"TNF receptor superfamily member 21","gene with protein product"
668,T122624,6,0.0030,p3@HNRPLL,e:92906,h:25127,"C9IYN3,A8K894,Q8WVV9",HNRNPLL,"heterogeneous nuclear ribonucleoprotein L like","gene with protein product"
669,T100885,6,0.0030,p1@GTSF1L,e:149699,h:16198,Q9H1H1,GTSF1L,"gametocyte specific factor 1 like","gene with protein product"
670,T080603,6,0.0030,p12@ADORA3,e:140,h:268,,ADORA3,"adenosine A3 receptor","gene with protein product"
671,T034888,6,0.0030,p1@RNF113B,e:140432,h:17267,Q8IZP6,RNF113B,"ring finger protein 113B","gene with protein product"
672,T092212,6,0.0030,p2@ZNF124,e:7678,h:12907,,ZNF124,"zinc finger protein 124","gene with protein product"
673,T078647,6,0.0030,p1@ZNF329,e:79673,h:14209,Q86UD4,ZNF329,"zinc finger protein 329","gene with protein product"
674,T058855,6,0.0030,p5@CNTD1,e:124817,h:26847,,CNTD1,"cyclin N-terminal domain containing 1","gene with protein product"
675,T107487,6,0.0030,p2@EMID1,e:129080,h:18036,Q96A84,EMID1,"EMI domain containing 1","gene with protein product"
676,T156553,4,0.0020,p13@MEF2C,e:4208,h:6996,,MEF2C,"myocyte enhancer factor 2C","gene with protein product"
677,T076682,4,0.0020,p1@SLC6A16,e:28968,h:13622,"Q9GZN6,Q8IYV4",SLC6A16,"solute carrier family 6 member 16","gene with protein product"
678,T021951,4,0.0020,p2@SRSF9,e:8683,h:10791,,SRSF9,"serine and arginine rich splicing factor 9","gene with protein product"
679,T080501,4,0.0020,p3@TTLL10,e:254173,h:26693,Q6ZVT0,TTLL10,"tubulin tyrosine ligase like 10","gene with protein product"
680,T134473,4,0.0020,p6@PLCD1,e:5333,h:9060,,PLCD1,"phospholipase C delta 1","gene with protein product"
681,T094077,4,0.0020,p4@EPHA10,e:284656,h:19987,F5GWI2,EPHA10,"EPH receptor A10","gene with protein product"
682,T147577,4,0.0020,p6@SLC25A46,e:91137,h:25198,,SLC25A46,"solute carrier family 25 member 46","gene with protein product"
683,T094429,4,0.0020,p1@SLFNL1,e:200172,h:26313,Q499Z3,SLFNL1,"schlafen like 1","gene with protein product"
684,T138739,3,0.0015,p3@HADH,e:3033,h:4799,Q16836,HADH,"hydroxyacyl-CoA dehydrogenase","gene with protein product"
685,T041449,3,0.0015,p6@FBLN5,e:10516,h:3602,G3V329,FBLN5,"fibulin 5","gene with protein product"
686,T025324,3,0.0015,p3@AKAP3,e:10566,h:373,F5H7P4,AKAP3,"A-kinase anchoring protein 3","gene with protein product"
687,T116516,3,0.0015,p9@PMS1,e:5378,h:9121,E9PH88,PMS1,"PMS1 homolog 1, mismatch repair system component","gene with protein product"
688,T116192,3,0.0015,p5@NUP35,e:129401,h:29797,C9JWU7,NUP35,"nucleoporin 35","gene with protein product"
689,T177757,3,0.0015,p2@ICA1,e:3382,h:5343,"Q05084,C9J3Y4,Q96HG3",ICA1,"islet cell autoantigen 1","gene with protein product"
690,T016659,3,0.0015,p2@ATG2A,e:23130,h:29028,"A0AUL9,Q2TAZ0",ATG2A,"autophagy related 2A","gene with protein product"
691,T016437,3,0.0015,p1@C11orf20,e:25858,h:19231,Q9NTU4,TEX40,"testis expressed 40","gene with protein product"
692,T126588,3,0.0015,p6@VWA3B,e:200403,h:28385,,VWA3B,"von Willebrand factor A domain containing 3B","gene with protein product"
693,T109151,3,0.0015,p4@XPNPEP3,e:63929,h:28052,,XPNPEP3,"X-prolyl aminopeptidase 3","gene with protein product"
694,T076681,3,0.0015,p2@SLC6A16,e:28968,h:13622,Q8IYV4,SLC6A16,"solute carrier family 6 member 16","gene with protein product"
695,T137319,3,0.0015,p26@FOXP1,e:27086,h:3823,,FOXP1,"forkhead box P1","gene with protein product"
696,T131395,3,0.0015,p3@PDCD10,e:11235,h:8761,,PDCD10,"programmed cell death 10","gene with protein product"
697,T004867,3,0.0015,p4@MARCH8,e:220972,h:23356,"Q5T0T0,Q5JQ16",MARCH8,"membrane associated ring-CH-type finger 8","gene with protein product"
698,T106332,3,0.0015,p3@DIP2A,e:23181,h:17217,Q14689,DIP2A,"disco interacting protein 2 homolog A","gene with protein product"
699,T001993,3,0.0015,p3@PSTK,e:118672,h:28578,,PSTK,"phosphoseryl-tRNA kinase","gene with protein product"
700,T022446,3,0.0015,p7@CDK2AP1,e:8099,h:14002,F5GZF0,CDK2AP1,"cyclin dependent kinase 2 associated protein 1","gene with protein product"
701,T031102,3,0.0015,p1@CCDC168,e:643677,h:26851,,CCDC168,"coiled-coil domain containing 168","gene with protein product"
702,T078411,3,0.0015,p4@C19orf70,e:125988,h:33702,Q5XKP0,C19orf70,"chromosome 19 open reading frame 70","gene with protein product"
703,T140170,3,0.0015,p23@INPP4B,e:8821,h:6075,D6RDJ7,INPP4B,"inositol polyphosphate-4-phosphatase type II B","gene with protein product"
704,T097519,3,0.0015,p5@CCBL2,e:56267,h:33238,B3KQ13,KYAT3,"kynurenine aminotransferase 3","gene with protein product"
705,T185143,3,0.0015,p3@PXDNL,e:137902,h:26359,,PXDNL,"peroxidasin like","gene with protein product"
706,T102665,3,0.0015,p2@RAE1,e:8480,h:9828,"P78406,A8K882",RAE1,"ribonucleic acid export 1","gene with protein product"
707,T120829,3,0.0015,p18@HDAC4,e:9759,h:14063,,HDAC4,"histone deacetylase 4","gene with protein product"
708,T053169,3,0.0015,p5@ACD,e:65057,h:25070,,ACD,"ACD, shelterin complex subunit and telomerase recruitment factor","gene with protein product"
709,T002874,3,0.0015,p21@FAM107B,e:83641,h:23726,"F8WCJ2,Q9H098",FAM107B,"family with sequence similarity 107 member B","gene with protein product"
710,T015627,3,0.0015,p3@PPP1R32,e:220004,h:28869,Q7Z5V6,PPP1R32,"protein phosphatase 1 regulatory subunit 32","gene with protein product"
711,T040648,3,0.0015,p1@TTLL5,e:23093,h:19963,"F8W7N3,Q6EMB2,E9PF35,Q2TAY9,G3V2J9",TTLL5,"tubulin tyrosine ligase like 5","gene with protein product"
712,T165721,3,0.0015,p3@NCR2,e:9436,h:6732,,NCR2,"natural cytotoxicity triggering receptor 2","gene with protein product"
713,T048812,3,0.0015,p6@SNX29,e:92017,h:30542,O75768,SNX29,"sorting nexin 29","gene with protein product"
714,T063396,3,0.0015,p3@RNF157,e:114804,h:29402,,RNF157,"ring finger protein 157","gene with protein product"
715,T071311,3,0.0015,p1@INSL3,e:3640,h:6086,"P51460,Q6YNB5",INSL3,"insulin like 3","gene with protein product"
716,T112019,3,0.0015,p9@LIMS2,e:55679,h:16084,"Q7Z4I2,F8WEF3",LIMS2,"LIM zinc finger domain containing 2","gene with protein product"
717,T101843,3,0.0015,p6@STAU1,e:6780,h:11370,"Q5JW30,Q5JW29,O95793,Q5JW28,B3KRE0,Q6PJX3",STAU1,"staufen double-stranded RNA binding protein 1","gene with protein product"
718,T001964,3,0.0015,p2@C10orf120,e:399814,h:25707,Q5SQS8,C10orf120,"chromosome 10 open reading frame 120","gene with protein product"
719,T126654,3,0.0015,p2@LIPT1,e:51601,h:29569,"C9J6A9,C9J7C5,Q9Y234",LIPT1,"lipoyltransferase 1","gene with protein product"
720,T183126,3,0.0015,p6@HR,e:55806,h:5172,O43593,HR,"HR, lysine demethylase and nuclear receptor corepressor","gene with protein product"
721,T154102,3,0.0015,p2@HEATR7B2,e:133558,h:26857,"E7EMM3,B3KXY2,Q4G0Z6,Q7Z745",MROH2B,"maestro heat like repeat family member 2B","gene with protein product"
722,T174031,3,0.0015,p1@CLK2P,e:1197,h:2070,,CLK2P1,"CDC like kinase 2, pseudogene 1",pseudogene
723,T009953,3,0.0015,p1@C11orf71,e:54494,h:25937,,C11orf71,"chromosome 11 open reading frame 71","gene with protein product"
724,T184640,3,0.0015,p1@ADAM18,e:8749,h:196,"Q9Y3Q7,Q6IRW9",ADAM18,"ADAM metallopeptidase domain 18","gene with protein product"
725,T154611,3,0.0015,p4@SLC38A9,e:153129,h:26907,B3KXV1,SLC38A9,"solute carrier family 38 member 9","gene with protein product"
726,T191670,3,0.0015,p1@C9orf173,e:441476,h:37285,Q8N7X2,STPG3,"sperm-tail PG-rich repeat containing 3","gene with protein product"
727,T141388,3,0.0015,p1@TKTL2,e:84076,h:25313,Q9H0I9,TKTL2,"transketolase like 2","gene with protein product"
728,T015425,3,0.0015,p3@MS4A14,e:84689,h:30706,"E9PRA6,E9PIL9,E9PPA2,E9PJE3,E9PRG6",MS4A14,"membrane spanning 4-domains A14","gene with protein product"
729,T177014,3,0.0015,p1@DNAJC30,e:84277,h:16410,"Q96LL9,F5H840,B3KSU4",DNAJC30,"DnaJ heat shock protein family (Hsp40) member C30","gene with protein product"
730,T071896,3,0.0015,p3@LPAR2,e:9170,h:3168,Q9HBW0,LPAR2,"lysophosphatidic acid receptor 2","gene with protein product"
731,T185929,3,0.0015,p1@DNAJC5B,e:85479,h:24138,Q9UF47,DNAJC5B,"DnaJ heat shock protein family (Hsp40) member C5 beta","gene with protein product"
732,T094794,3,0.0015,p7@KIF2C,e:11004,h:6393,,KIF2C,"kinesin family member 2C","gene with protein product"
733,T145653,3,0.0015,p4@G3BP2,e:9908,h:30291,Q9UN86,G3BP2,"G3BP stress granule assembly factor 2","gene with protein product"
734,T026254,3,0.0015,p4@KRT72,e:140807,h:28932,B4DXK4,KRT72,"keratin 72","gene with protein product"
735,T116307,3,0.0015,p2@NT5C1B,e:93034,h:17818,C9JW75,NT5C1B,"5'-nucleotidase, cytosolic IB","gene with protein product"
736,T016247,3,0.0015,p17@ATL3,e:25923,h:24526,F5GWF8,ATL3,"atlastin GTPase 3","gene with protein product"
737,T177967,3,0.0015,p2@C7orf62,e:219557,h:22402,Q8TBZ9,C7orf62,"chromosome 7 open reading frame 62","gene with protein product"
738,T014774,3,0.0015,p11@C1QTNF4,e:114900,h:14346,Q9BXJ3,C1QTNF4,"C1q and tumor necrosis factor related protein 4","gene with protein product"
739,T079938,3,0.0015,"p1@APITD1-CORT,p1@APITD1","e:100526739,e:378708","h:23163,h:38843",,CENPS,"centromere protein S","gene with protein product"
740,T164541,3,0.0015,p8@PSMB8,e:5696,h:9545,,PSMB8,"proteasome subunit beta 8","gene with protein product"
741,T021018,3,0.0015,p14@HVCN1,e:84329,h:28240,Q96D96,HVCN1,"hydrogen voltage gated channel 1","gene with protein product"
742,T116978,3,0.0015,p3@BOLL,e:66037,h:14273,Q8N9W6,BOLL,"boule homolog, RNA binding protein","gene with protein product"
743,T165023,3,0.0015,p2@TCP11,e:6954,h:11658,D6R989,TCP11,"t-complex 11","gene with protein product"
744,T165027,3,0.0015,p1@TCP11,e:6954,h:11658,"E7EP29,D6RBE4,B7Z7B5,Q8WWU5,D6R8Y5,D6RGY5,D6RAC0,D6R9D8,D6RGC0,D6R9R9,D6RFY8,D6R989",TCP11,"t-complex 11","gene with protein product"
745,T135433,3,0.0015,p2@ATRIP,e:84126,h:33499,"Q8WXE1,B5MEB7,F8WEI5",ATRIP,"ATR interacting protein","gene with protein product"
746,T198076,3,0.0015,p2@FATE1,e:89885,h:24683,Q969F0,FATE1,"fetal and adult testis expressed 1","gene with protein product"
747,T128734,3,0.0015,p1@DNAJB8,e:165721,h:23699,B3KWV7,DNAJB8,"DnaJ heat shock protein family (Hsp40) member B8","gene with protein product"
748,T029113,3,0.0015,p1@GLIPR1L2,e:144321,h:28592,Q4G1C9,GLIPR1L2,"GLI pathogenesis related 1 like 2","gene with protein product"
749,T004255,3,0.0015,p3@EPC1,e:80314,h:19876,Q9H2F5,EPC1,"enhancer of polycomb homolog 1","gene with protein product"
750,T191666,3,0.0015,p1@FAM166A,e:401565,h:33818,C9JBW9,FAM166A,"family with sequence similarity 166 member A","gene with protein product"
751,T033536,3,0.0015,p5@LPAR6,e:10161,h:15520,,LPAR6,"lysophosphatidic acid receptor 6","gene with protein product"
752,T041168,3,0.0015,p15@PTPN21,e:11099,h:9651,,PTPN21,"protein tyrosine phosphatase, non-receptor type 21","gene with protein product"
753,T163189,3,0.0015,p3@ZKSCAN4,e:387032,h:13854,Q969J2,ZKSCAN4,"zinc finger with KRAB and SCAN domains 4","gene with protein product"
754,T198620,3,0.0015,p1@CA5B,e:11238,h:1378,Q9Y2D0,CA5B,"carbonic anhydrase 5B","gene with protein product"
755,T170356,3,0.0015,p3@RNF133,e:168433,h:21154,Q8WVZ7,RNF133,"ring finger protein 133","gene with protein product"
756,T091982,3,0.0015,p9@ADSS,e:159,h:292,P30520,ADSS,"adenylosuccinate synthase","gene with protein product"
757,T119100,3,0.0015,p2@FAM134A,e:79137,h:28450,"F8WAL5,Q8NC44",FAM134A,"family with sequence similarity 134 member A","gene with protein product"
758,T073086,3,0.0015,p1@FAM187B,e:148109,h:26366,Q17R55,FAM187B,"family with sequence similarity 187 member B","gene with protein product"
759,T151286,3,0.0015,p2@PPP1R2P3,e:153743,h:16318,Q6NXS1,PPP1R2P3,"protein phosphatase 1 regulatory inhibitor subunit 2 pseudogene 3",pseudogene
760,T056533,3,0.0015,p5@KRT18P55,e:284085,h:26874,,KRT18P55,"keratin 18 pseudogene 55",pseudogene
761,T119783,3,0.0015,p3@WDR69,e:164781,h:26383,Q8N136,DAW1,"dynein assembly factor with WD repeats 1","gene with protein product"
762,T129414,3,0.0015,p5@PCCB,e:5096,h:8654,,PCCB,"propionyl-CoA carboxylase beta subunit","gene with protein product"
763,T048629,3,0.0015,p1@PRM3,e:58531,h:13732,Q9NNZ6,PRM3,"protamine 3","gene with protein product"
764,T000963,3,0.0015,p5@MXI1,e:4601,h:7534,P50539,MXI1,"MAX interactor 1, dimerization protein","gene with protein product"
765,T116144,3,0.0015,p13@PDE1A,e:5136,h:8774,,PDE1A,"phosphodiesterase 1A","gene with protein product"
766,T155887,3,0.0015,p9@WDR41,e:55255,h:25601,,WDR41,"WD repeat domain 41","gene with protein product"
767,T201509,3,0.0015,p12@DIAPH2,e:1730,h:2877,B3KMJ1,DIAPH2,"diaphanous related formin 2","gene with protein product"
768,T098322,3,0.0015,p1@ANKRD5,e:63926,h:15803,Q9NU02,ANKEF1,"ankyrin repeat and EF-hand domain containing 1","gene with protein product"
769,T104997,3,0.0015,p1@PIGP,e:51227,h:3046,,PIGP,"phosphatidylinositol glycan anchor biosynthesis class P","gene with protein product"
770,T149808,3,0.0015,p5@NDFIP1,e:80762,h:17592,,NDFIP1,"Nedd4 family interacting protein 1","gene with protein product"
771,T121607,3,0.0015,p2@C2orf53,e:339779,h:28677,Q53SZ7,PRR30,"proline rich 30","gene with protein product"
772,T177966,3,0.0015,p1@C7orf62,e:219557,h:22402,Q8TBZ9,C7orf62,"chromosome 7 open reading frame 62","gene with protein product"
773,T129022,3,0.0015,p3@TRH,e:7200,h:12298,D6RFM1,TRH,"thyrotropin releasing hormone","gene with protein product"
774,T147096,3,0.0015,p1@PDHA2,e:5161,h:8807,P29803,PDHA2,"pyruvate dehydrogenase (lipoamide) alpha 2","gene with protein product"
775,T005195,3,0.0015,p4@SGMS1,e:259230,h:29799,D3DWC4,SGMS1,"sphingomyelin synthase 1","gene with protein product"
776,T096211,3,0.0015,p4@LEPR,e:3953,h:6554,,LEPR,"leptin receptor","gene with protein product"
777,T104626,3,0.0015,p1@GCFC1-AS1,e:100506215,h:39603,,PAXBP1-AS1,"PAXBP1 antisense RNA 1","RNA, long non-coding"
778,T035869,3,0.0015,p2@CRIP2,e:1397,h:2361,P52943,CRIP2,"cysteine rich protein 2","gene with protein product"
779,T197333,3,0.0015,p4@FAM122C,e:159091,h:25202,,FAM122C,"family with sequence similarity 122C","gene with protein product"
780,T103274,3,0.0015,p1@C20orf20,e:55257,h:15866,"Q9NV56,A8C4L5",MRGBP,"MRG domain binding protein","gene with protein product"
781,T094793,3,0.0015,p8@KIF2C,e:11004,h:6393,B7Z7M6,KIF2C,"kinesin family member 2C","gene with protein product"
782,T111753,3,0.0015,p1@INHBB,e:3625,h:6067,P09529,INHBB,"inhibin beta B subunit","gene with protein product"
783,T006915,3,0.0015,p2@KAT6B,e:23522,h:17582,,KAT6B,"lysine acetyltransferase 6B","gene with protein product"
784,T174051,3,0.0015,p2@EIF3B,e:8662,h:3280,C9JQN7,EIF3B,"eukaryotic translation initiation factor 3 subunit B","gene with protein product"
785,T168698,3,0.0015,p2@MOSPD3,e:64598,h:25078,F8WF07,MOSPD3,"motile sperm domain containing 3","gene with protein product"
786,T151330,3,0.0015,p1@FAM71B,e:153745,h:28397,Q8TC56,FAM71B,"family with sequence similarity 71 member B","gene with protein product"
787,T022415,3,0.0015,p2@PITPNM2,e:57605,h:21044,Q9BZ72,PITPNM2,"phosphatidylinositol transfer protein membrane associated 2","gene with protein product"
788,T092746,3,0.0015,p4@ZNF683,e:257101,h:28495,,ZNF683,"zinc finger protein 683","gene with protein product"
789,T188322,3,0.0015,p4@EPB41L4B,e:54566,h:19818,Q9H329,EPB41L4B,"erythrocyte membrane protein band 4.1 like 4B","gene with protein product"
790,T149231,3,0.0015,p4@NME5,e:8382,h:7853,,NME5,"NME/NM23 family member 5","gene with protein product"
791,T078129,3,0.0015,p9@C19orf51,e:352909,h:30492,,DNAAF3,"dynein axonemal assembly factor 3","gene with protein product"
792,T099941,3,0.0015,p5@NRSN2,e:80023,h:16229,,NRSN2,"neurensin 2","gene with protein product"
793,T143698,3,0.0015,p2@LIAS,e:11019,h:16429,"D6RCP8,O43766",LIAS,"lipoic acid synthetase","gene with protein product"
794,T147729,3,0.0015,p1@TSSK1B,e:83942,h:14968,"Q9BXA7,A0ZT98",TSSK1B,"testis specific serine kinase 1B","gene with protein product"
795,T052108,3,0.0015,p4@FTO,e:79068,h:24678,,FTO,"FTO, alpha-ketoglutarate dependent dioxygenase","gene with protein product"
796,T109596,3,0.0015,p4@LDOC1L,e:84247,h:13343,Q6ICC9,LDOC1L,"leucine zipper down-regulated in cancer 1 like","gene with protein product"
