Hs-RAB1A,2000,1000,T124376-RAB1A,"p2@RAB1A"
rank,ID,Fabs,Frel,association_with_transcript,entrezgene_id,hgnc_id,uniprot_id,gene_name,description,type
1,T121859,2009,0.9990,p16@FAM150B,e:285016,h:27683,B5MCG6,FAM150B,"family with sequence similarity 150 member B","gene with protein product"
2,T164198,2009,0.9990,p6@HSPA1L,e:3305,h:5234,P34931,HSPA1L,"heat shock protein family A (Hsp70) member 1 like","gene with protein product"
3,T199870,2008,0.9990,p28@UBA1,e:7317,h:12469,Q5JRS1,UBA1,"ubiquitin like modifier activating enzyme 1","gene with protein product"
4,T021031,2006,0.9990,p1@CCDC63,e:160762,h:26669,Q8NA47,CCDC63,"coiled-coil domain containing 63","gene with protein product"
5,T085143,2007,0.9980,p3@LRRC52,e:440699,h:32156,Q8N7C0,LRRC52,"leucine rich repeat containing 52","gene with protein product"
6,T039176,2004,0.9980,p15@PPM1A,e:5494,h:9275,E9PP44,PPM1A,"protein phosphatase, Mg2+/Mn2+ dependent 1A","gene with protein product"
7,T189814,1999,0.9960,p3@TTC16,e:158248,h:26536,"B4DYG4,Q8NEE8",TTC16,"tetratricopeptide repeat domain 16","gene with protein product"
8,T149257,1988,0.9886,p6@FAM53C,e:51307,h:1336,,FAM53C,"family with sequence similarity 53 member C","gene with protein product"
9,T171797,1983,0.9861,p1@PRSS37,e:136242,h:29211,"F8WBF8,A4D1T9",PRSS37,"protease, serine 37","gene with protein product"
10,T154708,1976,0.9836,p9@C5orf35,e:133383,h:28508,,SETD9,"SET domain containing 9","gene with protein product"
11,T016523,1973,0.9821,p19@NRXN2,e:9379,h:8009,,NRXN2,"neurexin 2","gene with protein product"
12,T023125,1949,0.9711,p1@GSG1,e:83445,h:19716,"G3XAB9,F5H0V9",GSG1,"germ cell associated 1","gene with protein product"
13,T080673,1922,0.9548,p13@ST7L,e:54879,h:18441,"Q8TDW4,C9JXL0,F8WAI5",ST7L,"suppression of tumorigenicity 7 like","gene with protein product"
14,T060529,1902,0.9491,p2@MYCBPAP,e:84073,h:19677,,MYCBPAP,"MYCBP associated protein","gene with protein product"
15,T073230,1892,0.9422,p4@GAPDHS,e:26330,h:24864,O14556,GAPDHS,"glyceraldehyde-3-phosphate dehydrogenase, spermatogenic","gene with protein product"
16,T008195,1889,0.9407,p11@CPEB3,e:22849,h:21746,"B3KXC1,Q8NE35",CPEB3,"cytoplasmic polyadenylation element binding protein 3","gene with protein product"
17,T045069,1875,0.9342,p3@LDHAL6B,e:92483,h:21481,Q9BYZ2,LDHAL6B,"lactate dehydrogenase A like 6B","gene with protein product"
18,T083380,1862,0.9264,p2@FHAD1,e:114827,h:29408,"B1AJZ9,E9PQ17,B1AJZ8",FHAD1,"forkhead associated phosphopeptide binding domain 1","gene with protein product"
19,T055156,1854,0.9242,p8@RPL13,e:6137,h:10303,,RPL13,"ribosomal protein L13","gene with protein product"
20,T187225,1848,0.9208,p10@FAM92A1,e:137392,h:30452,E5RFS7,FAM92A,"family with sequence similarity 92 member A","gene with protein product"
21,T170358,1824,0.9084,p1@RNF148,e:378925,h:22411,C9JVJ0,RNF148,"ring finger protein 148","gene with protein product"
22,T176005,1788,0.8909,p44@TNS3,e:64759,h:21616,C9JHU5,TNS3,"tensin 3","gene with protein product"
23,T080365,1761,0.8792,p1@KCNC4-AS1,,h:39958,,KCNC4-AS1,"KCNC4 antisense RNA 1 (head to head)","RNA, long non-coding"
24,T115198,1758,0.8768,p10@NFE2L2,e:4780,h:7782,C9J3K4,NFE2L2,"nuclear factor, erythroid 2 like 2","gene with protein product"
25,T126583,1759,0.8764,p7@VWA3B,e:200403,h:28385,"F8WBX4,F8W737,B7Z7Q7",VWA3B,"von Willebrand factor A domain containing 3B","gene with protein product"
26,T147153,1732,0.8600,p12@EIF4E,e:1977,h:3287,P06730,EIF4E,"eukaryotic translation initiation factor 4E","gene with protein product"
27,T141145,1690,0.8416,p9@TMEM144,e:55314,h:25633,"D6RDN8,D6RAX5",TMEM144,"transmembrane protein 144","gene with protein product"
28,T198354,1685,0.8404,p1@TKTL1,e:8277,h:11835,"B7Z7M4,F8WF97",TKTL1,"transketolase like 1","gene with protein product"
29,T069806,1681,0.8367,p4@CCDC159,e:126075,h:26996,,CCDC159,"coiled-coil domain containing 159","gene with protein product"
30,T149215,1669,0.8328,p2@PKD2L2,e:27039,h:9012,,PKD2L2,"polycystin 2 like 2, transient receptor potential cation channel","gene with protein product"
31,T027737,1658,0.8249,p22@FAM19A2,e:338811,h:21589,,FAM19A2,"family with sequence similarity 19 member A2, C-C motif chemokine like","gene with protein product"
32,T042060,1626,0.8082,p19@CCNK,e:8812,h:1596,,CCNK,"cyclin K","gene with protein product"
33,T170619,1595,0.7931,p1@FAM71F1,e:84691,h:30704,"F8WC78,Q8NA48",FAM71F1,"family with sequence similarity 71 member F1","gene with protein product"
34,T126582,1579,0.7879,p8@VWA3B,e:200403,h:28385,"F8WBX4,F8W737,B7Z7Q7",VWA3B,"von Willebrand factor A domain containing 3B","gene with protein product"
35,T047674,1567,0.7812,p3@PEX11A,e:8800,h:8852,O75192,PEX11A,"peroxisomal biogenesis factor 11 alpha","gene with protein product"
36,T117351,1551,0.7713,p4@LAPTM4A,e:9741,h:6924,"Q15012,Q6IBP4",LAPTM4A,"lysosomal protein transmembrane 4 alpha","gene with protein product"
37,T020273,1530,0.7612,p3@C12orf42,e:374470,h:24729,"Q96LP6,F8VV63,F8VX61",C12orf42,"chromosome 12 open reading frame 42","gene with protein product"
38,T149545,1525,0.7610,p6@SLC35A4,e:113829,h:20753,,SLC35A4,"solute carrier family 35 member A4","gene with protein product"
39,T083745,1507,0.7524,p15@ISG20L2,e:81875,h:25745,Q9H9L3,ISG20L2,"interferon stimulated exonuclease gene 20 like 2","gene with protein product"
40,T064423,1463,0.7286,p9@LSMD1,e:84316,h:28212,Q9BRA0,NAA38,"N(alpha)-acetyltransferase 38, NatC auxiliary subunit","gene with protein product"
41,T078475,1441,0.7173,p5@TMEM146,e:257062,h:28598,"F5GZE9,Q86XM0,B7WNK5",CATSPERD,"cation channel sperm associated auxiliary subunit delta","gene with protein product"
42,T038310,1406,0.7002,p6@LRR1,e:122769,h:19742,,LRR1,"leucine rich repeat protein 1","gene with protein product"
43,T183447,1409,0.7000,p17@SLC25A37,e:51312,h:29786,,SLC25A37,"solute carrier family 25 member 37","gene with protein product"
44,T180446,1386,0.6878,p2@RNF139,e:11236,h:17023,Q8WU17,RNF139,"ring finger protein 139","gene with protein product"
45,T057514,1364,0.6793,p3@CTNS,e:1497,h:2518,O60931,CTNS,"cystinosin, lysosomal cystine transporter","gene with protein product"
46,T073087,1328,0.6607,p2@FAM187B,e:148109,h:26366,Q17R55,FAM187B,"family with sequence similarity 187 member B","gene with protein product"
47,T148992,1317,0.6565,p18@H2AFY,e:9555,h:4740,,H2AFY,"H2A histone family member Y","gene with protein product"
48,T143206,1313,0.6549,p21@RBPJ,e:3516,h:5724,D6RE93,RBPJ,"recombination signal binding protein for immunoglobulin kappa J region","gene with protein product"
49,T086384,1309,0.6525,p16@GLUL,e:2752,h:4341,"P15104,A8YXX4",GLUL,"glutamate-ammonia ligase","gene with protein product"
50,T097740,1280,0.6387,p5@SLC2A5,e:6518,h:11010,,SLC2A5,"solute carrier family 2 member 5","gene with protein product"
51,T183448,1265,0.6316,p8@SLC25A37,e:51312,h:29786,Q9NYZ2,SLC25A37,"solute carrier family 25 member 37","gene with protein product"
52,T073906,1255,0.6253,p5@NFKBIB,e:4793,h:7798,Q15653,NFKBIB,"NFKB inhibitor beta","gene with protein product"
53,T035536,1237,0.6173,p7@TNFAIP2,e:7127,h:11895,,TNFAIP2,"TNF alpha induced protein 2","gene with protein product"
54,T171751,1224,0.6077,p3@BRAF,e:673,h:1097,P15056,BRAF,"B-Raf proto-oncogene, serine/threonine kinase","gene with protein product"
55,T110198,1207,0.6005,p2@SYCE3,e:644186,h:35245,A1L190,SYCE3,"synaptonemal complex central element protein 3","gene with protein product"
56,T047007,1192,0.5930,p10@ZFAND6,e:54469,h:30164,,ZFAND6,"zinc finger AN1-type containing 6","gene with protein product"
57,T056648,1186,0.5909,p2@SPAG5-AS1,e:100506436,h:41140,,SPAG5-AS1,"SPAG5 antisense RNA 1","RNA, long non-coding"
58,T083379,1185,0.5907,p1@FHAD1,e:114827,h:29408,"B1AJZ9,E9PQ17,B1AJZ8",FHAD1,"forkhead associated phosphopeptide binding domain 1","gene with protein product"
59,T108677,1178,0.5864,p9@ANKRD54,e:129138,h:25185,"B5MCX7,C9JX82",ANKRD54,"ankyrin repeat domain 54","gene with protein product"
60,T037702,1174,0.5838,p12@AKAP6,e:9472,h:376,,AKAP6,"A-kinase anchoring protein 6","gene with protein product"
61,T080621,1157,0.5765,p6@DDX20,e:11218,h:2743,"Q9H4N4,Q9UHI6",DDX20,"DEAD-box helicase 20","gene with protein product"
62,T005446,1150,0.5716,p2@TFAM,e:7019,h:11741,Q00059,TFAM,"transcription factor A, mitochondrial","gene with protein product"
63,T076709,1083,0.5401,p6@DKKL1,e:27120,h:16528,Q9UK85,DKKL1,"dickkopf like acrosomal protein 1","gene with protein product"
64,T194604,1045,0.5207,p5@CTSL1,e:1514,h:2537,P07711,CTSL,"cathepsin L","gene with protein product"
65,T119749,991,0.4938,p4@AGFG1,e:3267,h:5175,B8ZZY2,AGFG1,"ArfGAP with FG repeats 1","gene with protein product"
66,T033204,980,0.4871,p10@TSC22D1,e:8848,h:16826,,TSC22D1,"TSC22 domain family member 1","gene with protein product"
67,T082053,969,0.4818,p5@VPS45,e:11311,h:14579,F5H8K1,VPS45,"vacuolar protein sorting 45 homolog","gene with protein product"
68,T030377,960,0.4783,p2@UBE2N,e:7334,h:12492,P61088,UBE2N,"ubiquitin conjugating enzyme E2 N","gene with protein product"
69,T130686,958,0.4771,p4@METTL6,e:131965,h:28343,Q8TCB7,METTL6,"methyltransferase like 6","gene with protein product"
70,T060190,942,0.4687,p10@FAM117A,e:81558,h:24179,,FAM117A,"family with sequence similarity 117 member A","gene with protein product"
71,T004402,924,0.4611,p7@CREM,e:1390,h:2352,"Q96AG7,E9PB41,E9PAR2,Q14501,Q5W1B0",CREM,"cAMP responsive element modulator","gene with protein product"
72,T121313,888,0.4427,p1@C2orf84,e:653140,h:34418,F2Z3J0,FAM228A,"family with sequence similarity 228 member A","gene with protein product"
73,T065676,871,0.4344,p17@GAS7,e:8522,h:4169,"A8KAC2,O60861",GAS7,"growth arrest specific 7","gene with protein product"
74,T130862,860,0.4281,p1@LEKR1,e:389170,h:33765,"Q6ZMV7,D3DNK7,D6RAK6,D6RJ01",LEKR1,"leucine, glutamate and lysine rich 1","gene with protein product"
75,T016165,836,0.4163,p3@HRASLS5,e:117245,h:24978,"B4DY88,Q8NE88,B7X6T1,Q96KN8",HRASLS5,"HRAS like suppressor family member 5","gene with protein product"
76,T101419,818,0.4068,p8@ZNF335,e:63925,h:15807,"Q8IW09,Q9H4Z2",ZNF335,"zinc finger protein 335","gene with protein product"
77,T041872,780,0.3890,p4@CLMN,e:79789,h:19972,"Q6NUQ2,Q96JQ2",CLMN,calmin,"gene with protein product"
78,T100069,772,0.3845,p7@EDEM2,e:55741,h:15877,Q9BV94,EDEM2,"ER degradation enhancing alpha-mannosidase like protein 2","gene with protein product"
79,T078800,768,0.3819,p2@RFX2,e:5990,h:9983,P48378,RFX2,"regulatory factor X2","gene with protein product"
80,T058328,755,0.3764,p13@KRT23,e:25984,h:6438,"Q8TC04,Q9C075,Q9UFN7,B2RBC7",KRT23,"keratin 23","gene with protein product"
81,T083743,693,0.3444,p5@ISG20L2,e:81875,h:25745,Q9H9L3,ISG20L2,"interferon stimulated exonuclease gene 20 like 2","gene with protein product"
82,T060528,677,0.3375,p1@MYCBPAP,e:84073,h:19677,C9JZX1,MYCBPAP,"MYCBP associated protein","gene with protein product"
83,T073467,672,0.3337,p6@THAP8,e:199745,h:23191,Q8NA92,THAP8,"THAP domain containing 8","gene with protein product"
84,T049785,647,0.3222,p1@PDZD9,e:255762,h:28740,"Q8IXQ8,E5RJ18,F5GWW8",PDZD9,"PDZ domain containing 9","gene with protein product"
85,T096860,638,0.3176,p7@FUBP1,e:8880,h:4004,C9JSZ1,FUBP1,"far upstream element binding protein 1","gene with protein product"
86,T080502,626,0.3118,p1@TTLL10,e:254173,h:26693,Q6ZVT0,TTLL10,"tubulin tyrosine ligase like 10","gene with protein product"
87,T088886,624,0.3104,p30@PRKCZ,e:5590,h:9412,E9PBE1,PRKCZ,"protein kinase C zeta","gene with protein product"
88,T170621,609,0.3036,p3@FAM71F1,e:84691,h:30704,,FAM71F1,"family with sequence similarity 71 member F1","gene with protein product"
89,T074721,598,0.2977,p1@LYPD4,e:147719,h:28659,Q6UWN0,LYPD4,"LY6/PLAUR domain containing 4","gene with protein product"
90,T144802,598,0.2974,p6@MFSD7,e:84179,h:26177,,MFSD7,"major facilitator superfamily domain containing 7","gene with protein product"
91,T122553,595,0.2962,p11@FAM82A1,e:151393,h:26567,C9JGB2,RMDN2,"regulator of microtubule dynamics 2","gene with protein product"
92,T074032,590,0.2944,p3@PAF1,e:54623,h:25459,B4DGJ5,PAF1,"PAF1 homolog, Paf1/RNA polymerase II complex component","gene with protein product"
93,T079228,589,0.2935,p1@PCP2,e:126006,h:30209,Q8IVA1,PCP2,"Purkinje cell protein 2","gene with protein product"
94,T192934,578,0.2884,p19@RUSC2,e:9853,h:23625,Q8N2Y8,RUSC2,"RUN and SH3 domain containing 2","gene with protein product"
95,T040716,568,0.2830,p1@C14orf166B,e:145497,h:23346,"B4DX10,G3V356",LRRC74A,"leucine rich repeat containing 74A","gene with protein product"
96,T074720,568,0.2826,p9@LYPD4,e:147719,h:28659,Q6UWN0,LYPD4,"LY6/PLAUR domain containing 4","gene with protein product"
97,T025574,561,0.2794,p1@DHH,e:50846,h:2865,O43323,DHH,"desert hedgehog","gene with protein product"
98,T078214,552,0.2753,p1@FAM71E2,e:284418,h:25278,"Q8N5Q1,Q8ND99",FAM71E2,"family with sequence similarity 71 member E2","gene with protein product"
99,T186433,549,0.2740,p3@TMEM70,e:54968,h:26050,,TMEM70,"transmembrane protein 70","gene with protein product"
100,T130784,531,0.2648,p2@COLQ,e:8292,h:2226,,COLQ,"collagen like tail subunit of asymmetric acetylcholinesterase","gene with protein product"
101,T144265,531,0.2643,p5@USP46,e:64854,h:20075,D6RIX7,USP46,"ubiquitin specific peptidase 46","gene with protein product"
102,T121435,507,0.2520,p17@DTNB,e:1838,h:3058,F5GZG4,DTNB,"dystrobrevin beta","gene with protein product"
103,T022123,506,0.2517,p2@BCL2L14,e:79370,h:16657,C9J3S1,BCL2L14,"BCL2 like 14","gene with protein product"
104,T183193,502,0.2495,p6@PIWIL2,e:55124,h:17644,,PIWIL2,"piwi like RNA-mediated gene silencing 2","gene with protein product"
105,T009523,488,0.2429,p12@ZC3H12C,e:85463,h:29362,Q9C0D7,ZC3H12C,"zinc finger CCCH-type containing 12C","gene with protein product"
106,T163192,477,0.2377,p4@ZKSCAN4,e:387032,h:13854,B7Z7H3,ZKSCAN4,"zinc finger with KRAB and SCAN domains 4","gene with protein product"
107,T069322,469,0.2338,p4@TXNDC2,e:84203,h:16470,F5H6S7,TXNDC2,"thioredoxin domain containing 2","gene with protein product"
108,T096946,459,0.2290,p2@PARK7,e:11315,h:16369,Q99497,PARK7,"Parkinsonism associated deglycase","gene with protein product"
109,T055211,454,0.2264,p5@C16orf7,e:9605,h:13526,Q9Y2B5,VPS9D1,"VPS9 domain containing 1","gene with protein product"
110,T080346,452,0.2247,p3@UBL4B,e:164153,h:32309,Q8N7F7,UBL4B,"ubiquitin like 4B","gene with protein product"
111,T018133,449,0.2237,p2@CLPB,e:81570,h:30664,,CLPB,"ClpB homolog, mitochondrial AAA ATPase chaperonin","gene with protein product"
112,T107567,442,0.2203,p16@ASCC2,e:84164,h:24103,,ASCC2,"activating signal cointegrator 1 complex subunit 2","gene with protein product"
113,T199643,431,0.2144,p1@PPP1R2P9,e:80316,h:16324,,PPP1R2P9,"protein phosphatase 1 regulatory inhibitor subunit 2 pseudogene 9",pseudogene
114,T199655,427,0.2122,p5@MAOA,e:4128,h:6833,Q49A63,MAOA,"monoamine oxidase A","gene with protein product"
115,T025667,422,0.2106,p2@FAM186B,e:84070,h:25296,Q8IYM0,FAM186B,"family with sequence similarity 186 member B","gene with protein product"
116,T025696,421,0.2099,p17@TMBIM6,e:7009,h:11723,,TMBIM6,"transmembrane BAX inhibitor motif containing 6","gene with protein product"
117,T148281,407,0.2026,p1@C5orf48,e:389320,h:33767,Q6ZNM6,TEX43,"testis expressed 43","gene with protein product"
118,T057357,407,0.2023,p1@C17orf50,e:146853,h:29581,Q8WW18,C17orf50,"chromosome 17 open reading frame 50","gene with protein product"
119,T056532,399,0.1990,p2@KRT18P55,e:284085,h:26874,,KRT18P55,"keratin 18 pseudogene 55",pseudogene
120,T066157,393,0.1959,p3@C18orf8,e:29919,h:24326,,C18orf8,"chromosome 18 open reading frame 8","gene with protein product"
121,T051339,384,0.1913,p1@ZNF200,e:7752,h:12993,"P98182,B3KP91,D3DUB7,Q7Z5V1",ZNF200,"zinc finger protein 200","gene with protein product"
122,T074723,383,0.1908,p5@LYPD4,e:147719,h:28659,Q6UWN0,LYPD4,"LY6/PLAUR domain containing 4","gene with protein product"
123,T180679,381,0.1897,p28@KIAA1456,e:57604,h:26725,,KIAA1456,KIAA1456,"gene with protein product"
124,T007472,378,0.1878,p3@DYDC1,e:143241,h:23460,,DYDC1,"DPY30 domain containing 1","gene with protein product"
125,T129231,368,0.1829,p15@CDV3,e:55573,h:26928,Q9UKY7,CDV3,"CDV3 homolog","gene with protein product"
126,T198985,362,0.1802,p5@PRDX4,e:10549,h:17169,A6NJJ0,PRDX4,"peroxiredoxin 4","gene with protein product"
127,T033685,360,0.1791,p3@TRIM13,e:10206,h:9976,,TRIM13,"tripartite motif containing 13","gene with protein product"
128,T082246,358,0.1782,p3@ARNT,e:405,h:700,"P27540,O43392,Q59ED4,A8K6P0",ARNT,"aryl hydrocarbon receptor nuclear translocator","gene with protein product"
129,T045068,352,0.1756,p1@LDHAL6B,e:92483,h:21481,Q9BYZ2,LDHAL6B,"lactate dehydrogenase A like 6B","gene with protein product"
130,T061232,346,0.1724,p7@PPM1E,e:22843,h:19322,Q8WY54,PPM1E,"protein phosphatase, Mg2+/Mn2+ dependent 1E","gene with protein product"
131,T110245,346,0.1721,p1@ACR,e:49,h:126,"E9PLV5,P10323",ACR,acrosin,"gene with protein product"
132,T135435,344,0.1712,p3@ATRIP,e:84126,h:33499,,ATRIP,"ATR interacting protein","gene with protein product"
133,T048310,328,0.1635,p1@SPATA8,e:145946,h:28676,Q6RVD6,SPATA8,"spermatogenesis associated 8","gene with protein product"
134,T184645,308,0.1534,p1@ADAM2,e:2515,h:198,"Q6P2G0,B4DWY7",ADAM2,"ADAM metallopeptidase domain 2","gene with protein product"
135,T031104,307,0.1528,p1@C13orf27,e:93081,h:25188,"Q5JUR8,Q5JUR7",TEX30,"testis expressed 30","gene with protein product"
136,T048775,300,0.1490,p3@CACNA1H,e:8912,h:1395,"O95180,B3KQH9",CACNA1H,"calcium voltage-gated channel subunit alpha1 H","gene with protein product"
137,T108647,294,0.1464,p4@NOL12,e:79159,h:28585,,NOL12,"nucleolar protein 12","gene with protein product"
138,T126837,291,0.1446,p1@C3orf24,e:115795,h:28623,Q96PS1,FANCD2OS,"FANCD2 opposite strand","gene with protein product"
139,T077845,278,0.1386,p2@ZNRF4,e:148066,h:17726,Q8WWF5,ZNRF4,"zinc and ring finger 4","gene with protein product"
140,T009116,276,0.1373,p2@DDI1,e:414301,h:18961,Q8WTU0,DDI1,"DNA damage inducible 1 homolog 1","gene with protein product"
141,T201641,272,0.1353,p4@DDX3Y,e:8653,h:2699,B4DXX7,DDX3Y,"DEAD-box helicase 3, Y-linked","gene with protein product"
142,T194626,272,0.1353,p4@CDK20,e:23552,h:21420,,CDK20,"cyclin dependent kinase 20","gene with protein product"
143,T033301,266,0.1319,p3@SPERT,e:220082,h:30720,Q8NA61,SPERT,"spermatid associated","gene with protein product"
144,T057262,264,0.1315,p1@FNDC8,e:54752,h:25286,Q8TC99,FNDC8,"fibronectin type III domain containing 8","gene with protein product"
145,T040371,242,0.1203,p5@FAM161B,e:145483,h:19854,"Q96MY7,B7Z882",FAM161B,"family with sequence similarity 161 member B","gene with protein product"
146,T121606,236,0.1172,p1@C2orf53,e:339779,h:28677,"Q53SZ7,C9JVA3",PRR30,"proline rich 30","gene with protein product"
147,T122552,235,0.1171,p6@FAM82A1,e:151393,h:26567,"C9JGB2,Q96LZ7",RMDN2,"regulator of microtubule dynamics 2","gene with protein product"
148,T017096,228,0.1134,p18@EFEMP2,e:30008,h:3219,,EFEMP2,"EGF containing fibulin like extracellular matrix protein 2","gene with protein product"
149,T016903,222,0.1106,p7@MALAT1,e:378938,h:29665,,MALAT1,"metastasis associated lung adenocarcinoma transcript 1 (non-protein coding)","RNA, long non-coding"
150,T040118,214,0.1066,p1@ADAM21,e:8747,h:200,Q9UKJ8,ADAM21,"ADAM metallopeptidase domain 21","gene with protein product"
151,T061659,213,0.1063,p2@ACE,e:1636,h:2707,F6X3S4,ACE,"angiotensin I converting enzyme","gene with protein product"
152,T106537,208,0.1036,p1@TSSK2,e:23617,h:11401,"Q96PF2,A0ZT99",TSSK2,"testis specific serine kinase 2","gene with protein product"
153,T094991,207,0.1031,p3@NSUN4,e:387338,h:31802,B4DHA4,NSUN4,"NOP2/Sun RNA methyltransferase family member 4","gene with protein product"
154,T130786,202,0.1006,p3@COLQ,e:8292,h:2226,"C9JBB2,Q9Y215",COLQ,"collagen like tail subunit of asymmetric acetylcholinesterase","gene with protein product"
155,T077844,198,0.0987,p1@ZNRF4,e:148066,h:17726,Q8WWF5,ZNRF4,"zinc and ring finger 4","gene with protein product"
156,T121562,195,0.0972,p3@MAPRE3,e:22924,h:6892,,MAPRE3,"microtubule associated protein RP/EB family member 3","gene with protein product"
157,T126580,195,0.0970,p2@VWA3B,e:200403,h:28385,,VWA3B,"von Willebrand factor A domain containing 3B","gene with protein product"
158,T099558,191,0.0952,p2@DUSP15,e:128853,h:16236,"Q9H1R2,E9PCT6,A8MVC8",DUSP15,"dual specificity phosphatase 15","gene with protein product"
159,T150100,191,0.0951,p4@SH3RF2,e:153769,h:26299,F5H4H3,SH3RF2,"SH3 domain containing ring finger 2","gene with protein product"
160,T062803,189,0.0940,p3@DNAI2,e:64446,h:18744,,DNAI2,"dynein axonemal intermediate chain 2","gene with protein product"
161,T089451,186,0.0927,p1@FAM71A,e:149647,h:26541,,FAM71A,"family with sequence similarity 71 member A","gene with protein product"
162,T080345,185,0.0921,p1@UBL4B,e:164153,h:32309,Q8N7F7,UBL4B,"ubiquitin like 4B","gene with protein product"
163,T119001,185,0.0921,p2@TTLL4,e:9654,h:28976,"C9JB60,E7EX20",TTLL4,"tubulin tyrosine ligase like 4","gene with protein product"
164,T075045,175,0.0872,p3@TEX101,e:83639,h:30722,Q9BY14,TEX101,"testis expressed 101","gene with protein product"
165,T048309,174,0.0869,p2@SPATA8,e:145946,h:28676,Q6RVD6,SPATA8,"spermatogenesis associated 8","gene with protein product"
166,T132662,174,0.0868,p5@EIF4A2,e:1974,h:3284,,EIF4A2,"eukaryotic translation initiation factor 4A2","gene with protein product"
167,T072551,174,0.0867,p9@URI1,e:8725,h:13236,Q8TC23,URI1,"URI1, prefoldin like chaperone","gene with protein product"
168,T100359,170,0.0846,p5@NDRG3,e:57446,h:14462,Q5TH29,NDRG3,"NDRG family member 3","gene with protein product"
169,T145686,170,0.0845,p2@ART3,e:419,h:725,"E9PGR5,Q13508",ART3,"ADP-ribosyltransferase 3","gene with protein product"
170,T126581,169,0.0842,p1@VWA3B,e:200403,h:28385,"F8WD48,Q502W6",VWA3B,"von Willebrand factor A domain containing 3B","gene with protein product"
171,T038784,167,0.0833,p35@SAMD4A,e:23034,h:23023,,SAMD4A,"sterile alpha motif domain containing 4A","gene with protein product"
172,T077680,165,0.0821,p3@BIRC8,e:112401,h:14878,"Q96P09,Q6PIA0",BIRC8,"baculoviral IAP repeat containing 8","gene with protein product"
173,T106538,163,0.0811,p3@TSSK2,e:23617,h:11401,Q96PF2,TSSK2,"testis specific serine kinase 2","gene with protein product"
174,T046309,163,0.0810,p4@TBC1D21,e:161514,h:28536,Q8IYX1,TBC1D21,"TBC1 domain family member 21","gene with protein product"
175,T086088,160,0.0797,p1@C1orf49,e:84066,h:25366,"Q5T0K0,Q5T0J8",TEX35,"testis expressed 35","gene with protein product"
176,T110199,155,0.0770,p1@SYCE3,e:644186,h:35245,A1L190,SYCE3,"synaptonemal complex central element protein 3","gene with protein product"
177,T165131,146,0.0727,p3@ARMC12,e:221481,h:21099,,ARMC12,"armadillo repeat containing 12","gene with protein product"
178,T009117,146,0.0727,p1@DDI1,e:414301,h:18961,Q8WTU0,DDI1,"DNA damage inducible 1 homolog 1","gene with protein product"
179,T198013,135,0.0672,p3@MAMLD1,e:10046,h:2568,F6WVG1,MAMLD1,"mastermind like domain containing 1","gene with protein product"
180,T165659,132,0.0657,p2@C6orf201,e:404220,h:21620,"F8W941,F5H3V8,B3KW47,Q7Z4U5",C6orf201,"chromosome 6 open reading frame 201","gene with protein product"
181,T030589,131,0.0651,p1@CCDC38,e:120935,h:26843,"F8VTU7,F8VY05",CCDC38,"coiled-coil domain containing 38","gene with protein product"
182,T050748,130,0.0648,p32@ALDOA,e:226,h:414,P04075,ALDOA,"aldolase, fructose-bisphosphate A","gene with protein product"
183,T024047,127,0.0633,p1@LINC00477,e:144360,h:26557,Q96M19,LINC00477,"long intergenic non-protein coding RNA 477","RNA, long non-coding"
184,T136036,122,0.0607,p2@IQCF3,e:401067,h:31816,F2Z334,IQCF3,"IQ motif containing F3","gene with protein product"
185,T099740,118,0.0587,p1@SUN5,e:140732,h:16252,Q8TC36,SUN5,"Sad1 and UNC84 domain containing 5","gene with protein product"
186,T098439,117,0.0582,p17@PSMF1,e:9491,h:9571,"Q92530,F5H4Z3",PSMF1,"proteasome inhibitor subunit 1","gene with protein product"
187,T018718,107,0.0533,p7@PAK1,e:5058,h:8590,Q13153,PAK1,"p21 (RAC1) activated kinase 1","gene with protein product"
188,T031103,107,0.0533,p2@C13orf27,e:93081,h:25188,Q5JUS0,TEX30,"testis expressed 30","gene with protein product"
189,T175323,107,0.0533,p1@FAM183B,,h:34511,Q6ZVS7,FAM183BP,"family with sequence similarity 183 member B, pseudogene",pseudogene
190,T057045,105,0.0523,p3@LRRC37B,e:114659,h:29070,Q17RC9,LRRC37B,"leucine rich repeat containing 37B","gene with protein product"
191,T004142,103,0.0513,p1@LYZL2,e:119180,h:29613,Q7Z4W2,LYZL2,"lysozyme like 2","gene with protein product"
192,T188629,102,0.0508,p1@C9orf147,,h:31438,,C9orf147,"chromosome 9 open reading frame 147",unknown
193,T100624,101,0.0502,p1@ADIG,e:149685,h:28606,"F5GXV4,Q0VDE8",ADIG,adipogenin,"gene with protein product"
194,T060545,101,0.0501,p2@SPATA20,e:64847,h:26125,,SPATA20,"spermatogenesis associated 20","gene with protein product"
195,T042116,100,0.0498,p8@CERS3,e:204219,h:23752,Q8IU89,CERS3,"ceramide synthase 3","gene with protein product"
196,T110685,100,0.0498,p15@ODC1,e:4953,h:8109,"P11926,C9JG30",ODC1,"ornithine decarboxylase 1","gene with protein product"
197,T198742,99,0.0494,p3@SCML1,e:6322,h:10580,,SCML1,"sex comb on midleg-like 1 (Drosophila)","gene with protein product"
198,T187634,96,0.0478,p4@C9orf174,e:100499483,h:29303,,CCDC180,"coiled-coil domain containing 180","gene with protein product"
199,T096863,94,0.0469,p4@GIPC2,e:54810,h:18177,,GIPC2,"GIPC PDZ domain containing family member 2","gene with protein product"
200,T018203,91,0.0453,p21@STARD10,e:10809,h:10666,F5H8G1,STARD10,"StAR related lipid transfer domain containing 10","gene with protein product"
201,T011121,91,0.0453,p1@TMEM225,e:338661,h:32390,"Q6GV28,E9PLT9",TMEM225,"transmembrane protein 225","gene with protein product"
202,T188654,90,0.0448,p3@SLC31A2,e:1318,h:11017,F2Z3D2,SLC31A2,"solute carrier family 31 member 2","gene with protein product"
203,T032526,90,0.0448,p1@LINC00447,e:100507064,h:42784,,TEX26-AS1,"TEX26 antisense RNA 1","RNA, long non-coding"
204,T072170,89,0.0444,p2@AMH,e:268,h:464,P03971,AMH,"anti-Mullerian hormone","gene with protein product"
205,T122394,87,0.0433,p1@ALLC,e:55821,h:17377,"B4DY77,Q8N6M5",ALLC,allantoicase,"gene with protein product"
206,T058323,87,0.0432,p5@KRT23,e:25984,h:6438,Q9C075,KRT23,"keratin 23","gene with protein product"
207,T041634,86,0.0429,p2@FAM181A,e:90050,h:20491,Q8N9Y4,FAM181A,"family with sequence similarity 181 member A","gene with protein product"
208,T116977,84,0.0418,p4@BOLL,e:66037,h:14273,Q8N9W6,BOLL,"boule homolog, RNA binding protein","gene with protein product"
209,T046310,84,0.0417,p2@TBC1D21,e:161514,h:28536,Q8IYX1,TBC1D21,"TBC1 domain family member 21","gene with protein product"
210,T020983,83,0.0414,p6@GPN3,e:51184,h:30186,,GPN3,"GPN-loop GTPase 3","gene with protein product"
211,T061426,83,0.0412,p6@APPBP2,e:10513,h:622,Q92624,APPBP2,"amyloid beta precursor protein binding protein 2","gene with protein product"
212,T025870,81,0.0404,p1@TMPRSS12,e:283471,h:28779,"Q86WS5,F8WBX2",TMPRSS12,"transmembrane protease, serine 12","gene with protein product"
213,T136034,80,0.0398,p1@IQCF3,"e:401067,e:100506840",h:31816,P0C7M6,IQCF3,"IQ motif containing F3","gene with protein product"
214,T027878,79,0.0394,p4@RPS11P6,,h:36693,,RPS11P6,"ribosomal protein S11 pseudogene 6",pseudogene
215,T006928,79,0.0394,p3@DUSP13,e:51207,h:19681,Q9UII6,DUSP13,"dual specificity phosphatase 13","gene with protein product"
216,T099877,78,0.0388,p1@C20orf144,e:128864,h:16137,Q9BQM9,C20orf144,"chromosome 20 open reading frame 144","gene with protein product"
217,T116308,77,0.0383,"p1@NT5C1B-RDH14,p1@NT5C1B","e:93034,e:100526794","h:17818,h:38831","C4AM88,C9J2C7",NT5C1B,"5'-nucleotidase, cytosolic IB","gene with protein product"
218,T051747,75,0.0373,p1@SEPT12,e:124404,h:26348,Q8IYM1,SEPT12,"septin 12","gene with protein product"
219,T050153,74,0.0368,p2@C16orf82,e:162083,h:30755,Q7Z2V1,C16orf82,"chromosome 16 open reading frame 82",unknown
220,T194283,74,0.0368,p1@DMRT1,e:1761,h:2934,"Q9Y5R6,F5GW87,Q6T1H9",DMRT1,"doublesex and mab-3 related transcription factor 1","gene with protein product"
221,T032183,70,0.0349,p4@WASF3,e:10810,h:12734,,WASF3,"WAS protein family member 3","gene with protein product"
222,T061582,69,0.0344,p3@MARCH10,e:162333,h:26655,"Q8NA82,B3KVK0",MARCH10,"membrane associated ring-CH-type finger 10","gene with protein product"
223,T031477,67,0.0334,p1@C13orf16,e:121793,h:20370,Q8N6K0,TEX29,"testis expressed 29","gene with protein product"
224,T061211,66,0.0329,p1@C17orf47,e:284083,h:26844,Q8NEP4,C17orf47,"chromosome 17 open reading frame 47","gene with protein product"
225,T041666,66,0.0329,p1@LINC00521,e:256369,h:19860,Q8NCU1,LINC00521,"long intergenic non-protein coding RNA 521","RNA, long non-coding"
226,T057260,65,0.0324,p2@FNDC8,e:54752,h:25286,Q8TC99,FNDC8,"fibronectin type III domain containing 8","gene with protein product"
227,T025666,65,0.0324,p1@FAM186B,e:84070,h:25296,F8VRJ5,FAM186B,"family with sequence similarity 186 member B","gene with protein product"
228,T020675,64,0.0319,p8@CSDA,e:8531,h:2428,,YBX3,"Y-box binding protein 3","gene with protein product"
229,T097580,62,0.0309,p5@GBP5,e:115362,h:19895,Q96PP8,GBP5,"guanylate binding protein 5","gene with protein product"
230,T157757,62,0.0309,p2@AMD1,e:262,h:457,,AMD1,"adenosylmethionine decarboxylase 1","gene with protein product"
231,T086419,61,0.0304,p1@SHCBP1L,e:81626,h:16788,,SHCBP1L,"SHC binding and spindle associated 1 like","gene with protein product"
232,T100130,59,0.0293,p1@C20orf173,e:140873,h:16166,"Q96LM9,Q4VXS0,E9PFA0,Q4VXR9",C20orf173,"chromosome 20 open reading frame 173","gene with protein product"
233,T133449,56,0.0279,p1@ZDHHC19,e:131540,h:20713,Q8WVZ1,ZDHHC19,"zinc finger DHHC-type containing 19","gene with protein product"
234,T023013,56,0.0278,p1@PIWIL1,e:9271,h:9007,"F5H889,Q96J94",PIWIL1,"piwi like RNA-mediated gene silencing 1","gene with protein product"
235,T078847,55,0.0273,p14@GTF2F1,e:2962,h:4652,P35269,GTF2F1,"general transcription factor IIF subunit 1","gene with protein product"
236,T022678,52,0.0259,p15@UBC,e:7316,h:12468,F5H388,UBC,"ubiquitin C","gene with protein product"
237,T090044,52,0.0259,p9@DUSP10,e:11221,h:3065,,DUSP10,"dual specificity phosphatase 10","gene with protein product"
238,T099176,52,0.0259,p1@CST8,e:10047,h:2480,A2A2N0,CST8,"cystatin 8","gene with protein product"
239,T170622,51,0.0254,p2@FAM71F1,e:84691,h:30704,"Q96KD3,F8WC62",FAM71F1,"family with sequence similarity 71 member F1","gene with protein product"
240,T117857,50,0.0249,p4@PIKFYVE,e:200576,h:23785,"Q9Y2I7,E7EQQ9,F8WEZ0,Q08AR7,Q6ZS32",PIKFYVE,"phosphoinositide kinase, FYVE-type zinc finger containing","gene with protein product"
241,T027742,50,0.0248,p1@FAM19A2,e:338811,h:21589,F8VWB2,FAM19A2,"family with sequence similarity 19 member A2, C-C motif chemokine like","gene with protein product"
242,T052664,49,0.0244,p1@PRSS54,e:221191,h:26336,F5H6C6,PRSS54,"protease, serine 54","gene with protein product"
243,T055755,49,0.0244,p6@NCOR1,e:9611,h:7672,,NCOR1,"nuclear receptor corepressor 1","gene with protein product"
244,T130685,49,0.0244,p5@METTL6,e:131965,h:28343,Q8TCB7,METTL6,"methyltransferase like 6","gene with protein product"
245,T196839,48,0.0239,p31@CUL4B,e:8450,h:2555,,CUL4B,"cullin 4B","gene with protein product"
246,T004414,47,0.0233,p22@CREM,e:1390,h:2352,Q03060,CREM,"cAMP responsive element modulator","gene with protein product"
247,T085198,46,0.0229,p5@MAEL,e:84944,h:25929,Q96JY0,MAEL,"maelstrom spermatogenic transposon silencer","gene with protein product"
248,T093688,46,0.0229,p7@PHC2,e:1912,h:3183,,PHC2,"polyhomeotic homolog 2","gene with protein product"
249,T074350,46,0.0229,p4@BLVRB,e:645,h:1063,P30043,BLVRB,"biliverdin reductase B","gene with protein product"
250,T007259,46,0.0229,p29@ZMIZ1,e:57178,h:16493,D4YW76,ZMIZ1,"zinc finger MIZ-type containing 1","gene with protein product"
251,T031522,45,0.0224,p1@SPACA7,e:122258,h:29575,"Q5T8L5,Q96KW9",SPACA7,"sperm acrosome associated 7","gene with protein product"
252,T151399,44,0.0219,p1@C5orf52,e:100190949,h:35121,A6NGY3,C5orf52,"chromosome 5 open reading frame 52","gene with protein product"
253,T154612,44,0.0219,p7@SLC38A9,e:153129,h:26907,D6RHW0,SLC38A9,"solute carrier family 38 member 9","gene with protein product"
254,T116518,44,0.0219,p15@C2orf88,e:84281,h:28191,,C2orf88,"chromosome 2 open reading frame 88","gene with protein product"
255,T147213,43,0.0214,p2@SLCO6A1,e:133482,h:23613,"C9J020,Q86UG4",SLCO6A1,"solute carrier organic anion transporter family member 6A1","gene with protein product"
256,T079180,42,0.0210,p2@PEX11G,e:92960,h:20208,,PEX11G,"peroxisomal biogenesis factor 11 gamma","gene with protein product"
257,T122290,42,0.0209,p1@MYADML,,h:31019,,MYADML,"myeloid associated differentiation marker like (pseudogene)",pseudogene
258,T068172,42,0.0209,p1@CETN1,e:1068,h:1866,Q12798,CETN1,"centrin 1","gene with protein product"
259,T099182,42,0.0209,p1@CST9L,e:128821,h:16233,Q9H4G1,CST9L,"cystatin 9-like","gene with protein product"
260,T183220,42,0.0209,p52@SORBS3,e:10174,h:30907,,SORBS3,"sorbin and SH3 domain containing 3","gene with protein product"
261,T068171,42,0.0209,p2@CETN1,e:1068,h:1866,Q12798,CETN1,"centrin 1","gene with protein product"
262,T125202,41,0.0204,p6@SLC4A5,e:57835,h:18168,"Q9BY07,E7ETM3,C9JW32,E7EWF7",SLC4A5,"solute carrier family 4 member 5","gene with protein product"
263,T048664,41,0.0204,p3@PRM1,e:5619,h:9447,P04553,PRM1,"protamine 1","gene with protein product"
264,T192045,40,0.0200,p2@FAM154A,e:158297,h:28566,"Q5VZT6,F6S232",SAXO1,"stabilizer of axonemal microtubules 1","gene with protein product"
265,T182399,40,0.0199,p15@SHARPIN,e:81858,h:25321,,SHARPIN,"SHANK associated RH domain interactor","gene with protein product"
266,T120365,40,0.0199,p1@DNAJB3,e:414061,h:32397,Q8WWF6,DNAJB3,"DnaJ heat shock protein family (Hsp40) member B3",unknown
267,T113979,40,0.0199,p3@ITGB6,e:3694,h:6161,,ITGB6,"integrin subunit beta 6","gene with protein product"
268,T025694,39,0.0195,p9@TMBIM6,e:7009,h:11723,,TMBIM6,"transmembrane BAX inhibitor motif containing 6","gene with protein product"
269,T011894,39,0.0195,p1@SPATA19,e:219938,h:30614,Q7Z5L4,SPATA19,"spermatogenesis associated 19","gene with protein product"
270,T166248,39,0.0194,p3@SPATS1,e:221409,h:22957,Q496A3,SPATS1,"spermatogenesis associated serine rich 1","gene with protein product"
271,T165132,39,0.0194,p1@ARMC12,e:221481,h:21099,Q5T9G4,ARMC12,"armadillo repeat containing 12","gene with protein product"
272,T079184,38,0.0189,p10@C19orf45,e:374877,h:24745,Q8NA69,C19orf45,"chromosome 19 open reading frame 45","gene with protein product"
273,T174048,37,0.0184,p8@STK31,e:56164,h:11407,E9PRQ0,STK31,"serine/threonine kinase 31","gene with protein product"
274,T108836,37,0.0184,p43@DDX17,e:10521,h:2740,,DDX17,"DEAD-box helicase 17","gene with protein product"
275,T147990,37,0.0184,p1@FAM170A,e:340069,h:27963,"D6RIE9,A1A519",FAM170A,"family with sequence similarity 170 member A","gene with protein product"
276,T029482,37,0.0184,p9@SLC2A14,e:144195,h:18301,,SLC2A14,"solute carrier family 2 member 14","gene with protein product"
277,T127417,36,0.0180,p6@SLC35A5,e:55032,h:20792,,SLC35A5,"solute carrier family 35 member A5","gene with protein product"
278,T063093,36,0.0179,p1@SPEM1,e:374768,h:32429,E9PCA5,SPEM1,"spermatid maturation 1","gene with protein product"
279,T090228,35,0.0175,p1@C1orf65,e:164127,h:26654,Q8N715,CCDC185,"coiled-coil domain containing 185","gene with protein product"
280,T016161,35,0.0174,p1@HRASLS5,e:117245,h:24978,,HRASLS5,"HRAS like suppressor family member 5","gene with protein product"
281,T010785,35,0.0174,p13@MICAL2,e:9645,h:24693,"E9PJB0,F5H8E8",MICAL2,"microtubule associated monooxygenase, calponin and LIM domain containing 2","gene with protein product"
282,T057389,34,0.0169,p2@LYZL6,e:57151,h:29614,O75951,LYZL6,"lysozyme like 6","gene with protein product"
283,T021811,34,0.0169,p26@CIT,e:11113,h:1985,,CIT,"citron rho-interacting serine/threonine kinase","gene with protein product"
284,T022279,33,0.0164,p26@CLIP1,e:6249,h:10461,F5H6A0,CLIP1,"CAP-Gly domain containing linker protein 1","gene with protein product"
285,T169791,32,0.0160,p3@ZNF277,e:11179,h:13070,E7EW13,ZNF277,"zinc finger protein 277","gene with protein product"
286,T034219,32,0.0159,p1@LINC00347,e:338864,h:27890,,LINC00347,"long intergenic non-protein coding RNA 347","RNA, long non-coding"
287,T010633,31,0.0155,p3@USP2,e:9099,h:12618,E9PPM2,USP2,"ubiquitin specific peptidase 2","gene with protein product"
288,T129667,31,0.0154,p8@ACPL2,e:92370,h:26303,,PXYLP1,"2-phosphoxylose phosphatase 1","gene with protein product"
289,T162219,31,0.0154,p8@TBP,e:6908,h:11588,Q7Z6S4,TBP,"TATA-box binding protein","gene with protein product"
290,T116980,30,0.0150,p1@BOLL,e:66037,h:14273,Q8N9W6,BOLL,"boule homolog, RNA binding protein","gene with protein product"
291,T024970,30,0.0149,p9@PPHLN1,e:51535,h:19369,"F8VPY7,F8VWU8",PPHLN1,"periphilin 1","gene with protein product"
292,T057928,30,0.0149,p1@ZPBP2,e:124626,h:20678,Q6X784,ZPBP2,"zona pellucida binding protein 2","gene with protein product"
293,T025477,29,0.0145,p8@CCNT1,e:904,h:1599,O60563,CCNT1,"cyclin T1","gene with protein product"
294,T006927,28,0.0140,p6@DUSP13,e:51207,h:19681,,DUSP13,"dual specificity phosphatase 13","gene with protein product"
295,T109150,28,0.0140,p1@DNAJB7,e:150353,h:24986,Q7Z6W7,DNAJB7,"DnaJ heat shock protein family (Hsp40) member B7","gene with protein product"
296,T083742,27,0.0135,p2@ISG20L2,e:81875,h:25745,Q9H9L3,ISG20L2,"interferon stimulated exonuclease gene 20 like 2","gene with protein product"
297,T000093,27,0.0135,p3@ERLIN1,e:10613,h:16947,"D3DR65,O75477",ERLIN1,"ER lipid raft associated 1","gene with protein product"
298,T166241,27,0.0135,p1@TCTE1,e:202500,h:11693,Q5JU00,TCTE1,"t-complex-associated-testis-expressed 1","gene with protein product"
299,T194301,26,0.0130,p1@FAM75D5,e:347127,h:38602,,SPATA31D5P,"SPATA31 subfamily D member 5, pseudogene",pseudogene
300,T136037,26,0.0129,p1@IQCF2,e:389123,h:31815,Q8IXL9,IQCF2,"IQ motif containing F2","gene with protein product"
301,T133685,25,0.0125,p3@PP2D1,,h:28406,,PP2D1,"protein phosphatase 2C like domain containing 1","gene with protein product"
302,T058598,25,0.0125,p2@KLHL10,e:317719,h:18829,C9JHB3,KLHL10,"kelch like family member 10","gene with protein product"
303,T057356,25,0.0125,p2@C17orf50,e:146853,h:29581,Q8WW18,C17orf50,"chromosome 17 open reading frame 50","gene with protein product"
304,T122437,25,0.0125,p2@C2orf56,e:55471,h:28816,C9JS27,NDUFAF7,"NADH:ubiquinone oxidoreductase complex assembly factor 7","gene with protein product"
305,T093192,25,0.0124,p1@ACTRT2,e:140625,h:24026,"Q8TDY3,Q96LK1",ACTRT2,"actin related protein T2","gene with protein product"
306,T198754,25,0.0124,p1@BEND2,e:139105,h:28509,Q8NDZ0,BEND2,"BEN domain containing 2","gene with protein product"
307,T058327,25,0.0124,p12@KRT23,e:25984,h:6438,"Q8TC04,Q9C075,Q9UFN7,B2RBC7",KRT23,"keratin 23","gene with protein product"
308,T165658,24,0.0120,p4@C6orf201,e:404220,h:21620,"F8W941,F5H3V8,B3KW47,Q7Z4U5",C6orf201,"chromosome 6 open reading frame 201","gene with protein product"
309,T170354,24,0.0120,p2@RNF133,e:168433,h:21154,Q8WVZ7,RNF133,"ring finger protein 133","gene with protein product"
310,T025461,24,0.0119,p1@H1FNT,e:341567,h:24893,Q75WM6,H1FNT,"H1 histone family member N, testis specific","gene with protein product"
311,T014932,23,0.0115,p1@UBQLN3,e:50613,h:12510,C9IYQ4,UBQLN3,"ubiquilin 3","gene with protein product"
312,T165133,23,0.0114,p2@ARMC12,e:221481,h:21099,"Q5T9G4,F8WC51",ARMC12,"armadillo repeat containing 12","gene with protein product"
313,T074726,22,0.0110,p1@DMRTC2,e:63946,h:13911,Q8IXT2,DMRTC2,"DMRT like family C2","gene with protein product"
314,T084903,22,0.0110,p1@C1orf111,e:284680,h:27648,,SPATA46,"spermatogenesis associated 46","gene with protein product"
315,T061660,22,0.0110,p5@ACE,e:1636,h:2707,F6X3S4,ACE,"angiotensin I converting enzyme","gene with protein product"
316,T142012,22,0.0110,p6@LAP3,e:51056,h:18449,P28838,LAP3,"leucine aminopeptidase 3","gene with protein product"
317,T149414,22,0.0110,p4@DNAJC18,e:202052,h:28429,"D6REJ9,D6RB03",DNAJC18,"DnaJ heat shock protein family (Hsp40) member C18","gene with protein product"
318,T021288,22,0.0110,p2@PLBD2,e:196463,h:27283,,PLBD2,"phospholipase B domain containing 2","gene with protein product"
319,T079185,22,0.0110,p8@C19orf45,e:374877,h:24745,Q8NA69,C19orf45,"chromosome 19 open reading frame 45","gene with protein product"
320,T113705,22,0.0109,p20@GPD2,e:2820,h:4456,"P43304,E9PDK4",GPD2,"glycerol-3-phosphate dehydrogenase 2","gene with protein product"
321,T028236,21,0.0105,p1@ACRBP,e:84519,h:17195,"E7EP66,F5H3P4,F5H2C2,Q8NEB7",ACRBP,"acrosin binding protein","gene with protein product"
322,T047927,21,0.0105,p27@MAN2A2,e:4122,h:6825,,MAN2A2,"mannosidase alpha class 2A member 2","gene with protein product"
323,T096699,21,0.0105,p6@SLC44A5,e:204962,h:28524,Q8NCS7,SLC44A5,"solute carrier family 44 member 5","gene with protein product"
324,T062688,21,0.0105,p2@SDK2,e:54549,h:19308,,SDK2,"sidekick cell adhesion molecule 2","gene with protein product"
325,T019475,21,0.0104,p1@NRIP3,e:56675,h:1167,E9PIW3,NRIP3,"nuclear receptor interacting protein 3","gene with protein product"
326,T110203,21,0.0104,p4@CPT1B,e:1375,h:2329,Q92523,CPT1B,"carnitine palmitoyltransferase 1B","gene with protein product"
327,T004413,19,0.0095,p29@CREM,e:1390,h:2352,Q03060,CREM,"cAMP responsive element modulator","gene with protein product"
328,T094320,19,0.0094,p1@TMCO2,e:127391,h:23312,Q7Z6W1,TMCO2,"transmembrane and coiled-coil domains 2","gene with protein product"
329,T022333,19,0.0094,p8@CCDC62,e:84660,h:30723,F5H0F1,CCDC62,"coiled-coil domain containing 62","gene with protein product"
330,T020892,18,0.0090,p3@PRR4,e:11272,h:18020,,PRR4,"proline rich 4 (lacrimal)","gene with protein product"
331,T005444,18,0.0090,p3@TFAM,e:7019,h:11741,Q00059,TFAM,"transcription factor A, mitochondrial","gene with protein product"
332,T046401,18,0.0090,p4@CCDC33,e:80125,h:26552,Q8N5R6,CCDC33,"coiled-coil domain containing 33","gene with protein product"
333,T073231,18,0.0090,p1@GAPDHS,e:26330,h:24864,O14556,GAPDHS,"glyceraldehyde-3-phosphate dehydrogenase, spermatogenic","gene with protein product"
334,T200291,18,0.0089,p2@NUDT11,e:55190,h:18011,Q96G61,NUDT11,"nudix hydrolase 11","gene with protein product"
335,T116979,18,0.0089,p5@BOLL,e:66037,h:14273,Q8N9W6,BOLL,"boule homolog, RNA binding protein","gene with protein product"
336,T100356,18,0.0089,p4@NDRG3,e:57446,h:14462,Q5TH29,NDRG3,"NDRG family member 3","gene with protein product"
337,T161493,18,0.0089,p48@SOD2,e:6648,h:11180,F5H3C5,SOD2,"superoxide dismutase 2","gene with protein product"
338,T139254,16,0.0080,p8@SEC24D,e:9871,h:10706,"E9PC44,D6RBM1,D6RAE2",SEC24D,"SEC24 homolog D, COPII coat complex component","gene with protein product"
339,T093049,16,0.0080,p2@EYA3,e:2140,h:3521,Q99504,EYA3,"EYA transcriptional coactivator and phosphatase 3","gene with protein product"
340,T112152,16,0.0080,p9@SMPD4,e:55627,h:32949,C9J647,SMPD4,"sphingomyelin phosphodiesterase 4","gene with protein product"
341,T185143,16,0.0080,p3@PXDNL,e:137902,h:26359,,PXDNL,"peroxidasin like","gene with protein product"
342,T061234,16,0.0080,p4@PPM1E,e:22843,h:19322,Q8WY54,PPM1E,"protein phosphatase, Mg2+/Mn2+ dependent 1E","gene with protein product"
343,T037356,16,0.0080,p1@TSSK4,e:283629,h:19825,,TSSK4,"testis specific serine kinase 4","gene with protein product"
344,T190526,16,0.0079,p25@NUP214,e:8021,h:8064,,NUP214,"nucleoporin 214","gene with protein product"
345,T127831,16,0.0079,p8@IGSF11,e:152404,h:16669,,IGSF11,"immunoglobulin superfamily member 11","gene with protein product"
346,T084904,15,0.0075,p2@C1orf111,e:284680,h:27648,Q5T0L3,SPATA46,"spermatogenesis associated 46","gene with protein product"
347,T059514,15,0.0075,p1@C17orf46,e:124783,h:26349,B7Z7K7,SPATA32,"spermatogenesis associated 32","gene with protein product"
348,T031922,15,0.0075,p7@SAP18,e:10284,h:10530,O00422,SAP18,"Sin3A associated protein 18","gene with protein product"
349,T147577,15,0.0075,p6@SLC25A46,e:91137,h:25198,,SLC25A46,"solute carrier family 25 member 46","gene with protein product"
350,T003854,15,0.0075,p6@ARMC4,e:55130,h:25583,B7Z7I1,ARMC4,"armadillo repeat containing 4","gene with protein product"
351,T036399,15,0.0075,p3@TPPP2,e:122664,h:19293,P59282,TPPP2,"tubulin polymerization promoting protein family member 2","gene with protein product"
352,T017921,15,0.0075,p17@ANO1,e:55107,h:21625,,ANO1,"anoctamin 1","gene with protein product"
353,T123278,15,0.0075,p2@C2orf61,e:285051,h:26850,Q8N801,C2orf61,"chromosome 2 open reading frame 61","gene with protein product"
354,T094321,15,0.0075,p2@TMCO2,e:127391,h:23312,Q7Z6W1,TMCO2,"transmembrane and coiled-coil domains 2","gene with protein product"
355,T091970,15,0.0075,p1@C1orf100,e:200159,h:30435,Q5SVJ3,C1orf100,"chromosome 1 open reading frame 100","gene with protein product"
356,T036400,15,0.0074,p1@TPPP2,e:122664,h:19293,"P59282,D6RIC1",TPPP2,"tubulin polymerization promoting protein family member 2","gene with protein product"
357,T190089,14,0.0070,p9@ODF2,e:4957,h:8114,,ODF2,"outer dense fiber of sperm tails 2","gene with protein product"
358,T140929,13,0.0065,p2@RBM46,e:166863,h:28401,"B3KWU8,Q8TBY0",RBM46,"RNA binding motif protein 46","gene with protein product"
359,T057117,13,0.0065,p1@SPACA3,e:124912,h:16260,"Q8IXA5,E9PF91",SPACA3,"sperm acrosome associated 3","gene with protein product"
360,T190525,13,0.0065,p9@NUP214,e:8021,h:8064,E9PKD2,NUP214,"nucleoporin 214","gene with protein product"
361,T017235,13,0.0065,p5@CNIH2,e:254263,h:28744,,CNIH2,"cornichon family AMPA receptor auxiliary protein 2","gene with protein product"
362,T168319,13,0.0065,p4@PNRC1,e:10957,h:17278,,PNRC1,"proline rich nuclear receptor coactivator 1","gene with protein product"
363,T123199,13,0.0065,p2@ATP6V1E2,e:90423,h:18125,Q96A05,ATP6V1E2,"ATPase H+ transporting V1 subunit E2","gene with protein product"
364,T052625,12,0.0060,p2@TEPP,e:374739,h:33745,Q6URK8,TEPP,"testis, prostate and placenta expressed","gene with protein product"
365,T116535,12,0.0060,p10@HIBCH,e:26275,h:4908,,HIBCH,"3-hydroxyisobutyryl-CoA hydrolase","gene with protein product"
366,T100357,12,0.0060,p6@NDRG3,e:57446,h:14462,Q5TH29,NDRG3,"NDRG family member 3","gene with protein product"
367,T190524,12,0.0060,p40@NUP214,e:8021,h:8064,B7ZAV2,NUP214,"nucleoporin 214","gene with protein product"
368,T151396,12,0.0060,p5@SOX30,e:11063,h:30635,O94993,SOX30,"SRY-box 30","gene with protein product"
369,T147355,12,0.0060,p3@ROPN1L,e:83853,h:24060,,ROPN1L,"rhophilin associated tail protein 1 like","gene with protein product"
370,T094429,12,0.0060,p1@SLFNL1,e:200172,h:26313,Q499Z3,SLFNL1,"schlafen like 1","gene with protein product"
371,T014430,12,0.0060,p2@C11orf94,e:143678,h:37213,C9JXX5,C11orf94,"chromosome 11 open reading frame 94","gene with protein product"
372,T084917,12,0.0060,p5@UAP1,e:6675,h:12457,Q16222,UAP1,"UDP-N-acetylglucosamine pyrophosphorylase 1","gene with protein product"
373,T199656,12,0.0060,p3@MAOA,e:4128,h:6833,Q49A63,MAOA,"monoamine oxidase A","gene with protein product"
374,T193116,12,0.0060,p2@CCIN,e:881,h:1568,"Q13939,Q8WWB2,Q8WX35",CCIN,calicin,"gene with protein product"
375,T136038,12,0.0060,p1@IQCF5,e:389124,h:35159,A8MTL0,IQCF5,"IQ motif containing F5","gene with protein product"
376,T165821,12,0.0060,p1@GUCA1A,e:2978,h:4678,"A6NIT3,A6PVH5,P43080",GUCA1A,"guanylate cyclase activator 1A","gene with protein product"
377,T104443,12,0.0060,p8@BACH1,e:571,h:935,O14867,BACH1,"BTB domain and CNC homolog 1","gene with protein product"
378,T135594,12,0.0060,p17@QARS,e:5859,h:9751,,QARS,"glutaminyl-tRNA synthetase","gene with protein product"
379,T020557,12,0.0060,p3@RFX4,e:5992,h:9985,,RFX4,"regulatory factor X4","gene with protein product"
380,T188707,12,0.0060,p47@RGS3,e:5998,h:9999,"P49796,Q8WV02",RGS3,"regulator of G-protein signaling 3","gene with protein product"
381,T121646,11,0.0055,p3@SLC30A3,e:7781,h:11014,"C9JHX4,C9J1K4",SLC30A3,"solute carrier family 30 member 3","gene with protein product"
382,T192043,10,0.0050,p3@FAM154A,e:158297,h:28566,Q8IYX7,SAXO1,"stabilizer of axonemal microtubules 1","gene with protein product"
383,T014432,10,0.0050,p1@C11orf94,e:143678,h:37213,C9JXX5,C11orf94,"chromosome 11 open reading frame 94","gene with protein product"
384,T116525,10,0.0050,p6@C2orf88,e:84281,h:28191,Q9BSF0,C2orf88,"chromosome 2 open reading frame 88","gene with protein product"
385,T097387,10,0.0050,p10@SH3GLB1,e:51100,h:10833,B4E182,SH3GLB1,"SH3 domain containing GRB2 like endophilin B1","gene with protein product"
386,T046874,10,0.0050,p3@CHRNB4,e:1143,h:1964,,CHRNB4,"cholinergic receptor nicotinic beta 4 subunit","gene with protein product"
387,T016649,10,0.0050,p43@EHD1,e:10938,h:3242,C9JIJ3,EHD1,"EH domain containing 1","gene with protein product"
388,T190084,10,0.0050,p4@ODF2,e:4957,h:8114,,ODF2,"outer dense fiber of sperm tails 2","gene with protein product"
389,T045118,9,0.0045,p5@GTF2A2,e:2958,h:4647,P52657,GTF2A2,"general transcription factor IIA subunit 2","gene with protein product"
390,T046307,9,0.0045,p1@TBC1D21,e:161514,h:28536,Q8IYX1,TBC1D21,"TBC1 domain family member 21","gene with protein product"
391,T066167,9,0.0045,p2@NPC1,e:4864,h:7897,O15118,NPC1,"NPC intracellular cholesterol transporter 1","gene with protein product"
392,T149458,9,0.0045,p28@CXXC5,e:51523,h:26943,E7EVI8,CXXC5,"CXXC finger protein 5","gene with protein product"
393,T148625,9,0.0045,p2@IL13,e:3596,h:5973,,IL13,"interleukin 13","gene with protein product"
394,T087193,9,0.0045,p2@GLRX2,e:51022,h:16065,Q9NS18,GLRX2,"glutaredoxin 2","gene with protein product"
395,T109258,9,0.0045,p9@NHP2L1,e:4809,h:7819,B1AHD1,SNU13,"SNU13 homolog, small nuclear ribonucleoprotein (U4/U6.U5)","gene with protein product"
396,T011354,9,0.0045,p1@ACRV1,e:56,h:127,P26436,ACRV1,"acrosomal vesicle protein 1","gene with protein product"
397,T067879,9,0.0045,p1@BOD1P,e:284257,h:28505,,BOD1L2,"biorientation of chromosomes in cell division 1 like 2","gene with protein product"
398,T060019,9,0.0045,p3@TTLL6,e:284076,h:26664,Q8N841,TTLL6,"tubulin tyrosine ligase like 6","gene with protein product"
399,T064101,9,0.0045,p4@DNAH17,e:8632,h:2946,"E7EUM8,Q9UFH2",DNAH17,"dynein axonemal heavy chain 17","gene with protein product"
400,T080347,9,0.0045,p2@UBL4B,e:164153,h:32309,Q8N7F7,UBL4B,"ubiquitin like 4B","gene with protein product"
401,T039215,9,0.0045,p2@SLC38A6,e:145389,h:19863,Q8IZM9,SLC38A6,"solute carrier family 38 member 6","gene with protein product"
402,T087971,9,0.0045,p4@KLHL12,e:59349,h:19360,B7Z7B8,KLHL12,"kelch like family member 12","gene with protein product"
403,T126588,9,0.0045,p6@VWA3B,e:200403,h:28385,,VWA3B,"von Willebrand factor A domain containing 3B","gene with protein product"
404,T122642,9,0.0045,p6@DHX57,e:90957,h:20086,F8WAZ3,DHX57,"DExH-box helicase 57","gene with protein product"
405,T111577,9,0.0045,p8@LPIN1,e:23175,h:13345,,LPIN1,"lipin 1","gene with protein product"
406,T188706,9,0.0045,p48@RGS3,e:5998,h:9999,"P49796,Q8WV02",RGS3,"regulator of G-protein signaling 3","gene with protein product"
407,T127833,9,0.0045,p2@C3orf30,e:152405,h:26553,"Q96M34,E9PFE5",C3orf30,"chromosome 3 open reading frame 30","gene with protein product"
408,T116982,9,0.0045,p2@BOLL,e:66037,h:14273,Q8N9W6,BOLL,"boule homolog, RNA binding protein","gene with protein product"
409,T107768,9,0.0045,p1@MORC2-AS1,,h:26662,,MORC2-AS1,"MORC2 antisense RNA 1","RNA, long non-coding"
410,T002322,9,0.0045,p20@C10orf90,e:118611,h:26563,"Q96M02,Q5T024",C10orf90,"chromosome 10 open reading frame 90","gene with protein product"
411,T025749,9,0.0045,p5@FAIM2,e:23017,h:17067,F8W1L3,FAIM2,"Fas apoptotic inhibitory molecule 2","gene with protein product"
412,T136025,9,0.0045,p1@IQCF6,e:440956,h:35158,,IQCF6,"IQ motif containing F6","gene with protein product"
413,T015172,7,0.0035,p10@CTNND1,e:1500,h:2515,"C9JZR2,E9PKY0,O60716",CTNND1,"catenin delta 1","gene with protein product"
414,T084420,7,0.0035,p4@ATP1A4,e:480,h:14073,Q13733,ATP1A4,"ATPase Na+/K+ transporting subunit alpha 4","gene with protein product"
415,T083260,7,0.0035,p7@THBS3,e:7059,h:11787,,THBS3,"thrombospondin 3","gene with protein product"
416,T016233,7,0.0035,p5@PRKCDBP,e:112464,h:9400,,PRKCDBP,"protein kinase C delta binding protein","gene with protein product"
417,T061419,7,0.0035,p5@C17orf64,e:124773,h:26990,Q86WR6,C17orf64,"chromosome 17 open reading frame 64","gene with protein product"
418,T105743,7,0.0035,p28@PDXK,e:8566,h:8819,,PDXK,"pyridoxal kinase","gene with protein product"
419,T192711,7,0.0035,p6@UBE2R2,e:54926,h:19907,Q712K3,UBE2R2,"ubiquitin conjugating enzyme E2 R2","gene with protein product"
420,T094525,6,0.0030,p20@YBX1,e:4904,h:8014,P67809,YBX1,"Y-box binding protein 1","gene with protein product"
421,T037025,6,0.0030,p3@HOMEZ,e:57594,h:20164,F8WCA3,HOMEZ,"homeobox and leucine zipper encoding","gene with protein product"
422,T101225,6,0.0030,p3@TP53TG5,e:27296,h:15856,Q9Y2B4,TP53TG5,"TP53 target 5","gene with protein product"
423,T057373,6,0.0030,p1@C17orf66,e:256957,h:26548,A2RTY3,HEATR9,"HEAT repeat containing 9","gene with protein product"
424,T127775,6,0.0030,p1@LSAMP-AS4,,h:40352,,LINC00901,"long intergenic non-protein coding RNA 901","RNA, long non-coding"
425,T154722,6,0.0030,p10@GPBP1,e:65056,h:29520,"D4PHA4,Q86WP2",GPBP1,"GC-rich promoter binding protein 1","gene with protein product"
426,T147212,6,0.0030,p1@SLCO6A1,e:133482,h:23613,Q86UG4,SLCO6A1,"solute carrier organic anion transporter family member 6A1","gene with protein product"
427,T061180,6,0.0030,p1@HSF5,e:124535,h:26862,Q4G112,HSF5,"heat shock transcription factor 5","gene with protein product"
428,T186062,6,0.0030,p4@COPS5,e:10987,h:2240,,COPS5,"COP9 signalosome subunit 5","gene with protein product"
429,T179150,6,0.0030,p7@PABPC1,e:26986,h:8554,"P11940,E5RGC4,E5RJB9,E5RHG7",PABPC1,"poly(A) binding protein cytoplasmic 1","gene with protein product"
430,T149457,6,0.0030,p15@CXXC5,e:51523,h:26943,D6RHC6,CXXC5,"CXXC finger protein 5","gene with protein product"
431,T052578,6,0.0030,p28@KIFC3,e:3801,h:6326,F5H3M2,KIFC3,"kinesin family member C3","gene with protein product"
432,T061418,6,0.0030,p1@C17orf64,e:124773,h:26990,Q86WR6,C17orf64,"chromosome 17 open reading frame 64","gene with protein product"
433,T029486,6,0.0030,p3@SLC2A14,e:144195,h:18301,,SLC2A14,"solute carrier family 2 member 14","gene with protein product"
434,T149412,6,0.0030,p3@DNAJC18,e:202052,h:28429,,DNAJC18,"DnaJ heat shock protein family (Hsp40) member C18","gene with protein product"
435,T023381,6,0.0030,p10@PLBD1,e:79887,h:26215,Q6P4A8,PLBD1,"phospholipase B domain containing 1","gene with protein product"
436,T015428,6,0.0030,p2@MS4A5,e:64232,h:13374,E9PKT5,MS4A5,"membrane spanning 4-domains A5","gene with protein product"
437,T193117,6,0.0030,p1@CCIN,e:881,h:1568,"Q13939,Q8WWB2,Q8WX35",CCIN,calicin,"gene with protein product"
438,T147729,6,0.0030,p1@TSSK1B,e:83942,h:14968,"Q9BXA7,A0ZT98",TSSK1B,"testis specific serine kinase 1B","gene with protein product"
439,T057033,6,0.0030,p6@C17orf79,e:55352,h:28848,,COPRS,"coordinator of PRMT5 and differentiation stimulator","gene with protein product"
440,T043788,6,0.0030,p1@CATSPER2,e:117155,h:18810,"Q96P56,F8W9H2",CATSPER2,"cation channel sperm associated 2","gene with protein product"
441,T076556,6,0.0030,p1@TULP2,e:7288,h:12424,O00295,TULP2,"tubby like protein 2","gene with protein product"
442,T183930,6,0.0030,p3@PBK,e:55872,h:18282,,PBK,"PDZ binding kinase","gene with protein product"
443,T176126,6,0.0030,p1@ZPBP,e:11055,h:15662,"F8WDW2,C9JPU1",ZPBP,"zona pellucida binding protein","gene with protein product"
444,T075765,6,0.0030,p3@RSPH6A,e:81492,h:14241,,RSPH6A,"radial spoke head 6 homolog A","gene with protein product"
445,T179335,6,0.0030,p2@ODF1,e:4956,h:8113,Q14990,ODF1,"outer dense fiber of sperm tails 1","gene with protein product"
446,T135210,6,0.0030,p2@PRSS50,e:29122,h:17910,Q9UI38,PRSS50,"protease, serine 50","gene with protein product"
447,T098453,6,0.0030,p7@PSMF1,e:9491,h:9571,,PSMF1,"proteasome inhibitor subunit 1","gene with protein product"
448,T199350,6,0.0030,p1@FAM47B,e:170062,h:26659,Q8NA70,FAM47B,"family with sequence similarity 47 member B","gene with protein product"
449,T116310,6,0.0030,p3@ZSWIM2,e:151112,h:30990,"Q8NEG5,F8WCC6",ZSWIM2,"zinc finger SWIM-type containing 2","gene with protein product"
450,T132884,6,0.0030,p15@LPP,e:4026,h:6679,,LPP,"LIM domain containing preferred translocation partner in lipoma","gene with protein product"
451,T055206,6,0.0030,p8@C16orf7,e:9605,h:13526,Q9Y2B5,VPS9D1,"VPS9 domain containing 1","gene with protein product"
452,T057261,6,0.0030,p3@FNDC8,e:54752,h:25286,Q8TC99,FNDC8,"fibronectin type III domain containing 8","gene with protein product"
453,T198986,6,0.0030,p4@PRDX4,e:10549,h:17169,A6NJJ0,PRDX4,"peroxiredoxin 4","gene with protein product"
454,T009871,6,0.0030,p7@TTC12,e:54970,h:23700,,TTC12,"tetratricopeptide repeat domain 12","gene with protein product"
455,T121992,6,0.0030,p7@ALK,e:238,h:427,,ALK,"anaplastic lymphoma receptor tyrosine kinase","gene with protein product"
456,T151293,6,0.0030,p4@TIMD4,e:91937,h:25132,,TIMD4,"T-cell immunoglobulin and mucin domain containing 4","gene with protein product"
457,T135556,6,0.0030,p3@NDUFAF3,e:25915,h:29918,"Q9BU61,Q9Y3Z0,A4FU71",NDUFAF3,"NADH:ubiquinone oxidoreductase complex assembly factor 3","gene with protein product"
458,T188286,6,0.0030,p1@ACTL7B,e:10880,h:162,Q9Y614,ACTL7B,"actin like 7B","gene with protein product"
459,T194515,6,0.0030,p1@C9orf153,e:389766,h:31456,,C9orf153,"chromosome 9 open reading frame 153","gene with protein product"
460,T073229,6,0.0030,p3@GAPDHS,e:26330,h:24864,O14556,GAPDHS,"glyceraldehyde-3-phosphate dehydrogenase, spermatogenic","gene with protein product"
461,T040780,6,0.0030,p13@TMEM63C,e:57156,h:23787,"G3V3S4,G3V3S9",TMEM63C,"transmembrane protein 63C","gene with protein product"
462,T140412,4,0.0020,p20@NR3C2,e:4306,h:7979,,NR3C2,"nuclear receptor subfamily 3 group C member 2","gene with protein product"
463,T128736,4,0.0020,p1@DNAJB8-AS1,e:285224,h:41029,,DNAJB8-AS1,"DNAJB8 antisense RNA 1","RNA, long non-coding"
464,T047476,4,0.0020,p10@NTRK3,e:4916,h:8033,,NTRK3,"neurotrophic receptor tyrosine kinase 3","gene with protein product"
465,T121312,4,0.0020,p2@C2orf84,e:653140,h:34418,F2Z3J0,FAM228A,"family with sequence similarity 228 member A","gene with protein product"
466,T098441,4,0.0020,p9@PSMF1,e:9491,h:9571,"Q92530,F5H4Z3,Q5QPM9",PSMF1,"proteasome inhibitor subunit 1","gene with protein product"
467,T017919,4,0.0020,p20@ANO1,e:55107,h:21625,Q5XXA6,ANO1,"anoctamin 1","gene with protein product"
468,T099876,4,0.0020,p2@C20orf144,e:128864,h:16137,Q9BQM9,C20orf144,"chromosome 20 open reading frame 144","gene with protein product"
469,T034789,4,0.0020,p16@DZIP1,e:22873,h:20908,,DZIP1,"DAZ interacting zinc finger protein 1","gene with protein product"
470,T144470,4,0.0020,p3@KIAA1211,e:57482,h:29219,Q6ZU35,KIAA1211,KIAA1211,"gene with protein product"
471,T133687,4,0.0020,p1@PP2D1,,h:28406,,PP2D1,"protein phosphatase 2C like domain containing 1","gene with protein product"
472,T041248,3,0.0015,p8@TDP1,e:55775,h:18884,G3V4W8,TDP1,"tyrosyl-DNA phosphodiesterase 1","gene with protein product"
473,T033828,3,0.0015,p6@ATP7B,e:540,h:870,,ATP7B,"ATPase copper transporting beta","gene with protein product"
474,T051605,3,0.0015,p3@ANKRD26P1,e:124149,h:32955,,ANKRD26P1,"ankyrin repeat domain 26 pseudogene 1",pseudogene
475,T076984,3,0.0015,p8@VRK3,e:51231,h:18996,"Q8IV63,A6NEG5",VRK3,"vaccinia related kinase 3","gene with protein product"
476,T079740,3,0.0015,p17@CDC14A,e:8556,h:1718,F5H7B3,CDC14A,"cell division cycle 14A","gene with protein product"
477,T046093,3,0.0015,p3@CT62,e:196993,h:27286,P0C5K7,CT62,"cancer/testis antigen 62","gene with protein product"
478,T134247,3,0.0015,p3@FBXL2,e:25827,h:13598,B4DY12,FBXL2,"F-box and leucine rich repeat protein 2","gene with protein product"
479,T128499,3,0.0015,p22@SLC41A3,e:54946,h:31046,Q96GZ6,SLC41A3,"solute carrier family 41 member 3","gene with protein product"
480,T149175,3,0.0015,p14@KLHL3,e:26249,h:6354,,KLHL3,"kelch like family member 3","gene with protein product"
481,T069324,3,0.0015,p1@TXNDC2,e:84203,h:16470,Q86VQ3,TXNDC2,"thioredoxin domain containing 2","gene with protein product"
482,T074724,3,0.0015,p2@DMRTC2,e:63946,h:13911,Q8IXT2,DMRTC2,"DMRT like family C2","gene with protein product"
483,T121305,3,0.0015,p2@PFN4,e:375189,h:31103,,PFN4,"profilin family member 4","gene with protein product"
484,T011355,3,0.0015,p2@ACRV1,e:56,h:127,,ACRV1,"acrosomal vesicle protein 1","gene with protein product"
485,T056531,3,0.0015,p1@KRT18P55,e:284085,h:26874,,KRT18P55,"keratin 18 pseudogene 55",pseudogene
486,T142022,3,0.0015,p3@ADAM29,e:11086,h:207,"Q9UKF5,D6RIU9,Q4W5F3",ADAM29,"ADAM metallopeptidase domain 29","gene with protein product"
487,T060766,3,0.0015,p1@KIF2B,e:84643,h:29443,E9PD67,KIF2B,"kinesin family member 2B","gene with protein product"
488,T061225,3,0.0015,p6@TEX14,e:56155,h:11737,Q8IWB6,TEX14,"testis expressed 14, intercellular bridge forming factor","gene with protein product"
489,T132397,3,0.0015,p26@EIF4G1,e:1981,h:3296,C9JWW9,EIF4G1,"eukaryotic translation initiation factor 4 gamma 1","gene with protein product"
490,T015863,3,0.0015,p1@C11orf42,e:160298,h:28541,Q8N5U0,C11orf42,"chromosome 11 open reading frame 42","gene with protein product"
491,T003966,3,0.0015,p1@LYZL1,e:84569,h:30502,Q6UWQ5,LYZL1,"lysozyme like 1","gene with protein product"
492,T120097,3,0.0015,p1@C2orf57,e:165100,h:28563,Q53QW1,TEX44,"testis expressed 44","gene with protein product"
493,T102339,3,0.0015,p20@ZFP64,e:55734,h:15940,,ZFP64,"ZFP64 zinc finger protein","gene with protein product"
494,T194621,3,0.0015,p1@C9orf79,e:286234,h:26672,Q6ZUB1,SPATA31E1,"SPATA31 subfamily E member 1","gene with protein product"
495,T007470,3,0.0015,p10@DYDC1,e:143241,h:23460,,DYDC1,"DPY30 domain containing 1","gene with protein product"
496,T025748,3,0.0015,p11@FAIM2,e:23017,h:17067,F8W1L3,FAIM2,"Fas apoptotic inhibitory molecule 2","gene with protein product"
497,T078534,3,0.0015,p1@PRR22,e:163154,h:28354,"E9PB31,Q8IZ63",PRR22,"proline rich 22","gene with protein product"
498,T151395,3,0.0015,p3@SOX30,e:11063,h:30635,O94993,SOX30,"SRY-box 30","gene with protein product"
499,T119892,3,0.0015,p1@TRIP12,e:9320,h:12306,"Q14669,F8W9P3,Q14CA3,B4DYJ6",TRIP12,"thyroid hormone receptor interactor 12","gene with protein product"
500,T060530,3,0.0015,p4@MYCBPAP,e:84073,h:19677,Q8TBZ2,MYCBPAP,"MYCBP associated protein","gene with protein product"
501,T141194,3,0.0015,p2@ETFDH,e:2110,h:3483,"D6RJF8,Q16134",ETFDH,"electron transfer flavoprotein dehydrogenase","gene with protein product"
502,T201187,3,0.0015,p2@ZCCHC13,e:389874,h:31749,Q8WW36,ZCCHC13,"zinc finger CCHC-type containing 13","gene with protein product"
503,T194504,3,0.0015,p26@GOLM1,e:51280,h:15451,Q8TED8,GOLM1,"golgi membrane protein 1","gene with protein product"
504,T129656,3,0.0015,p9@SPSB4,e:92369,h:30630,,SPSB4,"splA/ryanodine receptor domain and SOCS box containing 4","gene with protein product"
505,T100601,3,0.0015,p5@BPI,e:671,h:1095,,BPI,"bactericidal/permeability-increasing protein","gene with protein product"
506,T095019,3,0.0015,p3@ATPAF1-AS1,,h:29589,,TEX38,"testis expressed 38","gene with protein product"
507,T160220,3,0.0015,p24@UTRN,e:7402,h:12635,"Q5JT44,Q5JT45",UTRN,utrophin,"gene with protein product"
508,T108457,3,0.0015,p1@C22orf33,e:339669,h:28568,O43247,TEX33,"testis expressed 33","gene with protein product"
509,T099158,3,0.0015,p3@GZF1,e:64412,h:15808,F5H2R0,GZF1,"GDNF inducible zinc finger protein 1","gene with protein product"
510,T132025,3,0.0015,p10@FXR1,e:8087,h:4023,C9IZ22,FXR1,"FMR1 autosomal homolog 1","gene with protein product"
511,T168264,3,0.0015,p1@SPACA1,e:81833,h:14967,Q9HBV2,SPACA1,"sperm acrosome associated 1","gene with protein product"
512,T069829,3,0.0015,p4@CCDC151,e:115948,h:28303,"A5D8V7,B3KPH7",CCDC151,"coiled-coil domain containing 151","gene with protein product"
513,T110171,3,0.0015,p2@ODF3B,e:440836,h:34388,"A8MYP8,A1L1A8",ODF3B,"outer dense fiber of sperm tails 3B","gene with protein product"
514,T001737,3,0.0015,p24@TIAL1,e:7073,h:11804,"Q49AS9,E7ETC0,A8K4L9,Q01085",TIAL1,"TIA1 cytotoxic granule associated RNA binding protein like 1","gene with protein product"
515,T006278,3,0.0015,p5@HK1,e:3098,h:4922,"E7ENR4,B3KXY9,P19367,P78542,Q99609",HK1,"hexokinase 1","gene with protein product"
516,T004780,3,0.0015,p1@ZNF32-AS3,e:414201,h:23583,,ZNF32-AS3,"ZNF32 antisense RNA 3","RNA, long non-coding"
517,T113155,3,0.0015,p7@KIF5C,e:3800,h:6325,,KIF5C,"kinesin family member 5C","gene with protein product"
518,T130684,3,0.0015,p3@EAF1,e:85403,h:20907,Q96JC9,EAF1,"ELL associated factor 1","gene with protein product"
519,T042054,3,0.0015,p7@SETD3,e:84193,h:20493,C9K0W5,SETD3,"SET domain containing 3","gene with protein product"
520,T051726,3,0.0015,p2@C16orf71,e:146562,h:25081,F5H059,C16orf71,"chromosome 16 open reading frame 71","gene with protein product"
521,T200434,3,0.0015,p7@PHF8,e:23133,h:20672,"B7Z911,Q9UPP1",PHF8,"PHD finger protein 8","gene with protein product"
522,T095018,3,0.0015,p2@ATPAF1-AS1,,h:29589,,TEX38,"testis expressed 38","gene with protein product"
523,T076707,3,0.0015,p3@DKKL1,e:27120,h:16528,Q9UK85,DKKL1,"dickkopf like acrosomal protein 1","gene with protein product"
524,T065851,3,0.0015,p11@SPIRE1,e:56907,h:30622,,SPIRE1,"spire type actin nucleation factor 1","gene with protein product"
525,T147357,3,0.0015,p4@ROPN1L,e:83853,h:24060,,ROPN1L,"rhophilin associated tail protein 1 like","gene with protein product"
526,T107767,3,0.0015,p4@MORC2-AS1,,h:26662,,MORC2-AS1,"MORC2 antisense RNA 1","RNA, long non-coding"
527,T144461,3,0.0015,p14@KIAA1211,e:57482,h:29219,,KIAA1211,KIAA1211,"gene with protein product"
528,T136039,3,0.0015,p1@IQCF1,e:132141,h:28607,"Q8N6M8,F8WEK8",IQCF1,"IQ motif containing F1","gene with protein product"
529,T058676,3,0.0015,p2@HSPB9,e:94086,h:30589,Q9BQS6,HSPB9,"heat shock protein family B (small) member 9","gene with protein product"
530,T170067,3,0.0015,"p16@ST7,p1@ST7-OT3","e:7982,e:93655","h:11351,h:16045",,ST7,"suppression of tumorigenicity 7","gene with protein product"
531,T126838,3,0.0015,p2@C3orf24,e:115795,h:28623,Q96PS1,FANCD2OS,"FANCD2 opposite strand","gene with protein product"
532,T147617,3,0.0015,p19@CAMK4,e:814,h:1464,,CAMK4,"calcium/calmodulin dependent protein kinase IV","gene with protein product"
533,T134121,3,0.0015,p16@OSBPL10,e:114884,h:16395,,OSBPL10,"oxysterol binding protein like 10","gene with protein product"
534,T024886,3,0.0015,p3@MUC19,,h:14362,,MUC19,"mucin 19, oligomeric","gene with protein product"
535,T104454,3,0.0015,p11@BACH1,e:571,h:935,C9JMP6,BACH1,"BTB domain and CNC homolog 1","gene with protein product"
536,T152951,3,0.0015,p1@CBY3,e:646019,h:33278,A6NI87,CBY3,"chibby family member 3","gene with protein product"
537,T083074,3,0.0015,p2@TDRD10,e:126668,h:25316,Q5VZ19,TDRD10,"tudor domain containing 10","gene with protein product"
538,T078621,3,0.0015,p1@C19orf18,e:147685,h:28642,Q8NEA5,C19orf18,"chromosome 19 open reading frame 18","gene with protein product"
539,T017184,3,0.0015,p3@CATSPER1,e:117144,h:17116,Q8NEC5,CATSPER1,"cation channel sperm associated 1","gene with protein product"
540,T138262,3,0.0015,p3@C4orf17,e:84103,h:25274,,C4orf17,"chromosome 4 open reading frame 17","gene with protein product"
541,T172657,3,0.0015,p19@NOS3,e:4846,h:7876,,NOS3,"nitric oxide synthase 3","gene with protein product"
542,T069784,3,0.0015,p2@TSPAN16,e:26526,h:30725,Q9UKR8,TSPAN16,"tetraspanin 16","gene with protein product"
543,T194516,3,0.0015,p2@C9orf153,e:389766,h:31456,,C9orf153,"chromosome 9 open reading frame 153","gene with protein product"
544,T042115,3,0.0015,p9@CERS3,e:204219,h:23752,,CERS3,"ceramide synthase 3","gene with protein product"
545,T183001,3,0.0015,p2@MYOM2,e:9172,h:7614,,MYOM2,"myomesin 2","gene with protein product"
546,T140432,3,0.0015,p1@CPEB2,e:132864,h:21745,"E7EPM3,F5H160,F5H659,Q7Z5Q1",CPEB2,"cytoplasmic polyadenylation element binding protein 2","gene with protein product"
547,T093713,3,0.0015,p1@C1orf94,e:84970,h:28250,Q6P1W5,C1orf94,"chromosome 1 open reading frame 94","gene with protein product"
548,T097729,3,0.0015,p14@SLC2A5,e:6518,h:11010,,SLC2A5,"solute carrier family 2 member 5","gene with protein product"
549,T094399,3,0.0015,p2@NFYC,e:4802,h:7806,"F8W7L5,C9J777",NFYC,"nuclear transcription factor Y subunit gamma","gene with protein product"
550,T193703,3,0.0015,p14@TJP2,e:9414,h:11828,,TJP2,"tight junction protein 2","gene with protein product"
551,T000975,3,0.0015,p6@WDR37,e:22884,h:31406,C9JGR9,WDR37,"WD repeat domain 37","gene with protein product"
552,T128561,3,0.0015,p16@CHST13,e:166012,h:21755,Q3ZCR4,CHST13,"carbohydrate sulfotransferase 13","gene with protein product"
553,T102652,3,0.0015,p1@SPO11,e:23626,h:11250,,SPO11,"SPO11, initiator of meiotic double stranded breaks","gene with protein product"
554,T036157,3,0.0015,p2@LINC00226,e:338004,h:20168,,LINC00226,"long intergenic non-protein coding RNA 226","RNA, long non-coding"
555,T070574,3,0.0015,p3@RFX1,e:5989,h:9982,P22670,RFX1,"regulatory factor X1","gene with protein product"
556,T129636,3,0.0015,p3@TRIM42,e:287015,h:19014,Q8IWZ5,TRIM42,"tripartite motif containing 42","gene with protein product"
557,T019003,3,0.0015,p17@PRCP,e:5547,h:9344,"E9PL85,B7Z7Q6",PRCP,prolylcarboxypeptidase,"gene with protein product"
558,T057398,3,0.0015,p4@CCL14,e:6358,h:10612,,CCL14,"C-C motif chemokine ligand 14","gene with protein product"
559,T086756,3,0.0015,p4@SWT1,e:54823,h:16785,Q5T5J6,SWT1,"SWT1, RNA endoribonuclease homolog","gene with protein product"
560,T075153,3,0.0015,p2@IRGC,e:56269,h:28835,Q6NXR0,IRGC,"immunity related GTPase cinema","gene with protein product"
561,T140170,3,0.0015,p23@INPP4B,e:8821,h:6075,D6RDJ7,INPP4B,"inositol polyphosphate-4-phosphatase type II B","gene with protein product"
562,T105742,3,0.0015,p36@PDXK,e:8566,h:8819,,PDXK,"pyridoxal kinase","gene with protein product"
563,T144427,3,0.0015,p4@PDCL2,e:132954,h:29524,Q8N4E4,PDCL2,"phosducin like 2","gene with protein product"
564,T192830,3,0.0015,p2@FAM205A,e:259308,h:41911,Q6ZU69,FAM205A,"family with sequence similarity 205 member A","gene with protein product"
565,T148379,3,0.0015,p14@FBN2,e:2201,h:3604,D6REJ2,FBN2,"fibrillin 2","gene with protein product"
566,T105787,3,0.0015,p27@AGPAT3,e:56894,h:326,C9JK35,AGPAT3,"1-acylglycerol-3-phosphate O-acyltransferase 3","gene with protein product"
567,T001496,3,0.0015,p5@C10orf82,e:143379,h:28500,Q8WW14,C10orf82,"chromosome 10 open reading frame 82","gene with protein product"
568,T151291,3,0.0015,p2@TIMD4,e:91937,h:25132,,TIMD4,"T-cell immunoglobulin and mucin domain containing 4","gene with protein product"
569,T022122,3,0.0015,p8@BCL2L14,e:79370,h:16657,,BCL2L14,"BCL2 like 14","gene with protein product"
570,T151001,3,0.0015,p6@SLC36A1,e:206358,h:18761,E5RHG5,SLC36A1,"solute carrier family 36 member 1","gene with protein product"
571,T191622,3,0.0015,p2@TMEM210,,h:34059,,TMEM210,"transmembrane protein 210","gene with protein product"
572,T072147,3,0.0015,p4@SF3A2,e:8175,h:10766,"Q15428,Q05DF2",SF3A2,"splicing factor 3a subunit 2","gene with protein product"
573,T099801,3,0.0015,p2@BPIFA3,e:128861,h:16204,,BPIFA3,"BPI fold containing family A member 3","gene with protein product"
574,T129738,3,0.0015,p4@ATP1B3,e:483,h:806,C9JA36,ATP1B3,"ATPase Na+/K+ transporting subunit beta 3","gene with protein product"
575,T172258,3,0.0015,p6@TPK1,e:27010,h:17358,,TPK1,"thiamin pyrophosphokinase 1","gene with protein product"
576,T194246,3,0.0015,p3@TLE4,e:7091,h:11840,"B3KQ29,Q5JSZ2,Q5JSZ1,E7EQH3,F8WAY5",TLE4,"transducin like enhancer of split 4","gene with protein product"
577,T015427,3,0.0015,p1@MS4A5,e:64232,h:13374,Q9H3V2,MS4A5,"membrane spanning 4-domains A5","gene with protein product"
578,T085316,3,0.0015,p8@DCAF6,e:55827,h:30002,,DCAF6,"DDB1 and CUL4 associated factor 6","gene with protein product"
579,T072916,3,0.0015,p1@C19orf71,e:100128569,h:34496,A6NCJ1,C19orf71,"chromosome 19 open reading frame 71","gene with protein product"
580,T106529,3,0.0015,p9@DGCR5,,h:16757,,DGCR5,"DiGeorge syndrome critical region gene 5 (non-protein coding)","RNA, long non-coding"
581,T188422,3,0.0015,p1@TXNDC8,e:255220,h:31454,A9Z1W9,TXNDC8,"thioredoxin domain containing 8","gene with protein product"
