Hs-FGFR1OP,2000,1000,T161940-FGFR1OP,"p7@FGFR1OP"
rank,ID,Fabs,Frel,association_with_transcript,entrezgene_id,hgnc_id,uniprot_id,gene_name,description,type
1,T146333,2007,0.9975,p16@SEC31A,e:22872,h:17052,,SEC31A,"SEC31 homolog A, COPII coat complex component","gene with protein product"
2,T195065,1998,0.9950,p16@PHF2,e:5253,h:8920,,PHF2,"PHD finger protein 2","gene with protein product"
3,T193139,1995,0.9930,p15@RNF38,e:152006,h:18052,Q9H0F5,RNF38,"ring finger protein 38","gene with protein product"
4,T096061,1976,0.9850,p1@UBE2U,e:148581,h:28559,Q5VVX9,UBE2U,"ubiquitin conjugating enzyme E2 U (putative)","gene with protein product"
5,T156964,1977,0.9846,p28@CAST,e:831,h:1515,"E7EQA0,A8K8C4",CAST,calpastatin,"gene with protein product"
6,T002921,1974,0.9845,p3@SUV39H2,e:79723,h:17287,Q9H5I1,SUV39H2,"suppressor of variegation 3-9 homolog 2","gene with protein product"
7,T017770,1975,0.9836,p6@CPT1A,e:1374,h:2328,,CPT1A,"carnitine palmitoyltransferase 1A","gene with protein product"
8,T002947,1972,0.9831,p11@RPP38,e:10557,h:30329,Q5VUC3,RPP38,"ribonuclease P/MRP subunit p38","gene with protein product"
9,T094711,1968,0.9825,p10@CCDC24,e:149473,h:28688,,CCDC24,"coiled-coil domain containing 24","gene with protein product"
10,T153916,1967,0.9791,p8@EGFLAM,e:133584,h:26810,Q63HQ2,EGFLAM,"EGF like, fibronectin type III and laminin G domains","gene with protein product"
11,T156569,1968,0.9786,p5@TRIP13,e:9319,h:12307,Q15645,TRIP13,"thyroid hormone receptor interactor 13","gene with protein product"
12,T070612,1964,0.9766,p4@PRKACA,e:5566,h:9380,P17612,PRKACA,"protein kinase cAMP-activated catalytic subunit alpha","gene with protein product"
13,T078645,1953,0.9726,p2@ZSCAN18,e:65982,h:21037,"Q8TBC5,B4DG23",ZSCAN18,"zinc finger and SCAN domain containing 18","gene with protein product"
14,T134101,1949,0.9697,p12@STT3B,e:201595,h:30611,,STT3B,"STT3B, catalytic subunit of the oligosaccharyltransferase complex","gene with protein product"
15,T024973,1945,0.9696,p6@PPHLN1,e:51535,h:19369,,PPHLN1,"periphilin 1","gene with protein product"
16,T120136,1936,0.9627,p3@PDE6D,e:5147,h:8788,O43924,PDE6D,"phosphodiesterase 6D","gene with protein product"
17,T182461,1914,0.9508,p6@CPSF1,e:29894,h:2324,,CPSF1,"cleavage and polyadenylation specific factor 1","gene with protein product"
18,T034778,1906,0.9501,p3@CLDN10-AS1,,h:39907,,CLDN10-AS1,"CLDN10 antisense RNA 1","RNA, long non-coding"
19,T070778,1906,0.9487,p3@REEP6,e:92840,h:30078,A8MWX0,REEP6,"receptor accessory protein 6","gene with protein product"
20,T034255,1899,0.9452,p7@TBC1D4,e:9882,h:19165,O60343,TBC1D4,"TBC1 domain family member 4","gene with protein product"
21,T147508,1873,0.9323,p8@FER,e:2241,h:3655,,FER,"FER tyrosine kinase","gene with protein product"
22,T192263,1865,0.9311,p15@CDKN2A,e:1029,h:1787,"P42771,A5X2G7",CDKN2A,"cyclin dependent kinase inhibitor 2A","gene with protein product"
23,T116501,1877,0.9301,p5@SLC40A1,e:30061,h:10909,E7ES28,SLC40A1,"solute carrier family 40 member 1","gene with protein product"
24,T088542,1862,0.9291,p8@SLC41A1,e:254428,h:19429,"B2RMP2,B3KWH2,Q8IVJ1",SLC41A1,"solute carrier family 41 member 1","gene with protein product"
25,T105518,1863,0.9278,p2@UBASH3A,e:53347,h:12462,P57075,UBASH3A,"ubiquitin associated and SH3 domain containing A","gene with protein product"
26,T178127,1857,0.9276,p8@PEX1,e:5189,h:8850,,PEX1,"peroxisomal biogenesis factor 1","gene with protein product"
27,T030474,1859,0.9258,p14@CCDC41,e:51134,h:17966,,CEP83,"centrosomal protein 83","gene with protein product"
28,T198356,1855,0.9238,p2@TKTL1,e:8277,h:11835,"Q5TYJ8,P51854",TKTL1,"transketolase like 1","gene with protein product"
29,T060449,1847,0.9221,p2@GP1BA,e:2811,h:4439,E7ES66,GP1BA,"glycoprotein Ib platelet alpha subunit","gene with protein product"
30,T024521,1844,0.9192,p1@CAPRIN2,e:65981,h:21259,"F5H142,F5GZX3",CAPRIN2,"caprin family member 2","gene with protein product"
31,T095977,1833,0.9110,p25@ACOT7,e:11332,h:24157,,ACOT7,"acyl-CoA thioesterase 7","gene with protein product"
32,T165489,1811,0.9041,p5@ZFAND3,e:60685,h:18019,Q9H8U3,ZFAND3,"zinc finger AN1-type containing 3","gene with protein product"
33,T133414,1814,0.9034,p21@TNK2,e:10188,h:19297,,TNK2,"tyrosine kinase non receptor 2","gene with protein product"
34,T096502,1807,0.8990,p4@DEPDC1,e:55635,h:22949,Q5TB30,DEPDC1,"DEP domain containing 1","gene with protein product"
35,T034242,1786,0.8903,p17@TBC1D4,e:9882,h:19165,,TBC1D4,"TBC1 domain family member 4","gene with protein product"
36,T084406,1792,0.8898,p2@PLEKHM2,e:23207,h:29131,Q5VVD7,PLEKHM2,"pleckstrin homology and RUN domain containing M2","gene with protein product"
37,T014034,1782,0.8852,p9@LDLRAD3,e:143458,h:27046,,LDLRAD3,"low density lipoprotein receptor class A domain containing 3","gene with protein product"
38,T079597,1766,0.8808,p1@ZNF560,e:147741,h:26484,Q96MR9,ZNF560,"zinc finger protein 560","gene with protein product"
39,T201326,1747,0.8696,p1@HMGN5,e:79366,h:8013,Q5JSK6,HMGN5,"high mobility group nucleosome binding domain 5","gene with protein product"
40,T135619,1745,0.8695,p5@C3orf62,e:375341,h:24771,C9JW57,C3orf62,"chromosome 3 open reading frame 62","gene with protein product"
41,T132161,1743,0.8676,p4@DCUN1D1,e:54165,h:18184,"C9JUW4,C9JRU6,C9J0B2",DCUN1D1,"defective in cullin neddylation 1 domain containing 1","gene with protein product"
42,T159219,1749,0.8676,p7@TBPL1,e:9519,h:11589,Q7Z6U1,TBPL1,"TATA-box binding protein like 1","gene with protein product"
43,T031239,1742,0.8671,p16@MYO16,e:23026,h:29822,"B4DZI1,Q9Y6X6",MYO16,"myosin XVI","gene with protein product"
44,T059214,1701,0.8458,p1@ITGA2B,e:3674,h:6138,P08514,ITGA2B,"integrin subunit alpha 2b","gene with protein product"
45,T195934,1676,0.8342,p1@NXF3,e:56000,h:8073,"Q9H4D5,E9PE86",NXF3,"nuclear RNA export factor 3","gene with protein product"
46,T121124,1675,0.8337,p28@SEPT2,e:4735,h:7729,Q15019,SEPT2,"septin 2","gene with protein product"
47,T121732,1674,0.8333,p3@CCDC121,e:79635,h:25833,Q6ZUS5,CCDC121,"coiled-coil domain containing 121","gene with protein product"
48,T198226,1672,0.8327,p1@ASB9,e:140462,h:17184,Q9BVF5,ASB9,"ankyrin repeat and SOCS box containing 9","gene with protein product"
49,T021736,1654,0.8221,p30@ETV6,e:2120,h:3495,,ETV6,"ETS variant 6","gene with protein product"
50,T031773,1640,0.8163,p2@UPF3A,e:65110,h:20332,,UPF3A,"UPF3 regulator of nonsense transcripts homolog A (yeast)","gene with protein product"
51,T091985,1644,0.8159,p1@C1orf101,e:257044,h:28491,B4DZR4,C1orf101,"chromosome 1 open reading frame 101","gene with protein product"
52,T157733,1639,0.8158,p3@SLC22A16,e:85413,h:20302,"C9JU94,C9JGT0",SLC22A16,"solute carrier family 22 member 16","gene with protein product"
53,T061821,1604,0.8004,p3@TEX2,e:55852,h:30884,Q8IWB9,TEX2,"testis expressed 2","gene with protein product"
54,T074936,1604,0.7992,p2@LIPE,e:3991,h:6621,Q05469,LIPE,"lipase E, hormone sensitive type","gene with protein product"
55,T122641,1589,0.7913,p4@DHX57,e:90957,h:20086,,DHX57,"DExH-box helicase 57","gene with protein product"
56,T020978,1569,0.7822,p9@C12orf24,e:29902,h:30180,F8VXY8,FAM216A,"family with sequence similarity 216 member A","gene with protein product"
57,T060448,1569,0.7814,p1@GP1BA,e:2811,h:4439,E7ES66,GP1BA,"glycoprotein Ib platelet alpha subunit","gene with protein product"
58,T174607,1565,0.7778,p52@CHN2,e:1124,h:1944,P52757,CHN2,"chimerin 2","gene with protein product"
59,T070997,1488,0.7418,p7@TPM4,e:7171,h:12013,P67936,TPM4,"tropomyosin 4","gene with protein product"
60,T018491,1486,0.7404,p6@ARRB1,e:408,h:711,"B7Z1Q3,P49407",ARRB1,"arrestin beta 1","gene with protein product"
61,T030447,1478,0.7353,p9@PLXNC1,e:10154,h:9106,,PLXNC1,"plexin C1","gene with protein product"
62,T013564,1453,0.7243,p5@WT1-AS,,h:18135,,WT1-AS,"WT1 antisense RNA","RNA, long non-coding"
63,T054291,1430,0.7129,p19@CMIP,e:80790,h:24319,Q8IY22,CMIP,"c-Maf inducing protein","gene with protein product"
64,T093989,1419,0.7063,p5@MRPS15,e:64960,h:14504,P82914,MRPS15,"mitochondrial ribosomal protein S15","gene with protein product"
65,T191621,1399,0.6953,p3@TMEM210,,h:34059,,TMEM210,"transmembrane protein 210","gene with protein product"
66,T110033,1387,0.6918,p12@MLC1,e:23209,h:17082,Q15049,MLC1,"megalencephalic leukoencephalopathy with subcortical cysts 1","gene with protein product"
67,T060948,1379,0.6854,p6@AKAP1,e:8165,h:367,,AKAP1,"A-kinase anchoring protein 1","gene with protein product"
68,T014035,1359,0.6775,p8@LDLRAD3,e:143458,h:27046,,LDLRAD3,"low density lipoprotein receptor class A domain containing 3","gene with protein product"
69,T004844,1356,0.6750,p3@C10orf25,e:220979,h:23509,,C10orf25,"chromosome 10 open reading frame 25",unknown
70,T167611,1351,0.6721,p2@DDX43,e:55510,h:18677,B4E0C8,DDX43,"DEAD-box helicase 43","gene with protein product"
71,T165488,1301,0.6460,p3@ZFAND3,e:60685,h:18019,Q9H8U3,ZFAND3,"zinc finger AN1-type containing 3","gene with protein product"
72,T059046,1291,0.6429,p1@CD300LG,e:146894,h:30455,Q6UXG3,CD300LG,"CD300 molecule like family member g","gene with protein product"
73,T019256,1289,0.6419,p12@PICALM,e:8301,h:15514,Q13492,PICALM,"phosphatidylinositol binding clathrin assembly protein","gene with protein product"
74,T008700,1245,0.6197,p2@C10orf62,e:414157,h:23294,Q5T681,C10orf62,"chromosome 10 open reading frame 62","gene with protein product"
75,T128253,1232,0.6132,p5@PDIA5,e:10954,h:24811,Q14554,PDIA5,"protein disulfide isomerase family A member 5","gene with protein product"
76,T109661,1218,0.6066,p5@FAM118A,e:55007,h:1313,Q9NWS6,FAM118A,"family with sequence similarity 118 member A","gene with protein product"
77,T148993,1213,0.6050,p20@H2AFY,e:9555,h:4740,O75367,H2AFY,"H2A histone family member Y","gene with protein product"
78,T193577,1199,0.5971,p15@KDM4C,e:23081,h:17071,,KDM4C,"lysine demethylase 4C","gene with protein product"
79,T184638,1190,0.5915,p1@ADAM3A,,h:209,,ADAM3A,"ADAM metallopeptidase domain 3A (pseudogene)",pseudogene
80,T031629,1101,0.5483,p1@GRTP1-AS1,,h:39917,,GRTP1-AS1,"GRTP1 antisense RNA 1","RNA, long non-coding"
81,T165657,1090,0.5420,p1@C6orf146,e:222826,h:21362,C9J5H0,FAM217A,"family with sequence similarity 217 member A","gene with protein product"
82,T022375,1090,0.5412,p2@ARL6IP4,e:51329,h:18076,F5GYV5,ARL6IP4,"ADP ribosylation factor like GTPase 6 interacting protein 4","gene with protein product"
83,T074594,1086,0.5400,p5@TMEM91,e:641649,h:32393,"F5GWC9,Q6P434",TMEM91,"transmembrane protein 91","gene with protein product"
84,T071135,1069,0.5326,p8@F2RL3,e:9002,h:3540,Q96RI0,F2RL3,"F2R like thrombin/trypsin receptor 3","gene with protein product"
85,T037624,1048,0.5230,p3@AP4S1,e:11154,h:575,Q9Y587,AP4S1,"adaptor related protein complex 4 sigma 1 subunit","gene with protein product"
86,T079596,1046,0.5209,p2@ZNF560,e:147741,h:26484,Q96MR9,ZNF560,"zinc finger protein 560","gene with protein product"
87,T143991,1026,0.5110,p2@LYAR,e:55646,h:26021,Q9NX58,LYAR,"Ly1 antibody reactive","gene with protein product"
88,T153779,1025,0.5100,p1@IRX1,e:79192,h:14358,P78414,IRX1,"iroquois homeobox 1","gene with protein product"
89,T041005,1023,0.5097,p10@STON2,e:85439,h:30652,"G3V2T7,Q59H11",STON2,"stonin 2","gene with protein product"
90,T172689,1016,0.5067,p3@CDK5,e:1020,h:1774,Q00535,CDK5,"cyclin dependent kinase 5","gene with protein product"
91,T036286,1011,0.5030,p1@RNASE11,e:122651,h:19269,C9JYR4,RNASE11,"ribonuclease A family member 11 (inactive)","gene with protein product"
92,T019006,995,0.4958,p14@PRCP,e:5547,h:9344,E9PQB5,PRCP,prolylcarboxypeptidase,"gene with protein product"
93,T135548,984,0.4896,p5@NDUFAF3,e:25915,h:29918,A4FU71,NDUFAF3,"NADH:ubiquinone oxidoreductase complex assembly factor 3","gene with protein product"
94,T140170,927,0.4614,p23@INPP4B,e:8821,h:6075,D6RDJ7,INPP4B,"inositol polyphosphate-4-phosphatase type II B","gene with protein product"
95,T098785,924,0.4608,p1@C20orf79,e:140856,h:16211,Q9UJQ7,SCP2D1,"SCP2 sterol binding domain containing 1","gene with protein product"
96,T071311,912,0.4540,p1@INSL3,e:3640,h:6086,"P51460,Q6YNB5",INSL3,"insulin like 3","gene with protein product"
97,T105742,900,0.4473,p36@PDXK,e:8566,h:8819,,PDXK,"pyridoxal kinase","gene with protein product"
98,T045502,894,0.4452,p2@RBPMS2,e:348093,h:19098,Q6ZRY4,RBPMS2,"RNA binding protein with multiple splicing 2","gene with protein product"
99,T128734,890,0.4426,p1@DNAJB8,e:165721,h:23699,B3KWV7,DNAJB8,"DnaJ heat shock protein family (Hsp40) member B8","gene with protein product"
100,T060949,883,0.4404,p4@AKAP1,e:8165,h:367,,AKAP1,"A-kinase anchoring protein 1","gene with protein product"
101,T031233,880,0.4385,p13@MYO16,e:23026,h:29822,"Q9Y6X6,F8WBZ5",MYO16,"myosin XVI","gene with protein product"
102,T153778,877,0.4359,p3@IRX1,e:79192,h:14358,P78414,IRX1,"iroquois homeobox 1","gene with protein product"
103,T025891,865,0.4314,p14@SLC11A2,e:4891,h:10908,,SLC11A2,"solute carrier family 11 member 2","gene with protein product"
104,T014936,857,0.4270,p3@UBQLNL,e:143630,h:28294,Q8IYU4,UBQLNL,ubiquilin-like,"gene with protein product"
105,T004845,853,0.4240,p1@C10orf25,e:220979,h:23509,,C10orf25,"chromosome 10 open reading frame 25",unknown
106,T105517,846,0.4217,p3@UBASH3A,e:53347,h:12462,P57075,UBASH3A,"ubiquitin associated and SH3 domain containing A","gene with protein product"
107,T031216,832,0.4139,p3@TNFSF13B,e:10673,h:11929,E0ADT7,TNFSF13B,"tumor necrosis factor superfamily member 13b","gene with protein product"
108,T188007,830,0.4123,p1@PPP3R2,e:5535,h:9318,B4DYQ6,PPP3R2,"protein phosphatase 3 regulatory subunit B, beta","gene with protein product"
109,T061958,797,0.3967,p5@CEP112,e:201134,h:28514,Q8N8E3,CEP112,"centrosomal protein 112","gene with protein product"
110,T191666,795,0.3967,p1@FAM166A,e:401565,h:33818,C9JBW9,FAM166A,"family with sequence similarity 166 member A","gene with protein product"
111,T181802,791,0.3945,p23@KHDRBS3,e:10656,h:18117,E5RJZ9,KHDRBS3,"KH RNA binding domain containing, signal transduction associated 3","gene with protein product"
112,T170588,790,0.3936,p8@PRRT4,e:401399,h:37280,"C9JH25,C9JWH6",PRRT4,"proline rich transmembrane protein 4","gene with protein product"
113,T061823,788,0.3928,p11@TEX2,e:55852,h:30884,Q8IWB9,TEX2,"testis expressed 2","gene with protein product"
114,T121208,782,0.3892,p5@D2HGDH,e:728294,h:28358,,D2HGDH,"D-2-hydroxyglutarate dehydrogenase","gene with protein product"
115,T057302,753,0.3752,p1@SPATA22,e:84690,h:30705,"Q8NHS9,B4DXB1",SPATA22,"spermatogenesis associated 22","gene with protein product"
116,T086923,725,0.3616,p3@TPR,e:7175,h:12017,Q5SWX9,TPR,"translocated promoter region, nuclear basket protein","gene with protein product"
117,T031234,724,0.3615,p10@MYO16,e:23026,h:29822,"Q9Y6X6,F8WBZ5",MYO16,"myosin XVI","gene with protein product"
118,T173142,716,0.3569,p4@RNF32,e:140545,h:17118,G5E940,RNF32,"ring finger protein 32","gene with protein product"
119,T093096,691,0.3448,p2@ATPIF1,e:93974,h:871,Q9UII2,ATPIF1,"ATPase inhibitory factor 1","gene with protein product"
120,T074437,693,0.3446,p4@EGLN2,e:112398,h:14660,Q96KS0,EGLN2,"egl-9 family hypoxia inducible factor 2","gene with protein product"
121,T045506,690,0.3440,p3@RBPMS2,e:348093,h:19098,Q6ZRY4,RBPMS2,"RNA binding protein with multiple splicing 2","gene with protein product"
122,T116066,687,0.3420,p7@ITGA4,e:3676,h:6140,,ITGA4,"integrin subunit alpha 4","gene with protein product"
123,T076981,685,0.3403,p1@VRK3,e:51231,h:18996,"E7EMG6,B4DGW1,Q8IV63",VRK3,"vaccinia related kinase 3","gene with protein product"
124,T121128,683,0.3395,p17@SEPT2,e:4735,h:7729,"B5MD47,C9JT15,C9JFT1",SEPT2,"septin 2","gene with protein product"
125,T019252,672,0.3343,p6@PICALM,e:8301,h:15514,E9PJT1,PICALM,"phosphatidylinositol binding clathrin assembly protein","gene with protein product"
126,T024520,670,0.3338,p5@CAPRIN2,e:65981,h:21259,F5H7T6,CAPRIN2,"caprin family member 2","gene with protein product"
127,T109186,667,0.3325,p4@RANGAP1,e:5905,h:9854,B0QYT5,RANGAP1,"Ran GTPase activating protein 1","gene with protein product"
128,T013068,665,0.3318,p3@SVIP,e:258010,h:25238,,SVIP,"small VCP interacting protein","gene with protein product"
129,T108743,666,0.3315,p4@PLA2G6,e:8398,h:9039,,PLA2G6,"phospholipase A2 group VI","gene with protein product"
130,T150166,656,0.3264,p21@PPP2R2B,e:5521,h:9305,,PPP2R2B,"protein phosphatase 2 regulatory subunit Bbeta","gene with protein product"
131,T111578,631,0.3142,p6@LPIN1,e:23175,h:13345,"A8MU38,E7ESE7,D6W506",LPIN1,"lipin 1","gene with protein product"
132,T192345,619,0.3083,p8@ELAVL2,e:1993,h:3313,Q12926,ELAVL2,"ELAV like RNA binding protein 2","gene with protein product"
133,T121362,619,0.3078,p5@DNAJC27,e:51277,h:30290,Q9NZQ0,DNAJC27,"DnaJ heat shock protein family (Hsp40) member C27","gene with protein product"
134,T063114,618,0.3072,p1@C17orf74,e:201243,h:27315,Q0P670,C17orf74,"chromosome 17 open reading frame 74","gene with protein product"
135,T015355,614,0.3056,p1@PLAC1L,e:219990,h:26699,,OOSP2,"oocyte secreted protein 2","gene with protein product"
136,T113849,609,0.3037,p9@TANC1,e:85461,h:29364,,TANC1,"tetratricopeptide repeat, ankyrin repeat and coiled-coil containing 1","gene with protein product"
137,T113853,594,0.2958,p6@TANC1,e:85461,h:29364,,TANC1,"tetratricopeptide repeat, ankyrin repeat and coiled-coil containing 1","gene with protein product"
138,T105519,582,0.2897,p1@UBASH3A,e:53347,h:12462,"P57075,G5E9E4,C9JXN7",UBASH3A,"ubiquitin associated and SH3 domain containing A","gene with protein product"
139,T146035,579,0.2894,p1@GK2,e:2712,h:4291,Q14410,GK2,"glycerol kinase 2","gene with protein product"
140,T151398,570,0.2843,p3@C5orf52,e:100190949,h:35121,A6NGY3,C5orf52,"chromosome 5 open reading frame 52","gene with protein product"
141,T002874,565,0.2818,p21@FAM107B,e:83641,h:23726,"F8WCJ2,Q9H098",FAM107B,"family with sequence similarity 107 member B","gene with protein product"
142,T051443,562,0.2803,p1@C16orf90,e:646174,h:34455,A8MZG2,C16orf90,"chromosome 16 open reading frame 90","gene with protein product"
143,T141388,547,0.2720,p1@TKTL2,e:84076,h:25313,Q9H0I9,TKTL2,"transketolase like 2","gene with protein product"
144,T149436,543,0.2701,p2@UBE2D2,e:7322,h:12475,,UBE2D2,"ubiquitin conjugating enzyme E2 D2","gene with protein product"
145,T031236,542,0.2701,p5@MYO16,e:23026,h:29822,"Q9Y6X6,F8WBZ5",MYO16,"myosin XVI","gene with protein product"
146,T023955,532,0.2648,p2@CMAS,e:55907,h:18290,F5H296,CMAS,"cytidine monophosphate N-acetylneuraminic acid synthetase","gene with protein product"
147,T128565,509,0.2532,p1@C3orf22,e:152065,h:28534,Q8N5N4,C3orf22,"chromosome 3 open reading frame 22","gene with protein product"
148,T199189,495,0.2470,p2@MAGEB4,e:4115,h:6811,O15481,MAGEB4,"MAGE family member B4","gene with protein product"
149,T116307,492,0.2454,p2@NT5C1B,e:93034,h:17818,C9JW75,NT5C1B,"5'-nucleotidase, cytosolic IB","gene with protein product"
150,T155887,492,0.2450,p9@WDR41,e:55255,h:25601,,WDR41,"WD repeat domain 41","gene with protein product"
151,T011761,489,0.2441,p2@ZBTB44,e:29068,h:25001,Q8NCP5,ZBTB44,"zinc finger and BTB domain containing 44","gene with protein product"
152,T098680,473,0.2353,p1@BANF2,e:140836,h:16172,Q9H503,BANF2,"barrier to autointegration factor 2","gene with protein product"
153,T143990,472,0.2352,p5@LYAR,e:55646,h:26021,D6RDJ1,LYAR,"Ly1 antibody reactive","gene with protein product"
154,T128566,472,0.2351,p3@C3orf22,e:152065,h:28534,"Q8N5N4,B3KUS9",C3orf22,"chromosome 3 open reading frame 22","gene with protein product"
155,T125584,457,0.2276,p2@FUNDC2P2,e:388965,h:17247,,FUNDC2P2,"FUN14 domain containing 2 pseudogene 2",pseudogene
156,T162864,434,0.2162,p1@HIST1H2BPS1,,h:18719,,HIST1H2BPS1,"histone cluster 1 H2B pseudogene 1",pseudogene
157,T023713,415,0.2065,p3@CAPZA3,e:93661,h:24205,Q96KX2,CAPZA3,"capping actin protein of muscle Z-line alpha subunit 3","gene with protein product"
158,T023991,411,0.2045,p1@CACNA1C-AS4,,h:40116,,CACNA1C-AS4,"CACNA1C antisense RNA 4","RNA, long non-coding"
159,T094793,398,0.1980,p8@KIF2C,e:11004,h:6393,B7Z7M6,KIF2C,"kinesin family member 2C","gene with protein product"
160,T069669,388,0.1937,p4@DNM2,e:1785,h:2974,F5H722,DNM2,"dynamin 2","gene with protein product"
161,T201188,383,0.1907,p1@ZCCHC13,e:389874,h:31749,Q8WW36,ZCCHC13,"zinc finger CCHC-type containing 13","gene with protein product"
162,T194286,367,0.1830,p4@DMRT1,e:1761,h:2934,"Q9Y5R6,F5GW87,Q6T1H9",DMRT1,"doublesex and mab-3 related transcription factor 1","gene with protein product"
163,T063115,347,0.1724,p3@C17orf74,e:201243,h:27315,Q0P670,C17orf74,"chromosome 17 open reading frame 74","gene with protein product"
164,T072175,346,0.1717,p1@ZNF98,e:148198,h:13174,A6NK75,ZNF98,"zinc finger protein 98","gene with protein product"
165,T031772,345,0.1715,p1@UPF3A,e:65110,h:20332,Q9H1J1,UPF3A,"UPF3 regulator of nonsense transcripts homolog A (yeast)","gene with protein product"
166,T001965,341,0.1701,p1@C10orf120,e:399814,h:25707,Q5SQS8,C10orf120,"chromosome 10 open reading frame 120","gene with protein product"
167,T099455,338,0.1680,p4@DEFB119,e:245932,h:18099,,DEFB119,"defensin beta 119","gene with protein product"
168,T135736,323,0.1609,p19@RBM5,e:10181,h:9902,,RBM5,"RNA binding motif protein 5","gene with protein product"
169,T105250,322,0.1598,p10@HMGN1,e:3150,h:4984,,HMGN1,"high mobility group nucleosome binding domain 1","gene with protein product"
170,T110032,318,0.1582,p10@MLC1,e:23209,h:17082,Q15049,MLC1,"megalencephalic leukoencephalopathy with subcortical cysts 1","gene with protein product"
171,T007305,317,0.1578,p33@ZMIZ1,e:57178,h:16493,,ZMIZ1,"zinc finger MIZ-type containing 1","gene with protein product"
172,T138354,314,0.1565,p8@EMCN,e:51705,h:16041,,EMCN,endomucin,"gene with protein product"
173,T193916,308,0.1534,p3@C9orf57,e:138240,h:27037,Q5W0N0,C9orf57,"chromosome 9 open reading frame 57","gene with protein product"
174,T168504,303,0.1510,p3@FHL5,e:9457,h:17371,Q5TD97,FHL5,"four and a half LIM domains 5","gene with protein product"
175,T099435,298,0.1486,p4@TMEM239,e:100288797,h:40044,Q8WW34,TMEM239,"transmembrane protein 239","gene with protein product"
176,T191375,292,0.1456,p7@LCN6,e:158062,h:17337,,LCN6,"lipocalin 6","gene with protein product"
177,T184637,290,0.1445,p1@ADAM5P,,h:212,,ADAM5,"ADAM metallopeptidase domain 5 (pseudogene)",pseudogene
178,T043423,288,0.1434,p3@C15orf23,e:90417,h:30767,Q9Y448,KNSTRN,"kinetochore localized astrin/SPAG5 binding protein","gene with protein product"
179,T026252,284,0.1411,p2@KRT72,e:140807,h:28932,B4DXK4,KRT72,"keratin 72","gene with protein product"
180,T080344,280,0.1390,p4@UBL4B,e:164153,h:32309,Q8N7F7,UBL4B,"ubiquitin like 4B","gene with protein product"
181,T133686,277,0.1380,p2@PP2D1,,h:28406,,PP2D1,"protein phosphatase 2C like domain containing 1","gene with protein product"
182,T098440,276,0.1369,p19@PSMF1,e:9491,h:9571,"Q92530,F5H4Z3",PSMF1,"proteasome inhibitor subunit 1","gene with protein product"
183,T043033,274,0.1366,p1@TMCO5A,e:145942,h:28558,Q8N6Q1,TMCO5A,"transmembrane and coiled-coil domains 5A","gene with protein product"
184,T125013,273,0.1360,p3@CYP26B1,e:56603,h:20581,Q9NR63,CYP26B1,"cytochrome P450 family 26 subfamily B member 1","gene with protein product"
185,T184891,272,0.1355,p7@C8orf40,e:114926,h:25166,Q96E16,SMIM19,"small integral membrane protein 19","gene with protein product"
186,T099458,270,0.1342,p2@DEFB119,e:245932,h:18099,Q5TH42,DEFB119,"defensin beta 119","gene with protein product"
187,T130686,270,0.1342,p4@METTL6,e:131965,h:28343,Q8TCB7,METTL6,"methyltransferase like 6","gene with protein product"
188,T025827,260,0.1292,p23@LIMA1,e:51474,h:24636,F8VVQ7,LIMA1,"LIM domain and actin binding 1","gene with protein product"
189,T141750,257,0.1280,p5@MFAP3L,e:9848,h:29083,"D6RCF0,O75121",MFAP3L,"microfibrillar associated protein 3 like","gene with protein product"
190,T193917,250,0.1244,p2@C9orf57,e:138240,h:27037,Q5W0N0,C9orf57,"chromosome 9 open reading frame 57","gene with protein product"
191,T105233,238,0.1185,p1@PSMG1,e:8624,h:3043,F8WBH7,PSMG1,"proteasome assembly chaperone 1","gene with protein product"
192,T031222,233,0.1159,p5@TNFSF13B,e:10673,h:11929,,TNFSF13B,"tumor necrosis factor superfamily member 13b","gene with protein product"
193,T088930,231,0.1149,p1@CD34,e:947,h:1662,B4DG27,CD34,"CD34 molecule","gene with protein product"
194,T086377,230,0.1145,p5@GLUL,e:2752,h:4341,P15104,GLUL,"glutamate-ammonia ligase","gene with protein product"
195,T165025,226,0.1122,p7@TCP11,e:6954,h:11658,"D6RIW4,D6R989",TCP11,"t-complex 11","gene with protein product"
196,T034866,221,0.1101,p3@IPO5,e:3843,h:6402,"O00410,E7EV12,C9JQT6,C9JZD8,E7EX05,F8WF30,C9JXE0,B3KWG6,Q9BVS9",IPO5,"importin 5","gene with protein product"
197,T040646,211,0.1050,p4@C14orf1,e:11161,h:1187,Q9UKR5,C14orf1,"chromosome 14 open reading frame 1","gene with protein product"
198,T127136,207,0.1031,p12@BBX,e:56987,h:14422,"C9J067,C9K0D1,C9J0J4",BBX,"BBX, HMG-box containing","gene with protein product"
199,T101280,202,0.1004,"p1@SPINLW1-WFDC6,p1@SPINLW1","e:100526773,e:57119","h:15932,h:38825",A6PVD6,EPPIN,"epididymal peptidase inhibitor","gene with protein product"
200,T139478,201,0.1001,p3@ADAD1,e:132612,h:30713,,ADAD1,"adenosine deaminase domain containing 1","gene with protein product"
201,T048662,195,0.0973,p1@PRM1,e:5619,h:9447,"P04553,Q3MN80",PRM1,"protamine 1","gene with protein product"
202,T031774,194,0.0967,p9@UPF3A,e:65110,h:20332,B4DXJ4,UPF3A,"UPF3 regulator of nonsense transcripts homolog A (yeast)","gene with protein product"
203,T017136,192,0.0956,p14@DRAP1,e:10589,h:3019,Q14919,DRAP1,"DR1 associated protein 1","gene with protein product"
204,T141390,189,0.0942,p4@TKTL2,e:84076,h:25313,Q9H0I9,TKTL2,"transketolase like 2","gene with protein product"
205,T024635,186,0.0929,p4@H3F3C,e:440093,h:33164,Q6NXT2,H3F3C,"H3 histone family member 3C","gene with protein product"
206,T059041,186,0.0926,p1@C17orf105,e:284067,h:37241,B2RV13,C17orf105,"chromosome 17 open reading frame 105","gene with protein product"
207,T193915,186,0.0925,p1@C9orf57,e:138240,h:27037,Q5W0N0,C9orf57,"chromosome 9 open reading frame 57","gene with protein product"
208,T017081,179,0.0893,p21@CFL1,e:1072,h:1874,G3V1A4,CFL1,"cofilin 1","gene with protein product"
209,T060935,178,0.0887,p1@COIL,e:8161,h:2184,P38432,COIL,coilin,"gene with protein product"
210,T193684,175,0.0871,p1@PRKACG,e:5568,h:9382,P22612,PRKACG,"protein kinase cAMP-activated catalytic subunit gamma","gene with protein product"
211,T193538,171,0.0851,p1@TPD52L3,e:89882,h:23382,Q96J77,TPD52L3,"tumor protein D52 like 3","gene with protein product"
212,T048311,170,0.0842,p3@SPATA8,e:145946,h:28676,,SPATA8,"spermatogenesis associated 8","gene with protein product"
213,T094609,168,0.0838,p1@MPL,e:4352,h:7217,"F2Z2G9,P40238,Q5JUY5",MPL,"MPL proto-oncogene, thrombopoietin receptor","gene with protein product"
214,T178100,167,0.0833,p1@LRRD1,e:401387,h:34300,A4D1F6,LRRD1,"leucine rich repeats and death domain containing 1","gene with protein product"
215,T046805,167,0.0831,p1@SH2D7,e:646892,h:34549,B8ZZB5,SH2D7,"SH2 domain containing 7","gene with protein product"
216,T018202,167,0.0830,p7@STARD10,e:10809,h:10666,"F5GWK5,F5H8G1",STARD10,"StAR related lipid transfer domain containing 10","gene with protein product"
217,T191670,162,0.0808,p1@C9orf173,e:441476,h:37285,Q8N7X2,STPG3,"sperm-tail PG-rich repeat containing 3","gene with protein product"
218,T075957,158,0.0787,p3@PRKD2,e:25865,h:17293,Q9BZL6,PRKD2,"protein kinase D2","gene with protein product"
219,T170355,157,0.0780,p1@RNF133,e:168433,h:21154,Q8WVZ7,RNF133,"ring finger protein 133","gene with protein product"
220,T167612,156,0.0778,p3@DDX43,e:55510,h:18677,,DDX43,"DEAD-box helicase 43","gene with protein product"
221,T082219,155,0.0773,p3@HORMAD1,e:84072,h:25245,,HORMAD1,"HORMA domain containing 1","gene with protein product"
222,T164409,155,0.0771,p1@C6orf10,e:10665,h:13922,"F8WEJ2,C9J9T8,E9PMB1",C6orf10,"chromosome 6 open reading frame 10","gene with protein product"
223,T139482,154,0.0768,p5@ADAD1,e:132612,h:30713,,ADAD1,"adenosine deaminase domain containing 1","gene with protein product"
224,T050565,152,0.0756,p1@SPN,e:6693,h:11249,"P16150,A8K9B1",SPN,sialophorin,"gene with protein product"
225,T179715,151,0.0752,p4@XKR6,e:286046,h:27806,Q5GH73,XKR6,"XK related 6","gene with protein product"
226,T043425,150,0.0747,p6@C15orf23,e:90417,h:30767,Q9Y448,KNSTRN,"kinetochore localized astrin/SPAG5 binding protein","gene with protein product"
227,T076291,150,0.0747,p6@CARD8,e:22900,h:17057,,CARD8,"caspase recruitment domain family member 8","gene with protein product"
228,T033948,149,0.0741,p8@DIAPH3,e:81624,h:15480,,DIAPH3,"diaphanous related formin 3","gene with protein product"
229,T059215,147,0.0732,p6@ITGA2B,e:3674,h:6138,P08514,ITGA2B,"integrin subunit alpha 2b","gene with protein product"
230,T198076,147,0.0732,p2@FATE1,e:89885,h:24683,Q969F0,FATE1,"fetal and adult testis expressed 1","gene with protein product"
231,T139481,145,0.0722,p1@ADAD1,e:132612,h:30713,,ADAD1,"adenosine deaminase domain containing 1","gene with protein product"
232,T135556,141,0.0703,p3@NDUFAF3,e:25915,h:29918,"Q9BU61,Q9Y3Z0,A4FU71",NDUFAF3,"NADH:ubiquinone oxidoreductase complex assembly factor 3","gene with protein product"
233,T008205,141,0.0703,p11@IDE,e:3416,h:5381,B7ZAU2,IDE,"insulin degrading enzyme","gene with protein product"
234,T045708,141,0.0702,p3@RPL4,e:6124,h:10353,,RPL4,"ribosomal protein L4","gene with protein product"
235,T146506,140,0.0698,p22@ARHGAP24,e:83478,h:25361,D6RBC2,ARHGAP24,"Rho GTPase activating protein 24","gene with protein product"
236,T155005,140,0.0697,p4@KIF2A,e:3796,h:6318,"O00139,E9PB70,B0AZS5",KIF2A,"kinesin family member 2A","gene with protein product"
237,T040711,139,0.0693,p18@ANGEL1,e:23357,h:19961,,ANGEL1,"angel homolog 1","gene with protein product"
238,T024275,137,0.0682,p12@ITPR2,e:3709,h:6181,,ITPR2,"inositol 1,4,5-trisphosphate receptor type 2","gene with protein product"
239,T032771,136,0.0678,p4@CCNA1,e:8900,h:1577,,CCNA1,"cyclin A1","gene with protein product"
240,T139473,132,0.0658,p4@ADAD1,e:132612,h:30713,Q96M93,ADAD1,"adenosine deaminase domain containing 1","gene with protein product"
241,T166592,128,0.0639,p1@CRISP2,e:7180,h:12024,P16562,CRISP2,"cysteine rich secretory protein 2","gene with protein product"
242,T173140,125,0.0623,p1@RNF32,e:140545,h:17118,Q9H0A6,RNF32,"ring finger protein 32","gene with protein product"
243,T141391,125,0.0622,p3@TKTL2,e:84076,h:25313,Q9H0I9,TKTL2,"transketolase like 2","gene with protein product"
244,T095016,122,0.0609,p1@ATPAF1-AS1,e:374973,h:29589,"C9W8M6,Q6PEX7",TEX38,"testis expressed 38","gene with protein product"
245,T014588,122,0.0608,p10@CKAP5,e:9793,h:28959,,CKAP5,"cytoskeleton associated protein 5","gene with protein product"
246,T091775,120,0.0599,p1@WDR64,e:128025,h:26570,"B1ANS9,D6RCR1",WDR64,"WD repeat domain 64","gene with protein product"
247,T077327,120,0.0597,p1@C19orf75,e:284369,h:26856,,SIGLECL1,"SIGLEC family like 1","gene with protein product"
248,T081468,119,0.0592,p4@GLTPD1,e:80772,h:28116,,CPTP,"ceramide-1-phosphate transfer protein","gene with protein product"
249,T096655,118,0.0587,p10@C1orf173,e:127254,h:25346,,ERICH3,"glutamate rich 3","gene with protein product"
250,T184636,118,0.0586,p2@ADAM32,e:203102,h:15479,E5RJE6,ADAM32,"ADAM metallopeptidase domain 32","gene with protein product"
251,T131802,117,0.0581,p2@SPATA16,e:83893,h:29935,,SPATA16,"spermatogenesis associated 16","gene with protein product"
252,T156203,113,0.0563,p5@ZCCHC9,e:84240,h:25424,Q8N567,ZCCHC9,"zinc finger CCHC-type containing 9","gene with protein product"
253,T098679,113,0.0561,p2@BANF2,e:140836,h:16172,Q9H503,BANF2,"barrier to autointegration factor 2","gene with protein product"
254,T076401,110,0.0548,p2@SPACA4,e:171169,h:16441,Q8TDM5,SPACA4,"sperm acrosome associated 4","gene with protein product"
255,T104603,109,0.0544,p4@TCP10L,e:140290,h:11657,,TCP10L,"t-complex 10-like","gene with protein product"
256,T087192,109,0.0541,p9@GLRX2,e:51022,h:16065,Q9NS18,GLRX2,"glutaredoxin 2","gene with protein product"
257,T135869,108,0.0538,p1@NAT6,e:24142,h:30252,Q93015,NAT6,"N-acetyltransferase 6","gene with protein product"
258,T014038,108,0.0537,p2@LDLRAD3,e:143458,h:27046,,LDLRAD3,"low density lipoprotein receptor class A domain containing 3","gene with protein product"
259,T014037,105,0.0524,p3@LDLRAD3,e:143458,h:27046,,LDLRAD3,"low density lipoprotein receptor class A domain containing 3","gene with protein product"
260,T026254,105,0.0522,p4@KRT72,e:140807,h:28932,B4DXK4,KRT72,"keratin 72","gene with protein product"
261,T126043,102,0.0507,p1@C2orf51,e:200523,h:26341,Q96LM6,TEX37,"testis expressed 37","gene with protein product"
262,T139239,101,0.0504,p1@CEP170P1,e:645455,h:28364,Q96L14,CEP170P1,"centrosomal protein 170 pseudogene 1",pseudogene
263,T128735,101,0.0503,p2@DNAJB8,e:165721,h:23699,Q8NHS0,DNAJB8,"DnaJ heat shock protein family (Hsp40) member B8","gene with protein product"
264,T069724,100,0.0498,p3@SMARCA4,e:6597,h:11100,P51532,SMARCA4,"SWI/SNF related, matrix associated, actin dependent regulator of chromatin, subfamily a, member 4","gene with protein product"
265,T099183,100,0.0498,p5@CST9L,e:128821,h:16233,Q9H4G1,CST9L,"cystatin 9-like","gene with protein product"
266,T140413,99,0.0493,p22@NR3C2,e:4306,h:7979,,NR3C2,"nuclear receptor subfamily 3 group C member 2","gene with protein product"
267,T037357,98,0.0489,p2@TSSK4,e:283629,h:19825,,TSSK4,"testis specific serine kinase 4","gene with protein product"
268,T012473,97,0.0484,p1@LDHC,e:3948,h:6544,"P07864,F5GWS6,F5H326",LDHC,"lactate dehydrogenase C","gene with protein product"
269,T098298,96,0.0478,p5@CTNNBIP1,e:56998,h:16913,Q9NSA3,CTNNBIP1,"catenin beta interacting protein 1","gene with protein product"
270,T118961,95,0.0472,p7@USP37,e:57695,h:20063,,USP37,"ubiquitin specific peptidase 37","gene with protein product"
271,T074937,93,0.0464,p4@LIPE,e:3991,h:6621,Q05469,LIPE,"lipase E, hormone sensitive type","gene with protein product"
272,T100500,93,0.0462,p1@CTNNBL1,e:56259,h:15879,"Q8WYA6,A2A2P1",CTNNBL1,"catenin beta like 1","gene with protein product"
273,T078233,92,0.0459,p3@UBE2S,e:27338,h:17895,Q16763,UBE2S,"ubiquitin conjugating enzyme E2 S","gene with protein product"
274,T025324,91,0.0454,p3@AKAP3,e:10566,h:373,F5H7P4,AKAP3,"A-kinase anchoring protein 3","gene with protein product"
275,T104604,89,0.0444,p2@TCP10L,e:140290,h:11657,,TCP10L,"t-complex 10-like","gene with protein product"
276,T051813,87,0.0433,p1@C16orf78,e:123970,h:28479,Q8WTQ4,C16orf78,"chromosome 16 open reading frame 78","gene with protein product"
277,T131247,86,0.0429,p19@GALNTL2,e:117248,h:21531,,GALNT15,"polypeptide N-acetylgalactosaminyltransferase 15","gene with protein product"
278,T085521,81,0.0404,p49@PRRX1,e:5396,h:9142,G3V3G1,PRRX1,"paired related homeobox 1","gene with protein product"
279,T193145,81,0.0403,p4@RNF38,e:152006,h:18052,Q9H0F5,RNF38,"ring finger protein 38","gene with protein product"
280,T069785,80,0.0398,p1@TSPAN16,e:26526,h:30725,Q9UKR8,TSPAN16,"tetraspanin 16","gene with protein product"
281,T063112,80,0.0398,p4@C17orf74,e:201243,h:27315,Q0P670,C17orf74,"chromosome 17 open reading frame 74","gene with protein product"
282,T125705,79,0.0394,p15@TMEM150A,e:129303,h:24677,F2Z311,TMEM150A,"transmembrane protein 150A","gene with protein product"
283,T008701,78,0.0388,p1@C10orf62,e:414157,h:23294,,C10orf62,"chromosome 10 open reading frame 62","gene with protein product"
284,T078129,77,0.0383,p9@C19orf51,e:352909,h:30492,,DNAAF3,"dynein axonemal assembly factor 3","gene with protein product"
285,T170356,77,0.0383,p3@RNF133,e:168433,h:21154,Q8WVZ7,RNF133,"ring finger protein 133","gene with protein product"
286,T104217,76,0.0379,p2@ATP5J,e:522,h:847,"P18859,Q6IB54,Q6NZ59",ATP5J,"ATP synthase, H+ transporting, mitochondrial Fo complex subunit F6","gene with protein product"
287,T045475,76,0.0378,p4@CSNK1G1,e:53944,h:2454,B7Z7D1,CSNK1G1,"casein kinase 1 gamma 1","gene with protein product"
288,T138772,75,0.0374,p63@LEF1,e:51176,h:6551,E9PDK3,LEF1,"lymphoid enhancer binding factor 1","gene with protein product"
289,T153777,75,0.0374,p2@IRX1,e:79192,h:14358,P78414,IRX1,"iroquois homeobox 1","gene with protein product"
290,T095069,75,0.0374,p6@TAL1,e:6886,h:11556,,TAL1,"TAL bHLH transcription factor 1, erythroid differentiation factor","gene with protein product"
291,T037610,75,0.0374,p3@G2E3,e:55632,h:20338,"F8W0F5,G3V5B6",G2E3,"G2/M-phase specific E3 ubiquitin protein ligase","gene with protein product"
292,T170359,74,0.0369,p3@RNF148,e:378925,h:22411,C9JVJ0,RNF148,"ring finger protein 148","gene with protein product"
293,T118743,74,0.0369,p1@TNP1,e:7141,h:11951,"P09430,Q4ZG82",TNP1,"transition protein 1","gene with protein product"
294,T051585,74,0.0367,p3@HMOX2,e:3163,h:5014,P30519,HMOX2,"heme oxygenase 2","gene with protein product"
295,T151286,71,0.0354,p2@PPP1R2P3,e:153743,h:16318,Q6NXS1,PPP1R2P3,"protein phosphatase 1 regulatory inhibitor subunit 2 pseudogene 3",pseudogene
296,T057732,71,0.0354,p24@LASP1,e:3927,h:6513,C9J9W2,LASP1,"LIM and SH3 protein 1","gene with protein product"
297,T165027,67,0.0334,p1@TCP11,e:6954,h:11658,"E7EP29,D6RBE4,B7Z7B5,Q8WWU5,D6R8Y5,D6RGY5,D6RAC0,D6R9D8,D6RGC0,D6R9R9,D6RFY8,D6R989",TCP11,"t-complex 11","gene with protein product"
298,T014036,66,0.0329,p6@LDLRAD3,e:143458,h:27046,,LDLRAD3,"low density lipoprotein receptor class A domain containing 3","gene with protein product"
299,T093696,64,0.0318,p1@HMGB4,e:127540,h:24954,,HMGB4,"high mobility group box 4","gene with protein product"
300,T016994,63,0.0313,p5@PCNXL3,e:399909,h:18760,Q9H6A9,PCNX3,"pecanex homolog 3 (Drosophila)","gene with protein product"
301,T036875,63,0.0313,p24@SLC7A7,e:9056,h:11065,D6RFE5,SLC7A7,"solute carrier family 7 member 7","gene with protein product"
302,T192258,62,0.0309,p25@CDKN2A,e:1029,h:1787,A5X2G7,CDKN2A,"cyclin dependent kinase inhibitor 2A","gene with protein product"
303,T075767,62,0.0309,p2@RSPH6A,e:81492,h:14241,,RSPH6A,"radial spoke head 6 homolog A","gene with protein product"
304,T127816,62,0.0309,p2@IGSF11-AS1,,h:40777,,IGSF11-AS1,"IGSF11 antisense RNA 1","RNA, long non-coding"
305,T142112,60,0.0299,p1@SPATA4,e:132851,h:17333,,SPATA4,"spermatogenesis associated 4","gene with protein product"
306,T025632,60,0.0299,p2@PRPH,e:5630,h:9461,,PRPH,peripherin,"gene with protein product"
307,T085141,60,0.0299,p4@LRRC52,e:440699,h:32156,Q8N7C0,LRRC52,"leucine rich repeat containing 52","gene with protein product"
308,T007755,59,0.0294,p11@ATAD1,e:84896,h:25903,,ATAD1,"ATPase family, AAA domain containing 1","gene with protein product"
309,T078801,58,0.0289,p1@ACSBG2,e:81616,h:24174,Q5FVE4,ACSBG2,"acyl-CoA synthetase bubblegum family member 2","gene with protein product"
310,T048645,58,0.0289,p1@PRM2,e:5620,h:9448,"P04554,Q6ZMM0,Q1LZN1",PRM2,"protamine 2","gene with protein product"
311,T088885,57,0.0285,p41@PRKCZ,e:5590,h:9412,,PRKCZ,"protein kinase C zeta","gene with protein product"
312,T025464,57,0.0284,p1@C12orf54,e:121273,h:28553,Q6X4T0,C12orf54,"chromosome 12 open reading frame 54","gene with protein product"
313,T080932,56,0.0278,p3@VANGL1,e:81839,h:15512,,VANGL1,"VANGL planar cell polarity protein 1","gene with protein product"
314,T105722,56,0.0278,p1@RRP1B,e:23076,h:23818,Q14684,RRP1B,"ribosomal RNA processing 1B","gene with protein product"
315,T173430,55,0.0274,p3@PRPS1L1,e:221823,h:9463,P21108,PRPS1L1,"phosphoribosyl pyrophosphate synthetase 1-like 1","gene with protein product"
316,T134913,55,0.0274,p9@KIF15,e:56992,h:17273,C9JKA9,KIF15,"kinesin family member 15","gene with protein product"
317,T163076,54,0.0269,p2@POM121L2,e:94026,h:13973,C9J1I7,POM121L2,"POM121 transmembrane nucleoporin like 2","gene with protein product"
318,T100885,53,0.0265,p1@GTSF1L,e:149699,h:16198,Q9H1H1,GTSF1L,"gametocyte specific factor 1 like","gene with protein product"
319,T188597,51,0.0254,p3@SUSD1,e:64420,h:25413,"F8WAQ1,Q6UWL2",SUSD1,"sushi domain containing 1","gene with protein product"
320,T033536,50,0.0249,p5@LPAR6,e:10161,h:15520,,LPAR6,"lysophosphatidic acid receptor 6","gene with protein product"
321,T116143,50,0.0249,p17@PDE1A,e:5136,h:8774,,PDE1A,"phosphodiesterase 1A","gene with protein product"
322,T170131,49,0.0244,p5@ANKRD7,e:56311,h:18588,C9JIJ7,ANKRD7,"ankyrin repeat domain 7","gene with protein product"
323,T026253,49,0.0244,p3@KRT72,e:140807,h:28932,B4DXK4,KRT72,"keratin 72","gene with protein product"
324,T166593,48,0.0239,p2@CRISP2,e:7180,h:12024,"Q7Z7B2,P16562,Q5U8Z9",CRISP2,"cysteine rich secretory protein 2","gene with protein product"
325,T080151,48,0.0239,p4@C1orf194,e:127003,h:32331,,C1orf194,"chromosome 1 open reading frame 194","gene with protein product"
326,T165535,48,0.0239,p3@DNAH8,e:1769,h:2952,"Q8IU65,Q96JB1",DNAH8,"dynein axonemal heavy chain 8","gene with protein product"
327,T014944,46,0.0229,p2@C11orf35,e:256329,h:28561,E9PJR3,LMNTD2,"lamin tail domain containing 2","gene with protein product"
328,T073088,46,0.0229,p3@FAM187B,e:148109,h:26366,Q17R55,FAM187B,"family with sequence similarity 187 member B","gene with protein product"
329,T074225,43,0.0214,p4@PSMC4,e:5704,h:9551,"P43686,A8K2M0",PSMC4,"proteasome 26S subunit, ATPase 4","gene with protein product"
330,T112230,43,0.0214,"p2@TUBA3C,p2@TUBA3D","e:113457,e:7278","h:12408,h:24071",Q13748,TUBA3C,"tubulin alpha 3c","gene with protein product"
331,T168699,43,0.0214,p5@MOSPD3,e:64598,h:25078,C9J3M4,MOSPD3,"motile sperm domain containing 3","gene with protein product"
332,T188287,43,0.0214,p5@ACTL7A,e:10881,h:161,Q9Y615,ACTL7A,"actin like 7A","gene with protein product"
333,T173431,43,0.0214,p1@PRPS1L1,e:221823,h:9463,P21108,PRPS1L1,"phosphoribosyl pyrophosphate synthetase 1-like 1","gene with protein product"
334,T071369,42,0.0209,p7@REXO1,e:57455,h:24616,F5GXX0,REXO1,"RNA exonuclease 1 homolog","gene with protein product"
335,T116192,42,0.0209,p5@NUP35,e:129401,h:29797,C9JWU7,NUP35,"nucleoporin 35","gene with protein product"
336,T078411,40,0.0199,p4@C19orf70,e:125988,h:33702,Q5XKP0,C19orf70,"chromosome 19 open reading frame 70","gene with protein product"
337,T149232,40,0.0199,p3@NME5,e:8382,h:7853,,NME5,"NME/NM23 family member 5","gene with protein product"
338,T045939,40,0.0199,p7@LINC00277,e:283673,h:26596,,EWSAT1,"Ewing sarcoma associated transcript 1","RNA, long non-coding"
339,T162865,39,0.0194,p3@HIST1H2APS1,e:387319,h:18720,,HIST1H2APS1,"histone cluster 1 H2A pseudogene 1",pseudogene
340,T102990,39,0.0194,p2@C20orf177,e:63939,h:16170,Q9NTX9,FAM217B,"family with sequence similarity 217 member B","gene with protein product"
341,T166450,39,0.0194,p1@TDRD6,e:221400,h:21339,"F5H5M3,O60522,B3KWU2",TDRD6,"tudor domain containing 6","gene with protein product"
342,T044283,38,0.0189,p1@HDC,e:3067,h:4855,,HDC,"histidine decarboxylase","gene with protein product"
343,T097732,37,0.0184,p9@SLC2A5,e:6518,h:11010,,SLC2A5,"solute carrier family 2 member 5","gene with protein product"
344,T131801,37,0.0184,p1@SPATA16,e:83893,h:29935,,SPATA16,"spermatogenesis associated 16","gene with protein product"
345,T020558,37,0.0184,p7@RFX4,e:5992,h:9985,F8VX50,RFX4,"regulatory factor X4","gene with protein product"
346,T161306,36,0.0179,p14@C6orf99,e:100130967,h:21179,Q4VX62,C6orf99,"chromosome 6 open reading frame 99",unknown
347,T069598,35,0.0175,p6@CDKN2D,e:1032,h:1790,P55273,CDKN2D,"cyclin dependent kinase inhibitor 2D","gene with protein product"
348,T017048,35,0.0174,p4@OVOL1,e:5017,h:8525,Q86XL8,OVOL1,"ovo like transcriptional repressor 1","gene with protein product"
349,T192428,34,0.0169,p1@C9orf11,e:54586,h:1359,,EQTN,equatorin,"gene with protein product"
350,T024228,34,0.0169,p25@RASSF8,e:11228,h:13232,"F5H343,F5H0S5",RASSF8,"Ras association domain family member 8","gene with protein product"
351,T162640,33,0.0165,p2@HDGFL1,e:154150,h:21095,,HDGFL1,"hepatoma derived growth factor-like 1","gene with protein product"
352,T142025,33,0.0164,p1@ADAM29,e:11086,h:207,Q9UKF5,ADAM29,"ADAM metallopeptidase domain 29","gene with protein product"
353,T164052,33,0.0164,p3@PRRC2A,e:7916,h:13918,"C9JXZ3,C9JTM3,P48634",PRRC2A,"proline rich coiled-coil 2A","gene with protein product"
354,T057258,32,0.0160,"p10@RFFL,p8@RAD51D","e:5892,e:100529207,e:117584","h:9823,h:24821",B4DYI4,RAD51D,"RAD51 paralog D","gene with protein product"
355,T113884,32,0.0160,p34@BAZ2B,e:29994,h:963,,BAZ2B,"bromodomain adjacent to zinc finger domain 2B","gene with protein product"
356,T056460,32,0.0159,p22@KSR1,e:8844,h:6465,"Q8IVT5,A8MY87",KSR1,"kinase suppressor of ras 1","gene with protein product"
357,T081328,32,0.0159,p2@UBE2J2,e:118424,h:19268,D6REN4,UBE2J2,"ubiquitin conjugating enzyme E2 J2","gene with protein product"
358,T113885,31,0.0155,p27@BAZ2B,e:29994,h:963,,BAZ2B,"bromodomain adjacent to zinc finger domain 2B","gene with protein product"
359,T185929,31,0.0154,p1@DNAJC5B,e:85479,h:24138,Q9UF47,DNAJC5B,"DnaJ heat shock protein family (Hsp40) member C5 beta","gene with protein product"
360,T167179,31,0.0154,p14@PHF3,e:23469,h:8921,"D6R9X2,A8K376",PHF3,"PHD finger protein 3","gene with protein product"
361,T131800,31,0.0154,p3@SPATA16,e:83893,h:29935,,SPATA16,"spermatogenesis associated 16","gene with protein product"
362,T147165,31,0.0154,p6@METAP1,e:23173,h:15789,,METAP1,"methionyl aminopeptidase 1","gene with protein product"
363,T052223,30,0.0150,p6@SLC6A2,e:6530,h:11048,,SLC6A2,"solute carrier family 6 member 2","gene with protein product"
364,T179334,30,0.0149,p3@ODF1,e:4956,h:8113,Q14990,ODF1,"outer dense fiber of sperm tails 1","gene with protein product"
365,T028929,28,0.0140,p21@THAP2,e:83591,h:20854,F8W1B8,THAP2,"THAP domain containing 2","gene with protein product"
366,T170079,28,0.0139,p3@ASZ1,e:136991,h:1350,,ASZ1,"ankyrin repeat, SAM and basic leucine zipper domain containing 1","gene with protein product"
367,T174001,27,0.0135,p7@SNX8,e:29886,h:14972,C9J271,SNX8,"sorting nexin 8","gene with protein product"
368,T086089,27,0.0135,p2@C1orf49,e:84066,h:25366,E5RIH0,TEX35,"testis expressed 35","gene with protein product"
369,T099436,27,0.0134,p2@TMEM239,e:100288797,h:40044,Q8WW34,TMEM239,"transmembrane protein 239","gene with protein product"
370,T110277,26,0.0130,p19@AFF3,e:3899,h:6473,,AFF3,"AF4/FMR2 family member 3","gene with protein product"
371,T188596,26,0.0129,p7@SUSD1,e:64420,h:25413,,SUSD1,"sushi domain containing 1","gene with protein product"
372,T185890,25,0.0125,p6@MTFR1,e:9650,h:29510,E5RJS5,MTFR1,"mitochondrial fission regulator 1","gene with protein product"
373,T080891,25,0.0125,p1@SYCP1,e:6847,h:11487,Q5VXJ5,SYCP1,"synaptonemal complex protein 1","gene with protein product"
374,T141266,25,0.0124,p4@C4orf45,e:152940,h:26342,Q96LM5,C4orf45,"chromosome 4 open reading frame 45","gene with protein product"
375,T085317,25,0.0124,p17@DCAF6,e:55827,h:30002,,DCAF6,"DDB1 and CUL4 associated factor 6","gene with protein product"
376,T077777,24,0.0120,p2@MYADM,e:91663,h:7544,C9JJV6,MYADM,"myeloid associated differentiation marker","gene with protein product"
377,T101283,24,0.0120,"p4@SPINLW1-WFDC6,p4@SPINLW1","e:100526773,e:57119","h:15932,h:38825",B7ZBA9,EPPIN,"epididymal peptidase inhibitor","gene with protein product"
378,T147785,24,0.0120,p6@CCDC112,e:153733,h:28599,Q8NEF3,CCDC112,"coiled-coil domain containing 112","gene with protein product"
379,T015425,24,0.0120,p3@MS4A14,e:84689,h:30706,"E9PRA6,E9PIL9,E9PPA2,E9PJE3,E9PRG6",MS4A14,"membrane spanning 4-domains A14","gene with protein product"
380,T130468,24,0.0120,p3@IGSF10,e:285313,h:26384,,IGSF10,"immunoglobulin superfamily member 10","gene with protein product"
381,T189536,24,0.0119,p8@ARPC5L,e:81873,h:23366,Q9BPX5,ARPC5L,"actin related protein 2/3 complex subunit 5 like","gene with protein product"
382,T093447,24,0.0119,p4@KPNA6,e:23633,h:6399,F5GYL8,KPNA6,"karyopherin subunit alpha 6","gene with protein product"
383,T154101,22,0.0110,p1@HEATR7B2,e:133558,h:26857,"E7EMM3,B3KXY2,Q4G0Z6,Q7Z745",MROH2B,"maestro heat like repeat family member 2B","gene with protein product"
384,T071371,22,0.0110,p4@REXO1,e:57455,h:24616,F5GXX0,REXO1,"RNA exonuclease 1 homolog","gene with protein product"
385,T128562,22,0.0110,p7@CHST13,e:166012,h:21755,Q3ZCR4,CHST13,"carbohydrate sulfotransferase 13","gene with protein product"
386,T124152,22,0.0110,p5@EHBP1,e:23301,h:29144,"C9IYU2,C9J268,C9K0H9",EHBP1,"EH domain binding protein 1","gene with protein product"
387,T040712,22,0.0110,p11@ANGEL1,e:23357,h:19961,,ANGEL1,"angel homolog 1","gene with protein product"
388,T005154,22,0.0109,p17@NCOA4,e:8031,h:7671,"Q13772,A8K8W5,Q96E88",NCOA4,"nuclear receptor coactivator 4","gene with protein product"
389,T109780,22,0.0109,p1@PKDREJ,e:10343,h:9015,Q9NTG1,PKDREJ,"polycystin (PKD) family receptor for egg jelly","gene with protein product"
390,T127606,22,0.0109,p7@GRAMD1C,e:54762,h:25252,C9J7B8,GRAMD1C,"GRAM domain containing 1C","gene with protein product"
391,T146038,21,0.0105,p3@GK2,e:2712,h:4291,Q14410,GK2,"glycerol kinase 2","gene with protein product"
392,T192430,21,0.0105,p3@C9orf11,e:54586,h:1359,"Q9NQ60,B7ZMK1",EQTN,equatorin,"gene with protein product"
393,T046094,21,0.0105,p1@CT62,e:196993,h:27286,P0C5K7,CT62,"cancer/testis antigen 62","gene with protein product"
394,T188290,21,0.0105,p4@ACTL7A,e:10881,h:161,Q9Y615,ACTL7A,"actin like 7A","gene with protein product"
395,T007756,21,0.0105,p5@ATAD1,e:84896,h:25903,,ATAD1,"ATPase family, AAA domain containing 1","gene with protein product"
396,T001988,21,0.0104,p1@FAM24A,e:118670,h:23470,A6NFZ4,FAM24A,"family with sequence similarity 24 member A","gene with protein product"
397,T077676,20,0.0100,p2@ZNF677,e:342926,h:28730,Q86XU0,ZNF677,"zinc finger protein 677","gene with protein product"
398,T024403,19,0.0095,p5@CCDC91,e:55297,h:24855,,CCDC91,"coiled-coil domain containing 91","gene with protein product"
399,T034765,19,0.0094,p2@ABCC4,e:10257,h:55,"Q8IVZ4,B7Z3Q7,O15439,Q59GY6",ABCC4,"ATP binding cassette subfamily C member 4","gene with protein product"
400,T016232,19,0.0094,p16@PRKCDBP,e:112464,h:9400,,PRKCDBP,"protein kinase C delta binding protein","gene with protein product"
401,T177966,19,0.0094,p1@C7orf62,e:219557,h:22402,Q8TBZ9,C7orf62,"chromosome 7 open reading frame 62","gene with protein product"
402,T147728,19,0.0094,p2@TSSK1B,e:83942,h:14968,"Q9BXA7,A0ZT98",TSSK1B,"testis specific serine kinase 1B","gene with protein product"
403,T029863,18,0.0090,p1@C12orf50,e:160419,h:26665,Q8NA57,C12orf50,"chromosome 12 open reading frame 50","gene with protein product"
404,T172886,18,0.0090,p1@GALNTL5,e:168391,h:21725,D3DX14,GALNTL5,"polypeptide N-acetylgalactosaminyltransferase-like 5","gene with protein product"
405,T094739,18,0.0090,p1@ERI3-IT1,,h:41431,,ERI3-IT1,"ERI3 intronic transcript 1","RNA, long non-coding"
406,T192836,18,0.0090,p10@RFX3,e:5991,h:9984,F6UGA0,RFX3,"regulatory factor X3","gene with protein product"
407,T121860,18,0.0090,p7@FAM150B,e:285016,h:27683,,FAM150B,"family with sequence similarity 150 member B","gene with protein product"
408,T049434,18,0.0090,p6@C16orf62,e:57020,h:24641,,C16orf62,"chromosome 16 open reading frame 62","gene with protein product"
409,T116129,18,0.0090,p2@PPP1R1C,e:151242,h:14940,,PPP1R1C,"protein phosphatase 1 regulatory inhibitor subunit 1C","gene with protein product"
410,T123542,18,0.0090,p13@PSME4,e:23198,h:20635,"F8WBH5,Q14997",PSME4,"proteasome activator subunit 4","gene with protein product"
411,T177016,18,0.0090,p3@DNAJC30,e:84277,h:16410,Q96LL9,DNAJC30,"DnaJ heat shock protein family (Hsp40) member C30","gene with protein product"
412,T044313,18,0.0090,p2@USP50,e:373509,h:20079,E9PP86,USP50,"ubiquitin specific peptidase 50","gene with protein product"
413,T193115,18,0.0090,p3@CCIN,e:881,h:1568,"Q13939,Q8WWB2,Q8WX35",CCIN,calicin,"gene with protein product"
414,T061426,18,0.0090,p6@APPBP2,e:10513,h:622,Q92624,APPBP2,"amyloid beta precursor protein binding protein 2","gene with protein product"
415,T139476,18,0.0090,p2@ADAD1,e:132612,h:30713,"C9JAT9,Q96M93",ADAD1,"adenosine deaminase domain containing 1","gene with protein product"
416,T063064,18,0.0089,p14@SLC16A5,e:9121,h:10926,B4E288,SLC16A5,"solute carrier family 16 member 5","gene with protein product"
417,T166604,18,0.0089,p1@PGK2,e:5232,h:8898,,PGK2,"phosphoglycerate kinase 2","gene with protein product"
418,T051056,18,0.0089,p5@BCL7C,e:9274,h:1006,,BCL7C,"BCL tumor suppressor 7C","gene with protein product"
419,T201637,17,0.0085,p5@DDX3Y,e:8653,h:2699,O15523,DDX3Y,"DEAD-box helicase 3, Y-linked","gene with protein product"
420,T048812,17,0.0085,p6@SNX29,e:92017,h:30542,O75768,SNX29,"sorting nexin 29","gene with protein product"
421,T142024,16,0.0080,p6@ADAM29,e:11086,h:207,,ADAM29,"ADAM metallopeptidase domain 29","gene with protein product"
422,T166605,16,0.0080,p2@PGK2,e:5232,h:8898,,PGK2,"phosphoglycerate kinase 2","gene with protein product"
423,T090336,16,0.0080,p36@WDR26,e:80232,h:21208,C9JCS7,WDR26,"WD repeat domain 26","gene with protein product"
424,T177967,16,0.0080,p2@C7orf62,e:219557,h:22402,Q8TBZ9,C7orf62,"chromosome 7 open reading frame 62","gene with protein product"
425,T199191,15,0.0075,p2@MAGEB1,e:4112,h:6808,P43366,MAGEB1,"MAGE family member B1","gene with protein product"
426,T098573,15,0.0075,p1@MACROD2-AS1,e:100379174,h:37193,,MACROD2-AS1,"MACROD2 antisense RNA 1","RNA, long non-coding"
427,T098579,15,0.0075,p1@SIRPD,e:128646,h:16248,"Q5TFQ5,Q9H106",SIRPD,"signal regulatory protein delta","gene with protein product"
428,T147096,15,0.0075,p1@PDHA2,e:5161,h:8807,P29803,PDHA2,"pyruvate dehydrogenase (lipoamide) alpha 2","gene with protein product"
429,T016249,15,0.0075,p21@ATL3,e:25923,h:24526,,ATL3,"atlastin GTPase 3","gene with protein product"
430,T191847,15,0.0075,p11@FREM1,e:158326,h:23399,,FREM1,"FRAS1 related extracellular matrix 1","gene with protein product"
431,T144656,15,0.0075,p36@PPP2R2C,e:5522,h:9306,"D6R943,Q9Y2T4",PPP2R2C,"protein phosphatase 2 regulatory subunit Bgamma","gene with protein product"
432,T023126,15,0.0075,p2@GSG1,e:83445,h:19716,F5H134,GSG1,"germ cell associated 1","gene with protein product"
433,T080152,15,0.0075,p2@C1orf194,e:127003,h:32331,"E9PLX1,Q5T5A4",C1orf194,"chromosome 1 open reading frame 194","gene with protein product"
434,T099457,14,0.0070,p3@DEFB119,e:245932,h:18099,,DEFB119,"defensin beta 119","gene with protein product"
435,T004428,13,0.0065,p2@CCNY,e:219771,h:23354,,CCNY,"cyclin Y","gene with protein product"
436,T079469,13,0.0065,p9@HNRNPM,e:4670,h:5046,,HNRNPM,"heterogeneous nuclear ribonucleoprotein M","gene with protein product"
437,T014935,13,0.0065,p1@UBQLNL,e:143630,h:28294,Q8IYU4,UBQLNL,ubiquilin-like,"gene with protein product"
438,T173432,13,0.0065,p2@PRPS1L1,e:221823,h:9463,P21108,PRPS1L1,"phosphoribosyl pyrophosphate synthetase 1-like 1","gene with protein product"
439,T076400,13,0.0065,p1@SPACA4,e:171169,h:16441,Q8TDM5,SPACA4,"sperm acrosome associated 4","gene with protein product"
440,T041183,12,0.0060,p6@ZC3H14,e:79882,h:20509,"G3V411,G3V4R5",ZC3H14,"zinc finger CCCH-type containing 14","gene with protein product"
441,T024426,12,0.0060,p4@FKBP4,e:2288,h:3720,,FKBP4,"FK506 binding protein 4","gene with protein product"
442,T034867,12,0.0060,p26@IPO5,e:3843,h:6402,O00410,IPO5,"importin 5","gene with protein product"
443,T091837,12,0.0060,p15@CEP170,e:9859,h:28920,"E5RG47,E7EWM2",CEP170,"centrosomal protein 170","gene with protein product"
444,T067650,12,0.0060,p18@MEX3C,e:51320,h:28040,Q5U5Q3,MEX3C,"mex-3 RNA binding family member C","gene with protein product"
445,T016026,12,0.0060,p3@HNRNPUL2,e:221092,h:25451,,HNRNPUL2,"heterogeneous nuclear ribonucleoprotein U like 2","gene with protein product"
446,T110684,12,0.0060,p22@ODC1,e:4953,h:8109,P11926,ODC1,"ornithine decarboxylase 1","gene with protein product"
447,T192429,12,0.0060,p2@C9orf11,e:54586,h:1359,"Q9NQ60,B7ZMK1",EQTN,equatorin,"gene with protein product"
448,T162921,12,0.0060,p1@HIST1H1T,e:3010,h:4720,P22492,HIST1H1T,"histone cluster 1 H1 family member t","gene with protein product"
449,T046204,12,0.0060,p22@PKM2,e:5315,h:9021,,PKM,"pyruvate kinase, muscle","gene with protein product"
450,T134118,12,0.0060,p23@OSBPL10,e:114884,h:16395,,OSBPL10,"oxysterol binding protein like 10","gene with protein product"
451,T048630,12,0.0060,p2@PRM3,e:58531,h:13732,Q9NNZ6,PRM3,"protamine 3","gene with protein product"
452,T008204,12,0.0060,p7@IDE,e:3416,h:5381,,IDE,"insulin degrading enzyme","gene with protein product"
453,T055282,12,0.0060,p14@USP7,e:7874,h:12630,F5H8E5,USP7,"ubiquitin specific peptidase 7","gene with protein product"
454,T060767,12,0.0060,p3@KIF2B,e:84643,h:29443,E9PD67,KIF2B,"kinesin family member 2B","gene with protein product"
455,T061959,12,0.0060,p8@CEP112,e:201134,h:28514,,CEP112,"centrosomal protein 112","gene with protein product"
456,T172149,12,0.0060,p3@C7orf34,e:135927,h:21750,Q96L11,C7orf34,"chromosome 7 open reading frame 34","gene with protein product"
457,T166449,12,0.0060,p2@TDRD6,e:221400,h:21339,"F5H5M3,O60522,B3KWU2",TDRD6,"tudor domain containing 6","gene with protein product"
458,T028129,12,0.0060,p9@GAPDH,e:2597,h:4141,E7EUT4,GAPDH,"glyceraldehyde-3-phosphate dehydrogenase","gene with protein product"
459,T147784,12,0.0060,p11@CCDC112,e:153733,h:28599,Q8NEF3,CCDC112,"coiled-coil domain containing 112","gene with protein product"
460,T080604,12,0.0060,p6@ADORA3,e:140,h:268,"E9PER0,Q5QNY7,Q6P2N6",ADORA3,"adenosine A3 receptor","gene with protein product"
461,T018690,12,0.0060,p5@CYB5R2,e:51700,h:24376,E9PRM4,CYB5R2,"cytochrome b5 reductase 2","gene with protein product"
462,T032106,12,0.0060,p1@PABPC3,e:5042,h:8556,"Q9H361,Q5VX58",PABPC3,"poly(A) binding protein cytoplasmic 3","gene with protein product"
463,T152874,12,0.0060,p5@CLK4,e:57396,h:13659,Q4G0Z5,CLK4,"CDC like kinase 4","gene with protein product"
464,T062282,12,0.0060,p1@FBXO39,e:162517,h:28565,Q8N4B4,FBXO39,"F-box protein 39","gene with protein product"
465,T192838,12,0.0060,p1@FAM205CP,,h:42673,,FAM205C,"family with sequence similarity 205 member C","gene with protein product"
466,T046652,12,0.0060,p3@ODF3L1,e:161753,h:28735,Q8IXM7,ODF3L1,"outer dense fiber of sperm tails 3 like 1","gene with protein product"
467,T118903,12,0.0060,p4@PNKD,e:25953,h:9153,Q8N490,PNKD,"paroxysmal nonkinesigenic dyskinesia","gene with protein product"
468,T021022,11,0.0055,p9@HVCN1,e:84329,h:28240,F8W0B3,HVCN1,"hydrogen voltage gated channel 1","gene with protein product"
469,T041801,11,0.0055,p7@SERPINA5,e:5104,h:8723,G3V3Y3,SERPINA5,"serpin family A member 5","gene with protein product"
470,T120096,10,0.0050,p2@C2orf57,e:165100,h:28563,Q53QW1,TEX44,"testis expressed 44","gene with protein product"
471,T081926,10,0.0050,p2@GJA8,e:2703,h:4281,,GJA8,"gap junction protein alpha 8","gene with protein product"
472,T011759,10,0.0050,p4@ZBTB44,e:29068,h:25001,,ZBTB44,"zinc finger and BTB domain containing 44","gene with protein product"
473,T062283,10,0.0050,p3@FBXO39,e:162517,h:28565,Q8N4B4,FBXO39,"F-box protein 39","gene with protein product"
474,T025323,10,0.0050,p4@AKAP3,e:10566,h:373,O75969,AKAP3,"A-kinase anchoring protein 3","gene with protein product"
475,T151288,9,0.0045,p3@PPP1R2P3,e:153743,h:16318,Q6NXS1,PPP1R2P3,"protein phosphatase 1 regulatory inhibitor subunit 2 pseudogene 3",pseudogene
476,T095511,9,0.0045,p1@HEATR8,e:374977,h:24802,"Q68CQ1,F8WC02,F5H7R4",MROH7,"maestro heat like repeat family member 7","gene with protein product"
477,T019901,9,0.0045,p1@FAM71C,e:196472,h:28594,Q8NEG0,FAM71C,"family with sequence similarity 71 member C","gene with protein product"
478,T003856,9,0.0045,p5@ARMC4,e:55130,h:25583,F5H5Q9,ARMC4,"armadillo repeat containing 4","gene with protein product"
479,T164104,9,0.0045,p3@CSNK2B,e:1460,h:2460,P67870,CSNK2B,"casein kinase 2 beta","gene with protein product"
480,T041633,9,0.0045,p4@FAM181A,e:90050,h:20491,Q8N9Y4,FAM181A,"family with sequence similarity 181 member A","gene with protein product"
481,T113886,9,0.0045,p41@BAZ2B,e:29994,h:963,,BAZ2B,"bromodomain adjacent to zinc finger domain 2B","gene with protein product"
482,T201509,9,0.0045,p12@DIAPH2,e:1730,h:2877,B3KMJ1,DIAPH2,"diaphanous related formin 2","gene with protein product"
483,T143947,9,0.0045,p1@DCAF4L1,e:285429,h:27723,Q3SXM0,DCAF4L1,"DDB1 and CUL4 associated factor 4 like 1","gene with protein product"
484,T139474,9,0.0045,p8@ADAD1,e:132612,h:30713,,ADAD1,"adenosine deaminase domain containing 1","gene with protein product"
485,T116500,9,0.0045,p4@SLC40A1,e:30061,h:10909,Q4PNE6,SLC40A1,"solute carrier family 40 member 1","gene with protein product"
486,T031153,9,0.0045,p1@LINC00343,,h:42500,,LINC00343,"long intergenic non-protein coding RNA 343","RNA, long non-coding"
487,T034887,9,0.0045,p2@RNF113B,e:140432,h:17267,Q8IZP6,RNF113B,"ring finger protein 113B","gene with protein product"
488,T126386,9,0.0045,p6@ITPRIPL1,e:150771,h:29371,F5H1L8,ITPRIPL1,"inositol 1,4,5-trisphosphate receptor interacting protein-like 1","gene with protein product"
489,T079526,9,0.0045,p2@ACTL9,e:284382,h:28494,Q8TC94,ACTL9,"actin like 9","gene with protein product"
490,T071867,9,0.0045,p2@TSSK6,e:83983,h:30410,,TSSK6,"testis specific serine kinase 6","gene with protein product"
491,T179050,9,0.0045,p7@RGS22,e:26166,h:24499,"E5RHE4,G3V112",RGS22,"regulator of G-protein signaling 22","gene with protein product"
492,T032494,9,0.0045,p11@USPL1,e:10208,h:20294,,USPL1,"ubiquitin specific peptidase like 1","gene with protein product"
493,T172150,9,0.0045,p1@C7orf34,e:135927,h:21750,Q96L11,C7orf34,"chromosome 7 open reading frame 34","gene with protein product"
494,T033214,9,0.0045,p29@TSC22D1,e:8848,h:16826,,TSC22D1,"TSC22 domain family member 1","gene with protein product"
495,T152607,9,0.0045,p24@RNF44,e:22838,h:19180,"D6RHW8,B4DYE0",RNF44,"ring finger protein 44","gene with protein product"
496,T178708,9,0.0045,p5@BRI3,e:25798,h:1109,"F5GXW6,O95415",BRI3,"brain protein I3","gene with protein product"
497,T200257,9,0.0045,p4@AKAP4,e:8852,h:374,"Q5JQC9,A6ND82",AKAP4,"A-kinase anchoring protein 4","gene with protein product"
498,T184640,7,0.0035,p1@ADAM18,e:8749,h:196,"Q9Y3Q7,Q6IRW9",ADAM18,"ADAM metallopeptidase domain 18","gene with protein product"
499,T163466,7,0.0035,p7@ZNRD1-AS1,,h:13924,,ZNRD1ASP,"zinc ribbon domain containing 1 antisense, pseudogene",pseudogene
500,T184377,7,0.0035,p2@KCNU1,e:157855,h:18867,E5RJA6,KCNU1,"potassium calcium-activated channel subfamily U member 1","gene with protein product"
501,T083361,7,0.0035,p1@MSTO1,e:55154,h:29678,,MSTO1,"misato 1, mitochondrial distribution and morphology regulator","gene with protein product"
502,T001987,6,0.0030,p4@FAM24A,e:118670,h:23470,A6NFZ4,FAM24A,"family with sequence similarity 24 member A","gene with protein product"
503,T096724,6,0.0030,p1@ASB17,e:127247,h:19769,Q8WXJ9,ASB17,"ankyrin repeat and SOCS box containing 17","gene with protein product"
504,T118907,6,0.0030,p6@PNKD,e:25953,h:9153,,PNKD,"paroxysmal nonkinesigenic dyskinesia","gene with protein product"
505,T046242,6,0.0030,p1@TMEM202,e:338949,h:33733,A6NGA9,TMEM202,"transmembrane protein 202","gene with protein product"
506,T154100,6,0.0030,p3@HEATR7B2,e:133558,h:26857,Q7Z745,MROH2B,"maestro heat like repeat family member 2B","gene with protein product"
507,T031631,6,0.0030,p1@GRTP1,e:79774,h:20310,"B9A6K2,Q5TC63",GRTP1,"growth hormone regulated TBC protein 1","gene with protein product"
508,T142113,6,0.0030,p2@SPATA4,e:132851,h:17333,Q8NEY3,SPATA4,"spermatogenesis associated 4","gene with protein product"
509,T082711,6,0.0030,p2@LELP1,e:149018,h:32046,,LELP1,"late cornified envelope like proline rich 1","gene with protein product"
510,T101284,6,0.0030,"p5@SPINLW1-WFDC6,p5@SPINLW1","e:100526773,e:57119","h:15932,h:38825",B7ZBA9,EPPIN,"epididymal peptidase inhibitor","gene with protein product"
511,T128559,6,0.0030,p10@CHST13,e:166012,h:21755,Q3ZCR4,CHST13,"carbohydrate sulfotransferase 13","gene with protein product"
512,T187706,6,0.0030,p11@HEMGN,e:55363,h:17509,Q9BXL5,HEMGN,hemogen,"gene with protein product"
513,T144801,6,0.0030,p13@MFSD7,e:84179,h:26177,,MFSD7,"major facilitator superfamily domain containing 7","gene with protein product"
514,T166603,6,0.0030,p3@PGK2,e:5232,h:8898,,PGK2,"phosphoglycerate kinase 2","gene with protein product"
515,T152618,6,0.0030,p4@CDHR2,e:54825,h:18231,,CDHR2,"cadherin related family member 2","gene with protein product"
516,T188288,6,0.0030,p2@ACTL7A,e:10881,h:161,Q9Y615,ACTL7A,"actin like 7A","gene with protein product"
517,T156838,6,0.0030,p1@SPATA9,e:83890,h:22988,Q9BWV2,SPATA9,"spermatogenesis associated 9","gene with protein product"
518,T127835,6,0.0030,p3@C3orf30,e:152405,h:26553,,C3orf30,"chromosome 3 open reading frame 30","gene with protein product"
519,T152842,6,0.0030,p1@GMCL1P1,e:64396,h:19717,Q2VIQ8,GMCL1P1,"germ cell-less, spermatogenesis associated 1 pseudogene 1",pseudogene
520,T127116,6,0.0030,p1@CCDC54,e:84692,h:30703,Q8NEL0,CCDC54,"coiled-coil domain containing 54","gene with protein product"
521,T123147,6,0.0030,p33@PRKCE,e:5581,h:9401,,PRKCE,"protein kinase C epsilon","gene with protein product"
522,T184316,6,0.0030,p4@FUT10,e:84750,h:19234,,FUT10,"fucosyltransferase 10","gene with protein product"
523,T108564,6,0.0030,p16@ELFN2,e:114794,h:29396,,ELFN2,"extracellular leucine rich repeat and fibronectin type III domain containing 2","gene with protein product"
524,T121858,6,0.0030,p17@FAM150B,e:285016,h:27683,B5MC33,FAM150B,"family with sequence similarity 150 member B","gene with protein product"
525,T194084,6,0.0030,p2@C9orf41,e:138199,h:23435,"Q5T8U9,Q8N4J0",CARNMT1,"carnosine N-methyltransferase 1","gene with protein product"
526,T139644,6,0.0030,p10@LARP1B,e:55132,h:24704,,LARP1B,"La ribonucleoprotein domain family member 1B","gene with protein product"
527,T152727,6,0.0030,p2@PFN3,e:345456,h:18627,P60673,PFN3,"profilin 3","gene with protein product"
528,T031608,6,0.0030,p9@PCID2,e:55795,h:25653,,PCID2,"PCI domain containing 2","gene with protein product"
529,T060530,6,0.0030,p4@MYCBPAP,e:84073,h:19677,Q8TBZ2,MYCBPAP,"MYCBP associated protein","gene with protein product"
530,T016648,6,0.0030,p12@EHD1,e:10938,h:3242,"Q9H4M9,C9JC03",EHD1,"EH domain containing 1","gene with protein product"
531,T012474,6,0.0030,p2@LDHC,e:3948,h:6544,"F5GWS6,F5H326",LDHC,"lactate dehydrogenase C","gene with protein product"
532,T042671,6,0.0030,p17@SCG5,e:6447,h:10816,,SCG5,"secretogranin V","gene with protein product"
533,T047003,6,0.0030,p5@ZFAND6,e:54469,h:30164,,ZFAND6,"zinc finger AN1-type containing 6","gene with protein product"
534,T019750,6,0.0030,p6@SESN3,e:143686,h:23060,F5H1K7,SESN3,"sestrin 3","gene with protein product"
535,T162860,6,0.0030,p1@HIST1H2BA,e:255626,h:18730,Q96A08,HIST1H2BA,"histone cluster 1 H2B family member a","gene with protein product"
536,T137504,6,0.0030,p10@ROBO2,e:6092,h:10250,Q9HCK4,ROBO2,"roundabout guidance receptor 2","gene with protein product"
537,T116128,6,0.0030,p5@PPP1R1C,e:151242,h:14940,,PPP1R1C,"protein phosphatase 1 regulatory inhibitor subunit 1C","gene with protein product"
538,T080501,6,0.0030,p3@TTLL10,e:254173,h:26693,Q6ZVT0,TTLL10,"tubulin tyrosine ligase like 10","gene with protein product"
539,T140414,6,0.0030,p24@NR3C2,e:4306,h:7979,,NR3C2,"nuclear receptor subfamily 3 group C member 2","gene with protein product"
540,T155655,6,0.0030,p3@NSA2,e:10412,h:30728,O95478,NSA2,"NSA2, ribosome biogenesis homolog","gene with protein product"
541,T041006,6,0.0030,p3@STON2,e:85439,h:30652,"G3V2T7,Q59H11",STON2,"stonin 2","gene with protein product"
542,T088285,6,0.0030,p22@PRKCZ,e:5590,h:9412,D6RGG1,PRKCZ,"protein kinase C zeta","gene with protein product"
543,T050803,6,0.0030,p15@MAPK3,e:5595,h:6877,,MAPK3,"mitogen-activated protein kinase 3","gene with protein product"
544,T043509,6,0.0030,p1@FAM92A1P1,,h:32278,,FAM92A1P1,"family with sequence similarity 92 member A1 pseudogene 1",pseudogene
545,T051880,6,0.0030,p3@BRD7,e:29117,h:14310,Q9NPI1,BRD7,"bromodomain containing 7","gene with protein product"
546,T090668,6,0.0030,p1@HIST3H3,e:8290,h:4778,Q16695,HIST3H3,"histone cluster 3 H3","gene with protein product"
547,T119984,6,0.0030,p1@SPATA3,e:130560,h:17884,Q8NHX4,SPATA3,"spermatogenesis associated 3","gene with protein product"
548,T192769,6,0.0030,p10@C9orf24,e:84688,h:19919,Q8NCR6,C9orf24,"chromosome 9 open reading frame 24","gene with protein product"
549,T200256,6,0.0030,p3@AKAP4,e:8852,h:374,"Q5JQC9,A6ND82",AKAP4,"A-kinase anchoring protein 4","gene with protein product"
550,T079527,6,0.0030,p1@ACTL9,e:284382,h:28494,Q8TC94,ACTL9,"actin like 9","gene with protein product"
551,T034793,6,0.0030,p6@DZIP1,e:22873,h:20908,,DZIP1,"DAZ interacting zinc finger protein 1","gene with protein product"
552,T033303,6,0.0030,p6@SPERT,e:220082,h:30720,Q8NA61,SPERT,"spermatid associated","gene with protein product"
553,T155730,6,0.0030,p2@POC5,e:134359,h:26658,Q8NA72,POC5,"POC5 centriolar protein","gene with protein product"
554,T134024,6,0.0030,p20@CNTN4,e:152330,h:2174,"B2RAX3,Q8IWV2",CNTN4,"contactin 4","gene with protein product"
555,T186867,6,0.0030,p8@CA2,e:760,h:1373,P00918,CA2,"carbonic anhydrase 2","gene with protein product"
556,T051814,6,0.0030,p3@C16orf78,e:123970,h:28479,Q8WTQ4,C16orf78,"chromosome 16 open reading frame 78","gene with protein product"
557,T031102,6,0.0030,p1@CCDC168,e:643677,h:26851,,CCDC168,"coiled-coil domain containing 168","gene with protein product"
558,T188211,6,0.0030,p13@ZNF462,e:58499,h:21684,,ZNF462,"zinc finger protein 462","gene with protein product"
559,T094794,6,0.0030,p7@KIF2C,e:11004,h:6393,,KIF2C,"kinesin family member 2C","gene with protein product"
560,T016247,6,0.0030,p17@ATL3,e:25923,h:24526,F5GWF8,ATL3,"atlastin GTPase 3","gene with protein product"
561,T166406,6,0.0030,p4@ENPP5,e:59084,h:13717,Q9UJA9,ENPP5,"ectonucleotide pyrophosphatase/phosphodiesterase 5 (putative)","gene with protein product"
562,T199188,6,0.0030,p3@MAGEB4,e:4115,h:6811,O15481,MAGEB4,"MAGE family member B4","gene with protein product"
563,T056533,6,0.0030,p5@KRT18P55,e:284085,h:26874,,KRT18P55,"keratin 18 pseudogene 55",pseudogene
564,T145044,6,0.0030,p1@CABS1,e:85438,h:30710,Q96KC9,CABS1,"calcium binding protein, spermatid associated 1","gene with protein product"
565,T038312,6,0.0030,p12@LRR1,e:122769,h:19742,G3V5H2,LRR1,"leucine rich repeat protein 1","gene with protein product"
566,T129719,6,0.0030,p44@ZBTB38,e:253461,h:26636,D6R9I1,ZBTB38,"zinc finger and BTB domain containing 38","gene with protein product"
567,T028654,6,0.0030,p8@RAB3IP,e:117177,h:16508,,RAB3IP,"RAB3A interacting protein","gene with protein product"
568,T000031,6,0.0030,p6@CNNM1,e:26507,h:102,,CNNM1,"cyclin and CBS domain divalent metal cation transport mediator 1","gene with protein product"
569,T188008,6,0.0030,p2@PPP3R2,e:5535,h:9318,Q96LZ3,PPP3R2,"protein phosphatase 3 regulatory subunit B, beta","gene with protein product"
570,T071370,4,0.0020,p6@REXO1,e:57455,h:24616,F5GXX0,REXO1,"RNA exonuclease 1 homolog","gene with protein product"
571,T037863,4,0.0020,p6@PSMA6,e:5687,h:9535,B4DXJ9,PSMA6,"proteasome subunit alpha 6","gene with protein product"
572,T046203,4,0.0020,p23@PKM2,e:5315,h:9021,,PKM,"pyruvate kinase, muscle","gene with protein product"
573,T095117,4,0.0020,p9@SPATA6,e:54558,h:18309,B1AN51,SPATA6,"spermatogenesis associated 6","gene with protein product"
574,T020980,4,0.0020,p3@C12orf24,e:29902,h:30180,F8VXY8,FAM216A,"family with sequence similarity 216 member A","gene with protein product"
575,T129417,3,0.0015,p18@FBLN2,e:2199,h:3601,C9JQS6,FBLN2,"fibulin 2","gene with protein product"
576,T079525,3,0.0015,p3@ACTL9,e:284382,h:28494,Q8TC94,ACTL9,"actin like 9","gene with protein product"
577,T127117,3,0.0015,p2@CCDC54,e:84692,h:30703,Q8NEL0,CCDC54,"coiled-coil domain containing 54","gene with protein product"
578,T162867,3,0.0015,p1@HIST1H2APS1,e:387319,h:18720,,HIST1H2APS1,"histone cluster 1 H2A pseudogene 1",pseudogene
579,T041667,3,0.0015,p2@LINC00521,,h:19860,,LINC00521,"long intergenic non-protein coding RNA 521","RNA, long non-coding"
580,T150512,3,0.0015,p3@PDE6A,e:5145,h:8785,,PDE6A,"phosphodiesterase 6A","gene with protein product"
581,T072169,3,0.0015,p3@AMH,e:268,h:464,P03971,AMH,"anti-Mullerian hormone","gene with protein product"
582,T019303,3,0.0015,p6@TRIM66,e:9866,h:29005,,TRIM66,"tripartite motif containing 66","gene with protein product"
583,T075773,3,0.0015,p1@SYMPK,e:8189,h:22935,,SYMPK,symplekin,"gene with protein product"
584,T162641,3,0.0015,p1@HDGFL1,e:154150,h:21095,,HDGFL1,"hepatoma derived growth factor-like 1","gene with protein product"
585,T084902,3,0.0015,p4@C1orf111,e:284680,h:27648,,SPATA46,"spermatogenesis associated 46","gene with protein product"
586,T038230,3,0.0015,p1@FSCB,e:84075,h:20494,Q5H9T9,FSCB,"fibrous sheath CABYR binding protein","gene with protein product"
587,T068602,3,0.0015,p5@ARHGAP28,e:79822,h:25509,"Q9P2N2,E9PMX7",ARHGAP28,"Rho GTPase activating protein 28","gene with protein product"
588,T127227,3,0.0015,p4@MORC1,e:27136,h:7198,E7ERX1,MORC1,"MORC family CW-type zinc finger 1","gene with protein product"
589,T185930,3,0.0015,p3@DNAJC5B,e:85479,h:24138,Q9UF47,DNAJC5B,"DnaJ heat shock protein family (Hsp40) member C5 beta","gene with protein product"
590,T121097,3,0.0015,p7@PPP1R7,e:5510,h:9295,,PPP1R7,"protein phosphatase 1 regulatory subunit 7","gene with protein product"
591,T194285,3,0.0015,p3@DMRT1,e:1761,h:2934,"Q9Y5R6,F5GW87,Q6T1H9",DMRT1,"doublesex and mab-3 related transcription factor 1","gene with protein product"
592,T127834,3,0.0015,p1@C3orf30,e:152405,h:26553,,C3orf30,"chromosome 3 open reading frame 30","gene with protein product"
593,T042499,3,0.0015,p10@APBA2,e:321,h:579,,APBA2,"amyloid beta precursor protein binding family A member 2","gene with protein product"
594,T187705,3,0.0015,p4@HEMGN,e:55363,h:17509,Q9BXL5,HEMGN,hemogen,"gene with protein product"
595,T019115,3,0.0015,p57@DLG2,e:1740,h:2901,A8MUT9,DLG2,"discs large MAGUK scaffold protein 2","gene with protein product"
596,T012166,3,0.0015,p27@SOX6,e:55553,h:16421,P35712,SOX6,"SRY-box 6","gene with protein product"
597,T042811,3,0.0015,p1@TMCO5B,,h:34243,,TMCO5B,"transmembrane and coiled-coil domains 5B (pseudogene)",pseudogene
598,T137438,3,0.0015,p1@CCDC75P1,,h:42659,,CCDC75P1,"coiled-coil domain containing 75 pseudogene 1",pseudogene
599,T181803,3,0.0015,p5@KHDRBS3,e:10656,h:18117,E5RJZ9,KHDRBS3,"KH RNA binding domain containing, signal transduction associated 3","gene with protein product"
600,T050394,3,0.0015,p6@SULT1A1,e:6817,h:11453,,SULT1A1,"sulfotransferase family 1A member 1","gene with protein product"
601,T107773,3,0.0015,p1@MORC2,e:22880,h:23573,Q9Y6X9,MORC2,"MORC family CW-type zinc finger 2","gene with protein product"
602,T184320,3,0.0015,p7@FUT10,e:84750,h:19234,,FUT10,"fucosyltransferase 10","gene with protein product"
603,T093446,3,0.0015,p8@KPNA6,e:23633,h:6399,,KPNA6,"karyopherin subunit alpha 6","gene with protein product"
604,T031104,3,0.0015,p1@C13orf27,e:93081,h:25188,"Q5JUR8,Q5JUR7",TEX30,"testis expressed 30","gene with protein product"
605,T169299,3,0.0015,p2@SYPL1,e:6856,h:11507,Q16563,SYPL1,"synaptophysin like 1","gene with protein product"
606,T129637,3,0.0015,p1@TRIM42,e:287015,h:19014,Q8IWZ5,TRIM42,"tripartite motif containing 42","gene with protein product"
607,T082709,3,0.0015,p1@LELP1,e:149018,h:32046,Q5T871,LELP1,"late cornified envelope like proline rich 1","gene with protein product"
608,T073770,3,0.0015,p3@SPINT2,e:10653,h:11247,O43291,SPINT2,"serine peptidase inhibitor, Kunitz type 2","gene with protein product"
609,T005789,3,0.0015,p11@RTKN2,e:219790,h:19364,,RTKN2,"rhotekin 2","gene with protein product"
610,T166405,3,0.0015,p5@ENPP5,e:59084,h:13717,Q9UJA9,ENPP5,"ectonucleotide pyrophosphatase/phosphodiesterase 5 (putative)","gene with protein product"
611,T029862,3,0.0015,p2@C12orf50,e:160419,h:26665,G3V208,C12orf50,"chromosome 12 open reading frame 50","gene with protein product"
612,T074722,3,0.0015,p3@LYPD4,e:147719,h:28659,Q6UWN0,LYPD4,"LY6/PLAUR domain containing 4","gene with protein product"
613,T195812,3,0.0015,p1@ARL13A,e:392509,h:31709,"Q5H913,B2RTT6",ARL13A,"ADP ribosylation factor like GTPase 13A","gene with protein product"
614,T031013,3,0.0015,p1@LINC00411,,h:42744,,LINC00411,"long intergenic non-protein coding RNA 411","RNA, long non-coding"
615,T015440,3,0.0015,p1@LINC00301,e:283197,h:28603,,LINC00301,"long intergenic non-protein coding RNA 301","RNA, long non-coding"
616,T035742,3,0.0015,p6@ADSSL1,e:122622,h:20093,,ADSSL1,"adenylosuccinate synthase like 1","gene with protein product"
617,T062759,3,0.0015,p3@YBX2,e:51087,h:17948,Q9Y2T7,YBX2,"Y-box binding protein 2","gene with protein product"
618,T085523,3,0.0015,p51@PRRX1,e:5396,h:9142,,PRRX1,"paired related homeobox 1","gene with protein product"
619,T156823,3,0.0015,p1@FAM81B,e:153643,h:26335,,FAM81B,"family with sequence similarity 81 member B","gene with protein product"
620,T107777,3,0.0015,p2@TUG1,e:55000,h:26066,,TUG1,"taurine up-regulated 1 (non-protein coding)","RNA, long non-coding"
621,T048629,3,0.0015,p1@PRM3,e:58531,h:13732,Q9NNZ6,PRM3,"protamine 3","gene with protein product"
622,T176101,3,0.0015,p1@CDC14C,e:168448,h:22427,A4D255,CDC14C,"cell division cycle 14C, pseudogene",pseudogene
623,T118985,3,0.0015,p3@ZNF142,e:7701,h:12927,C9J055,ZNF142,"zinc finger protein 142","gene with protein product"
624,T133633,3,0.0015,p2@FYTTD1,e:84248,h:25407,,FYTTD1,"forty-two-three domain containing 1","gene with protein product"
625,T060531,3,0.0015,p6@MYCBPAP,e:84073,h:19677,Q8TBZ2,MYCBPAP,"MYCBP associated protein","gene with protein product"
626,T198074,3,0.0015,p1@FATE1,e:89885,h:24683,Q969F0,FATE1,"fetal and adult testis expressed 1","gene with protein product"
627,T013390,3,0.0015,p2@NAP1L4,e:4676,h:7640,C9J6D1,NAP1L4,"nucleosome assembly protein 1 like 4","gene with protein product"
628,T076983,3,0.0015,p4@VRK3,e:51231,h:18996,"Q8IV63,A6NEG5",VRK3,"vaccinia related kinase 3","gene with protein product"
629,T083608,3,0.0015,p7@C1orf61,e:10485,h:30780,,C1orf61,"chromosome 1 open reading frame 61","gene with protein product"
630,T165660,3,0.0015,p3@C6orf201,e:404220,h:21620,E9PC17,C6orf201,"chromosome 6 open reading frame 201","gene with protein product"
631,T016164,3,0.0015,p2@HRASLS5,e:117245,h:24978,"Q96KN8,F5GZ87,F5H4Y9",HRASLS5,"HRAS like suppressor family member 5","gene with protein product"
632,T017046,3,0.0015,p3@OVOL1,e:5017,h:8525,Q86XL8,OVOL1,"ovo like transcriptional repressor 1","gene with protein product"
633,T186866,3,0.0015,p6@CA2,e:760,h:1373,P00918,CA2,"carbonic anhydrase 2","gene with protein product"
634,T077844,3,0.0015,p1@ZNRF4,e:148066,h:17726,Q8WWF5,ZNRF4,"zinc and ring finger 4","gene with protein product"
635,T028132,3,0.0015,p20@GAPDH,e:2597,h:4141,E7EUT4,GAPDH,"glyceraldehyde-3-phosphate dehydrogenase","gene with protein product"
636,T197652,3,0.0015,p11@MCF2,e:4168,h:6940,,MCF2,"MCF.2 cell line derived transforming sequence","gene with protein product"
637,T015627,3,0.0015,p3@PPP1R32,e:220004,h:28869,Q7Z5V6,PPP1R32,"protein phosphatase 1 regulatory subunit 32","gene with protein product"
638,T004867,3,0.0015,p4@MARCH8,e:220972,h:23356,"Q5T0T0,Q5JQ16",MARCH8,"membrane associated ring-CH-type finger 8","gene with protein product"
639,T023712,3,0.0015,p1@PLCZ1,e:89869,h:19218,"F5H474,F5GYE4,F5H2D7,F5GZK3,F5H828",PLCZ1,"phospholipase C zeta 1","gene with protein product"
640,T051815,3,0.0015,p2@C16orf78,e:123970,h:28479,Q8WTQ4,C16orf78,"chromosome 16 open reading frame 78","gene with protein product"
641,T073086,3,0.0015,p1@FAM187B,e:148109,h:26366,Q17R55,FAM187B,"family with sequence similarity 187 member B","gene with protein product"
642,T092561,3,0.0015,p3@TMEM57,e:55219,h:25572,Q8N5G2,TMEM57,"transmembrane protein 57","gene with protein product"
643,T025322,3,0.0015,p2@AKAP3,e:10566,h:373,F5H2S4,AKAP3,"A-kinase anchoring protein 3","gene with protein product"
644,T099688,3,0.0015,p20@C20orf112,"e:100506597,e:140688",h:16106,"E9PEE5,Q5JYC0",NOL4L,"nucleolar protein 4 like","gene with protein product"
645,T057391,3,0.0015,p3@LYZL6,e:57151,h:29614,O75951,LYZL6,"lysozyme like 6","gene with protein product"
646,T078860,3,0.0015,p1@SLC25A41,e:284427,h:28533,Q8N5S1,SLC25A41,"solute carrier family 25 member 41","gene with protein product"
647,T134174,3,0.0015,p16@CNOT10,e:25904,h:23817,F8WAF2,CNOT10,"CCR4-NOT transcription complex subunit 10","gene with protein product"
648,T105448,3,0.0015,p5@ZNF295-AS1,e:150142,h:23130,,ZNF295-AS1,"ZNF295 antisense RNA 1","RNA, long non-coding"
649,T012479,3,0.0015,p2@LDHAL6A,e:160287,h:28335,Q6ZMR3,LDHAL6A,"lactate dehydrogenase A like 6A","gene with protein product"
650,T042810,3,0.0015,p4@TMCO5B,,h:34243,,TMCO5B,"transmembrane and coiled-coil domains 5B (pseudogene)",pseudogene
651,T034875,3,0.0015,p7@IPO5,e:3843,h:6402,,IPO5,"importin 5","gene with protein product"
652,T036401,3,0.0015,p5@TPPP2,e:122664,h:19293,,TPPP2,"tubulin polymerization promoting protein family member 2","gene with protein product"
653,T039710,3,0.0015,p1@LINC00238,,h:20100,,LINC00238,"long intergenic non-protein coding RNA 238","RNA, long non-coding"
654,T193537,3,0.0015,p2@TPD52L3,e:89882,h:23382,Q96J77,TPD52L3,"tumor protein D52 like 3","gene with protein product"
655,T150800,3,0.0015,p5@ZNF300,e:91975,h:13091,Q96RE9,ZNF300,"zinc finger protein 300","gene with protein product"
656,T196392,3,0.0015,p3@RGAG1,e:57529,h:29245,E5RKA1,RGAG1,"retrotransposon gag domain containing 1","gene with protein product"
657,T129718,3,0.0015,p91@ZBTB38,e:253461,h:26636,Q8NAP3,ZBTB38,"zinc finger and BTB domain containing 38","gene with protein product"
658,T109246,3,0.0015,p10@XRCC6,e:2547,h:4055,P12956,XRCC6,"X-ray repair cross complementing 6","gene with protein product"
659,T170531,3,0.0015,p1@FSCN3,e:29999,h:3961,F8WDZ8,FSCN3,"fascin actin-bundling protein 3","gene with protein product"
660,T123142,3,0.0015,p32@PRKCE,e:5581,h:9401,,PRKCE,"protein kinase C epsilon","gene with protein product"
661,T138643,3,0.0015,p4@GSTCD,e:79807,h:25806,"Q8NEC7,D6RCC4",GSTCD,"glutathione S-transferase C-terminal domain containing","gene with protein product"
662,T098964,3,0.0015,p9@PLK1S1,,h:15865,,KIZ,"kizuna centrosomal protein","gene with protein product"
663,T100502,3,0.0015,p9@CTNNBL1,e:56259,h:15879,,CTNNBL1,"catenin beta like 1","gene with protein product"
664,T033656,3,0.0015,p8@PHF11,e:51131,h:17024,"Q9UIL8,C9JQV2",PHF11,"PHD finger protein 11","gene with protein product"
665,T109057,3,0.0015,p4@ENTHD1,e:150350,h:26352,Q8IYW4,ENTHD1,"ENTH domain containing 1","gene with protein product"
666,T156961,3,0.0015,p41@CAST,e:831,h:1515,"E7EQA0,A8K8C4",CAST,calpastatin,"gene with protein product"
667,T174046,3,0.0015,p5@STK31,e:56164,h:11407,B4DZ06,STK31,"serine/threonine kinase 31","gene with protein product"
668,T045941,3,0.0015,p3@LINC00277,,h:26596,,EWSAT1,"Ewing sarcoma associated transcript 1","RNA, long non-coding"
669,T045180,3,0.0015,p15@RORA,e:6095,h:10258,,RORA,"RAR related orphan receptor A","gene with protein product"
670,T046804,3,0.0015,p4@SH2D7,e:646892,h:34549,B8ZZB5,SH2D7,"SH2 domain containing 7","gene with protein product"
671,T103135,3,0.0015,p8@LSM14B,e:149986,h:15887,,LSM14B,"LSM family member 14B","gene with protein product"
672,T162866,3,0.0015,p2@HIST1H2APS1,e:387319,h:18720,,HIST1H2APS1,"histone cluster 1 H2A pseudogene 1",pseudogene
673,T151394,3,0.0015,p1@SOX30,e:11063,h:30635,,SOX30,"SRY-box 30","gene with protein product"
674,T165021,3,0.0015,p9@TCP11,e:6954,h:11658,Q8WWU5,TCP11,"t-complex 11","gene with protein product"
675,T074717,3,0.0015,p6@LYPD4,e:147719,h:28659,"A8K8E0,Q6UWN0",LYPD4,"LY6/PLAUR domain containing 4","gene with protein product"
676,T176190,3,0.0015,p2@RBAK,"e:100533952,e:57786,e:389458",h:17680,,RBAK,"RB associated KRAB zinc finger","gene with protein product"
677,T150993,3,0.0015,p1@SLC36A3,e:285641,h:19659,Q495N2,SLC36A3,"solute carrier family 36 member 3","gene with protein product"
678,T081308,3,0.0015,p1@ADAM30,e:11085,h:208,"Q8TBZ7,Q9UKF2",ADAM30,"ADAM metallopeptidase domain 30","gene with protein product"
679,T201304,3,0.0015,p1@TBX22,e:50945,h:11600,"Q9Y458,B3KUL8,Q5JZ06",TBX22,"T-box 22","gene with protein product"
680,T038786,3,0.0015,p12@SAMD4A,e:23034,h:23023,,SAMD4A,"sterile alpha motif domain containing 4A","gene with protein product"
681,T179332,3,0.0015,p1@ODF1,e:4956,h:8113,Q14990,ODF1,"outer dense fiber of sperm tails 1","gene with protein product"
682,T094957,3,0.0015,p17@TSPAN1,e:10103,h:20657,,TSPAN1,"tetraspanin 1","gene with protein product"
683,T145043,3,0.0015,p2@CABS1,e:85438,h:30710,Q96KC9,CABS1,"calcium binding protein, spermatid associated 1","gene with protein product"
684,T022336,3,0.0015,p2@CCDC62,e:84660,h:30723,F5H0F1,CCDC62,"coiled-coil domain containing 62","gene with protein product"
685,T128564,3,0.0015,p2@C3orf22,e:152065,h:28534,Q8N5N4,C3orf22,"chromosome 3 open reading frame 22","gene with protein product"
686,T196975,3,0.0015,p1@DCAF12L2,e:340578,h:32950,Q5VW00,DCAF12L2,"DDB1 and CUL4 associated factor 12 like 2","gene with protein product"
687,T108648,3,0.0015,p5@NOL12,e:79159,h:28585,,NOL12,"nucleolar protein 12","gene with protein product"
688,T156202,3,0.0015,p4@ZCCHC9,e:84240,h:25424,,ZCCHC9,"zinc finger CCHC-type containing 9","gene with protein product"
689,T063078,3,0.0015,p4@HN1,e:51155,h:14569,,HN1,"hematological and neurological expressed 1","gene with protein product"
690,T070776,3,0.0015,p6@PCSK4,e:54760,h:8746,,PCSK4,"proprotein convertase subtilisin/kexin type 4","gene with protein product"
691,T040714,3,0.0015,p16@ANGEL1,e:23357,h:19961,,ANGEL1,"angel homolog 1","gene with protein product"
692,T038269,3,0.0015,p1@RPL10L,e:140801,h:17976,Q96L21,RPL10L,"ribosomal protein L10 like","gene with protein product"
693,T076862,3,0.0015,p2@TSKS,e:60385,h:30719,Q9UJT2,TSKS,"testis specific serine kinase substrate","gene with protein product"
694,T015441,3,0.0015,p3@LINC00301,e:283197,h:28603,,LINC00301,"long intergenic non-protein coding RNA 301","RNA, long non-coding"
695,T022334,3,0.0015,p3@CCDC62,e:84660,h:30723,F5H0F1,CCDC62,"coiled-coil domain containing 62","gene with protein product"
696,T065516,3,0.0015,p3@MFSD6L,e:162387,h:26656,Q8IWD5,MFSD6L,"major facilitator superfamily domain containing 6 like","gene with protein product"
697,T004424,3,0.0015,p5@CCNY,e:219771,h:23354,Q8ND76,CCNY,"cyclin Y","gene with protein product"
698,T128563,3,0.0015,p5@CHST13,e:166012,h:21755,"Q3ZCU8,Q3ZCR4",CHST13,"carbohydrate sulfotransferase 13","gene with protein product"
699,T016165,3,0.0015,p3@HRASLS5,e:117245,h:24978,"B4DY88,Q8NE88,B7X6T1,Q96KN8",HRASLS5,"HRAS like suppressor family member 5","gene with protein product"
700,T146037,3,0.0015,p4@GK2,e:2712,h:4291,Q14410,GK2,"glycerol kinase 2","gene with protein product"
701,T170530,3,0.0015,p4@FSCN3,e:29999,h:3961,B4DU68,FSCN3,"fascin actin-bundling protein 3","gene with protein product"
702,T058597,3,0.0015,p1@KLHL10,e:317719,h:18829,C9JHB3,KLHL10,"kelch like family member 10","gene with protein product"
703,T165320,3,0.0015,p6@C6orf89,e:221477,h:21114,Q5TDC5,C6orf89,"chromosome 6 open reading frame 89","gene with protein product"
704,T015439,3,0.0015,p4@LINC00301,,h:28603,,LINC00301,"long intergenic non-protein coding RNA 301","RNA, long non-coding"
705,T088464,3,0.0015,p4@LEMD1,e:93273,h:18725,Q68G75,LEMD1,"LEM domain containing 1","gene with protein product"
706,T019583,3,0.0015,p3@CCDC67,e:159989,h:26344,E9PKG9,DEUP1,"deuterosome assembly protein 1","gene with protein product"
707,T042114,3,0.0015,p3@CERS3,e:204219,h:23752,,CERS3,"ceramide synthase 3","gene with protein product"
708,T109058,3,0.0015,p1@ENTHD1,e:150350,h:26352,Q8IYW4,ENTHD1,"ENTH domain containing 1","gene with protein product"
709,T088784,3,0.0015,p9@PFKFB2,e:5208,h:8873,,PFKFB2,"6-phosphofructo-2-kinase/fructose-2,6-biphosphatase 2","gene with protein product"
710,T156822,3,0.0015,p4@FAM81B,e:153643,h:26335,Q96LP2,FAM81B,"family with sequence similarity 81 member B","gene with protein product"
711,T101277,3,0.0015,p1@WFDC6,e:140870,h:16164,Q9BQY6,WFDC6,"WAP four-disulfide core domain 6","gene with protein product"
712,T109151,3,0.0015,p4@XPNPEP3,e:63929,h:28052,,XPNPEP3,"X-prolyl aminopeptidase 3","gene with protein product"
